day,page,wcb_raw,planned_u,called_u,reached_u,purchases_u,call_rate_pct,reach_rate_pct,conv_planned_pct,conv_reached_pct
2026-01-02,shop,133,106,98,81,28,92.5,82.7,26.4,34.6
2026-01-02,unknown,8,4,4,3,3,100.0,75.0,75.0,100.0
2026-01-02,product/pack-permis-complet,27,23,21,20,5,91.3,95.2,21.7,25.0
2026-01-02,product/pack-permis-complet-sans-code,36,30,28,18,6,93.3,64.3,20.0,33.3
2026-01-02,product/pack-permis-complet-sans-code-lead,31,22,22,17,7,100.0,77.3,31.8,41.2
2026-01-02,product/pack-permis-complet-revolut,0,0,0,0,0,0,0,0,0
2026-01-02,product/pack-permis-complet-boite-automatique,13,13,11,10,3,84.6,90.9,23.1,30.0
2026-01-02,emailcrm,4,4,4,3,0,100.0,75.0,0.0,0.0
2026-01-02,product/pack-permis-complet-boite-automatique-sans-code,10,8,6,5,4,75.0,83.3,50.0,80.0
2026-01-02,product/pack-permis-complet-boite-automatique-sans-code-lead,14,14,14,12,3,100.0,85.7,21.4,25.0
2026-01-02,product/pack-5h,6,6,6,4,1,100.0,66.7,16.7,25.0
2026-01-02,product/pack-10h,7,6,5,3,0,83.3,60.0,0.0,0.0
2026-01-02,product/conduite-accompagnee-first,4,4,4,2,2,100.0,50.0,50.0,100.0
2026-01-02,product/pack-20h,0,0,0,0,0,0,0,0,0
2026-01-02,product/pack-permis-complet-boite-automatique-revolut,0,0,0,0,0,0,0,0,0
2026-01-02,emailcrmheader,0,0,0,0,0,0,0,0,0
2026-01-02,product/pack-5h-boite-automatique,5,5,5,3,2,100.0,60.0,40.0,66.7
2026-01-02,product/pack-10h-boite-automatique,2,2,2,2,0,100.0,100.0,0.0,0.0
2026-01-02,checkout/pack-permis-complet,2,2,2,1,1,100.0,50.0,50.0,100.0
2026-01-02,product/conduite-accompagnee-boite-automatique-first,2,2,1,1,1,50.0,100.0,50.0,100.0
2026-01-02,checkout/pack-permis-complet-sans-code,2,2,2,0,0,100.0,0.0,0.0,0
2026-01-02,infocards,0,0,0,0,0,0,0,0,0
2026-01-02,checkout/pack-permis-complet-sans-code-lead,2,2,2,2,1,100.0,100.0,50.0,50.0
2026-01-02,checkout/pack-permis-complet-boite-automatique,1,1,1,1,1,100.0,100.0,100.0,100.0
2026-01-02,checkout/pack-permis-complet-revolut,0,0,0,0,0,0,0,0,0
2026-01-02,checkout/pack-permis-complet-boite-automatique-sans-code-lead,1,1,1,1,0,100.0,100.0,0.0,0.0
2026-01-02,checkout/pack-5h,2,2,1,1,0,50.0,100.0,0.0,0.0
2026-01-02,checkout/conduite-accompagnee-first,1,1,0,0,0,0.0,0,0.0,0
2026-01-02,checkout/pack-permis-complet-boite-automatique-sans-code,2,2,2,1,0,100.0,50.0,0.0,0.0
2026-01-02,checkout/pack-5h-boite-automatique,0,0,0,0,0,0,0,0,0
2026-01-02,product/rendez-vous-pedagogiques,0,0,0,0,0,0,0,0,0
2026-01-02,checkout/pack-10h,0,0,0,0,0,0,0,0,0
2026-01-02,checkout/pack-permis-complet-boite-automatique-revolut,0,0,0,0,0,0,0,0,0
2026-01-02,chatbot_support,4,4,4,4,2,100.0,100.0,50.0,50.0
2026-01-02,product/pack-permis-casa-nord-france,0,0,0,0,0,0,0,0,0
2026-01-02,home_widget,1,1,1,1,0,100.0,100.0,0.0,0.0
2026-01-02,checkout/pack-10h-boite-automatique,0,0,0,0,0,0,0,0,0
2026-01-02,checkout/pack-20h,0,0,0,0,0,0,0,0,0
2026-01-02,checkout/conduite-accompagnee-boite-automatique-first,0,0,0,0,0,0,0,0,0
2026-01-02,product/pack-permis-boite-automatique-casa-nord-france,0,0,0,0,0,0,0,0,0
2026-01-02,product/rendez-vous-pedagogiques-automatique,0,0,0,0,0,0,0,0,0
2026-01-02,checkout/pack-permis-complet-boite-automatique-sans-code-et-reussite-conduite-plus,0,0,0,0,0,0,0,0,0
2026-01-02,checkout/pack-permis-complet-et-reussite-code-plus,0,0,0,0,0,0,0,0,0
2026-01-02,checkout/pack-permis-casa-nord-france,0,0,0,0,0,0,0,0,0
2026-01-02,checkout/pack-permis-complet-boite-automatique-et-reussite-code-plus,0,0,0,0,0,0,0,0,0
2026-01-02,checkout/rendez-vous-pedagogiques,0,0,0,0,0,0,0,0,0
2026-01-02,checkout/pack-permis-complet-boite-automatique-sans-code-et-reussite-conduite-plus-lead,0,0,0,0,0,0,0,0,0
2026-01-02,checkout/pack-permis-boite-automatique-casa-nord-france,0,0,0,0,0,0,0,0,0
2026-01-02,emailcrm&utm_medium=email&utm_source=crm&utm_campaign=3b74f603-2f61-4df1-9869-4dff5e11d8e9,0,0,0,0,0,0,0,0,0
2026-01-02,permis_widget,0,0,0,0,0,0,0,0,0
2026-01-03,shop,65,51,50,43,19,98.0,86.0,37.3,44.2
2026-01-03,unknown,1,1,1,1,1,100.0,100.0,100.0,100.0
2026-01-03,product/pack-permis-complet,19,16,14,12,5,87.5,85.7,31.2,41.7
2026-01-03,product/pack-permis-complet-sans-code,21,12,11,9,2,91.7,81.8,16.7,22.2
2026-01-03,product/pack-permis-complet-sans-code-lead,8,8,6,5,3,75.0,83.3,37.5,60.0
2026-01-03,product/pack-permis-complet-revolut,0,0,0,0,0,0,0,0,0
2026-01-03,product/pack-permis-complet-boite-automatique,1,1,1,0,0,100.0,0.0,0.0,0
2026-01-03,emailcrm,2,2,2,2,1,100.0,100.0,50.0,50.0
2026-01-03,product/pack-permis-complet-boite-automatique-sans-code,14,9,9,6,2,100.0,66.7,22.2,33.3
2026-01-03,product/pack-permis-complet-boite-automatique-sans-code-lead,6,6,6,5,2,100.0,83.3,33.3,40.0
2026-01-03,product/pack-5h,6,5,5,1,0,100.0,20.0,0.0,0.0
2026-01-03,product/pack-10h,0,0,0,0,0,0,0,0,0
2026-01-03,product/conduite-accompagnee-first,4,4,4,3,1,100.0,75.0,25.0,33.3
2026-01-03,product/pack-20h,0,0,0,0,0,0,0,0,0
2026-01-03,product/pack-permis-complet-boite-automatique-revolut,0,0,0,0,0,0,0,0,0
2026-01-03,emailcrmheader,0,0,0,0,0,0,0,0,0
2026-01-03,product/pack-5h-boite-automatique,3,3,3,2,0,100.0,66.7,0.0,0.0
2026-01-03,product/pack-10h-boite-automatique,2,2,2,1,0,100.0,50.0,0.0,0.0
2026-01-03,checkout/pack-permis-complet,1,1,1,1,0,100.0,100.0,0.0,0.0
2026-01-03,product/conduite-accompagnee-boite-automatique-first,3,3,3,3,2,100.0,100.0,66.7,66.7
2026-01-03,checkout/pack-permis-complet-sans-code,0,0,0,0,0,0,0,0,0
2026-01-03,infocards,0,0,0,0,0,0,0,0,0
2026-01-03,checkout/pack-permis-complet-sans-code-lead,0,0,0,0,0,0,0,0,0
2026-01-03,checkout/pack-permis-complet-boite-automatique,0,0,0,0,0,0,0,0,0
2026-01-03,checkout/pack-permis-complet-revolut,0,0,0,0,0,0,0,0,0
2026-01-03,checkout/pack-permis-complet-boite-automatique-sans-code-lead,0,0,0,0,0,0,0,0,0
2026-01-03,checkout/pack-5h,0,0,0,0,0,0,0,0,0
2026-01-03,checkout/conduite-accompagnee-first,0,0,0,0,0,0,0,0,0
2026-01-03,checkout/pack-permis-complet-boite-automatique-sans-code,0,0,0,0,0,0,0,0,0
2026-01-03,checkout/pack-5h-boite-automatique,1,1,1,1,1,100.0,100.0,100.0,100.0
2026-01-03,product/rendez-vous-pedagogiques,0,0,0,0,0,0,0,0,0
2026-01-03,checkout/pack-10h,0,0,0,0,0,0,0,0,0
2026-01-03,checkout/pack-permis-complet-boite-automatique-revolut,0,0,0,0,0,0,0,0,0
2026-01-03,chatbot_support,2,2,2,2,0,100.0,100.0,0.0,0.0
2026-01-03,product/pack-permis-casa-nord-france,0,0,0,0,0,0,0,0,0
2026-01-03,home_widget,0,0,0,0,0,0,0,0,0
2026-01-03,checkout/pack-10h-boite-automatique,0,0,0,0,0,0,0,0,0
2026-01-03,checkout/pack-20h,0,0,0,0,0,0,0,0,0
2026-01-03,checkout/conduite-accompagnee-boite-automatique-first,1,1,1,1,1,100.0,100.0,100.0,100.0
2026-01-03,product/pack-permis-boite-automatique-casa-nord-france,0,0,0,0,0,0,0,0,0
2026-01-03,product/rendez-vous-pedagogiques-automatique,0,0,0,0,0,0,0,0,0
2026-01-03,checkout/pack-permis-complet-boite-automatique-sans-code-et-reussite-conduite-plus,0,0,0,0,0,0,0,0,0
2026-01-03,checkout/pack-permis-complet-et-reussite-code-plus,0,0,0,0,0,0,0,0,0
2026-01-03,checkout/pack-permis-casa-nord-france,0,0,0,0,0,0,0,0,0
2026-01-03,checkout/pack-permis-complet-boite-automatique-et-reussite-code-plus,0,0,0,0,0,0,0,0,0
2026-01-03,checkout/rendez-vous-pedagogiques,0,0,0,0,0,0,0,0,0
2026-01-03,checkout/pack-permis-complet-boite-automatique-sans-code-et-reussite-conduite-plus-lead,0,0,0,0,0,0,0,0,0
2026-01-03,checkout/pack-permis-boite-automatique-casa-nord-france,0,0,0,0,0,0,0,0,0
2026-01-03,emailcrm&utm_medium=email&utm_source=crm&utm_campaign=3b74f603-2f61-4df1-9869-4dff5e11d8e9,0,0,0,0,0,0,0,0,0
2026-01-03,permis_widget,0,0,0,0,0,0,0,0,0
2026-01-04,shop,0,0,0,0,0,0,0,0,0
2026-01-04,unknown,0,0,0,0,0,0,0,0,0
2026-01-04,product/pack-permis-complet,0,0,0,0,0,0,0,0,0
2026-01-04,product/pack-permis-complet-sans-code,0,0,0,0,0,0,0,0,0
2026-01-04,product/pack-permis-complet-sans-code-lead,0,0,0,0,0,0,0,0,0
2026-01-04,product/pack-permis-complet-revolut,0,0,0,0,0,0,0,0,0
2026-01-04,product/pack-permis-complet-boite-automatique,0,0,0,0,0,0,0,0,0
2026-01-04,emailcrm,0,0,0,0,0,0,0,0,0
2026-01-04,product/pack-permis-complet-boite-automatique-sans-code,0,0,0,0,0,0,0,0,0
2026-01-04,product/pack-permis-complet-boite-automatique-sans-code-lead,0,0,0,0,0,0,0,0,0
2026-01-04,product/pack-5h,0,0,0,0,0,0,0,0,0
2026-01-04,product/pack-10h,0,0,0,0,0,0,0,0,0
2026-01-04,product/conduite-accompagnee-first,0,0,0,0,0,0,0,0,0
2026-01-04,product/pack-20h,0,0,0,0,0,0,0,0,0
2026-01-04,product/pack-permis-complet-boite-automatique-revolut,0,0,0,0,0,0,0,0,0
2026-01-04,emailcrmheader,0,0,0,0,0,0,0,0,0
2026-01-04,product/pack-5h-boite-automatique,0,0,0,0,0,0,0,0,0
2026-01-04,product/pack-10h-boite-automatique,0,0,0,0,0,0,0,0,0
2026-01-04,checkout/pack-permis-complet,0,0,0,0,0,0,0,0,0
2026-01-04,product/conduite-accompagnee-boite-automatique-first,0,0,0,0,0,0,0,0,0
2026-01-04,checkout/pack-permis-complet-sans-code,0,0,0,0,0,0,0,0,0
2026-01-04,infocards,0,0,0,0,0,0,0,0,0
2026-01-04,checkout/pack-permis-complet-sans-code-lead,0,0,0,0,0,0,0,0,0
2026-01-04,checkout/pack-permis-complet-boite-automatique,0,0,0,0,0,0,0,0,0
2026-01-04,checkout/pack-permis-complet-revolut,0,0,0,0,0,0,0,0,0
2026-01-04,checkout/pack-permis-complet-boite-automatique-sans-code-lead,0,0,0,0,0,0,0,0,0
2026-01-04,checkout/pack-5h,0,0,0,0,0,0,0,0,0
2026-01-04,checkout/conduite-accompagnee-first,0,0,0,0,0,0,0,0,0
2026-01-04,checkout/pack-permis-complet-boite-automatique-sans-code,0,0,0,0,0,0,0,0,0
2026-01-04,checkout/pack-5h-boite-automatique,0,0,0,0,0,0,0,0,0
2026-01-04,product/rendez-vous-pedagogiques,0,0,0,0,0,0,0,0,0
2026-01-04,checkout/pack-10h,0,0,0,0,0,0,0,0,0
2026-01-04,checkout/pack-permis-complet-boite-automatique-revolut,0,0,0,0,0,0,0,0,0
2026-01-04,chatbot_support,0,0,0,0,0,0,0,0,0
2026-01-04,product/pack-permis-casa-nord-france,0,0,0,0,0,0,0,0,0
2026-01-04,home_widget,0,0,0,0,0,0,0,0,0
2026-01-04,checkout/pack-10h-boite-automatique,0,0,0,0,0,0,0,0,0
2026-01-04,checkout/pack-20h,0,0,0,0,0,0,0,0,0
2026-01-04,checkout/conduite-accompagnee-boite-automatique-first,0,0,0,0,0,0,0,0,0
2026-01-04,product/pack-permis-boite-automatique-casa-nord-france,0,0,0,0,0,0,0,0,0
2026-01-04,product/rendez-vous-pedagogiques-automatique,0,0,0,0,0,0,0,0,0
2026-01-04,checkout/pack-permis-complet-boite-automatique-sans-code-et-reussite-conduite-plus,0,0,0,0,0,0,0,0,0
2026-01-04,checkout/pack-permis-complet-et-reussite-code-plus,0,0,0,0,0,0,0,0,0
2026-01-04,checkout/pack-permis-casa-nord-france,0,0,0,0,0,0,0,0,0
2026-01-04,checkout/pack-permis-complet-boite-automatique-et-reussite-code-plus,0,0,0,0,0,0,0,0,0
2026-01-04,checkout/rendez-vous-pedagogiques,0,0,0,0,0,0,0,0,0
2026-01-04,checkout/pack-permis-complet-boite-automatique-sans-code-et-reussite-conduite-plus-lead,0,0,0,0,0,0,0,0,0
2026-01-04,checkout/pack-permis-boite-automatique-casa-nord-france,0,0,0,0,0,0,0,0,0
2026-01-04,emailcrm&utm_medium=email&utm_source=crm&utm_campaign=3b74f603-2f61-4df1-9869-4dff5e11d8e9,0,0,0,0,0,0,0,0,0
2026-01-04,permis_widget,0,0,0,0,0,0,0,0,0
2026-01-05,shop,266,204,99,79,37,48.5,79.8,18.1,46.8
2026-01-05,unknown,13,11,3,3,2,27.3,100.0,18.2,66.7
2026-01-05,product/pack-permis-complet,68,59,28,24,9,47.5,85.7,15.3,37.5
2026-01-05,product/pack-permis-complet-sans-code,50,38,18,18,11,47.4,100.0,28.9,61.1
2026-01-05,product/pack-permis-complet-sans-code-lead,55,44,20,15,10,45.5,75.0,22.7,66.7
2026-01-05,product/pack-permis-complet-revolut,0,0,0,0,0,0,0,0,0
2026-01-05,product/pack-permis-complet-boite-automatique,31,27,11,10,7,40.7,90.9,25.9,70.0
2026-01-05,emailcrm,14,11,6,5,0,54.5,83.3,0.0,0.0
2026-01-05,product/pack-permis-complet-boite-automatique-sans-code,33,23,10,7,5,43.5,70.0,21.7,71.4
2026-01-05,product/pack-permis-complet-boite-automatique-sans-code-lead,15,11,4,1,1,36.4,25.0,9.1,100.0
2026-01-05,product/pack-5h,7,7,2,1,1,28.6,50.0,14.3,100.0
2026-01-05,product/pack-10h,16,13,10,7,1,76.9,70.0,7.7,14.3
2026-01-05,product/conduite-accompagnee-first,23,20,11,10,5,55.0,90.9,25.0,50.0
2026-01-05,product/pack-20h,0,0,0,0,0,0,0,0,0
2026-01-05,product/pack-permis-complet-boite-automatique-revolut,0,0,0,0,0,0,0,0,0
2026-01-05,emailcrmheader,0,0,0,0,0,0,0,0,0
2026-01-05,product/pack-5h-boite-automatique,6,6,3,3,2,50.0,100.0,33.3,66.7
2026-01-05,product/pack-10h-boite-automatique,4,3,0,0,0,0.0,0,0.0,0
2026-01-05,checkout/pack-permis-complet,5,5,1,1,0,20.0,100.0,0.0,0.0
2026-01-05,product/conduite-accompagnee-boite-automatique-first,20,14,6,4,3,42.9,66.7,21.4,75.0
2026-01-05,checkout/pack-permis-complet-sans-code,7,7,3,3,4,42.9,100.0,57.1,133.3
2026-01-05,infocards,0,0,0,0,0,0,0,0,0
2026-01-05,checkout/pack-permis-complet-sans-code-lead,5,4,2,2,2,50.0,100.0,50.0,100.0
2026-01-05,checkout/pack-permis-complet-boite-automatique,2,2,1,1,1,50.0,100.0,50.0,100.0
2026-01-05,checkout/pack-permis-complet-revolut,0,0,0,0,0,0,0,0,0
2026-01-05,checkout/pack-permis-complet-boite-automatique-sans-code-lead,0,0,0,0,0,0,0,0,0
2026-01-05,checkout/pack-5h,0,0,0,0,0,0,0,0,0
2026-01-05,checkout/conduite-accompagnee-first,0,0,0,0,0,0,0,0,0
2026-01-05,checkout/pack-permis-complet-boite-automatique-sans-code,1,1,1,1,0,100.0,100.0,0.0,0.0
2026-01-05,checkout/pack-5h-boite-automatique,0,0,0,0,0,0,0,0,0
2026-01-05,product/rendez-vous-pedagogiques,0,0,0,0,0,0,0,0,0
2026-01-05,checkout/pack-10h,1,1,0,0,0,0.0,0,0.0,0
2026-01-05,checkout/pack-permis-complet-boite-automatique-revolut,0,0,0,0,0,0,0,0,0
2026-01-05,chatbot_support,10,7,4,1,2,57.1,25.0,28.6,200.0
2026-01-05,product/pack-permis-casa-nord-france,0,0,0,0,0,0,0,0,0
2026-01-05,home_widget,0,0,0,0,0,0,0,0,0
2026-01-05,checkout/pack-10h-boite-automatique,0,0,0,0,0,0,0,0,0
2026-01-05,checkout/pack-20h,0,0,0,0,0,0,0,0,0
2026-01-05,checkout/conduite-accompagnee-boite-automatique-first,0,0,0,0,0,0,0,0,0
2026-01-05,product/pack-permis-boite-automatique-casa-nord-france,0,0,0,0,0,0,0,0,0
2026-01-05,product/rendez-vous-pedagogiques-automatique,0,0,0,0,0,0,0,0,0
2026-01-05,checkout/pack-permis-complet-boite-automatique-sans-code-et-reussite-conduite-plus,0,0,0,0,0,0,0,0,0
2026-01-05,checkout/pack-permis-complet-et-reussite-code-plus,0,0,0,0,0,0,0,0,0
2026-01-05,checkout/pack-permis-casa-nord-france,0,0,0,0,0,0,0,0,0
2026-01-05,checkout/pack-permis-complet-boite-automatique-et-reussite-code-plus,0,0,0,0,0,0,0,0,0
2026-01-05,checkout/rendez-vous-pedagogiques,0,0,0,0,0,0,0,0,0
2026-01-05,checkout/pack-permis-complet-boite-automatique-sans-code-et-reussite-conduite-plus-lead,0,0,0,0,0,0,0,0,0
2026-01-05,checkout/pack-permis-boite-automatique-casa-nord-france,0,0,0,0,0,0,0,0,0
2026-01-05,emailcrm&utm_medium=email&utm_source=crm&utm_campaign=3b74f603-2f61-4df1-9869-4dff5e11d8e9,0,0,0,0,0,0,0,0,0
2026-01-05,permis_widget,0,0,0,0,0,0,0,0,0
2026-01-06,shop,228,173,135,116,44,78.0,85.9,25.4,37.9
2026-01-06,unknown,5,4,2,2,2,50.0,100.0,50.0,100.0
2026-01-06,product/pack-permis-complet,68,60,44,33,16,73.3,75.0,26.7,48.5
2026-01-06,product/pack-permis-complet-sans-code,45,34,25,21,12,73.5,84.0,35.3,57.1
2026-01-06,product/pack-permis-complet-sans-code-lead,31,25,18,11,10,72.0,61.1,40.0,90.9
2026-01-06,product/pack-permis-complet-revolut,0,0,0,0,0,0,0,0,0
2026-01-06,product/pack-permis-complet-boite-automatique,13,10,9,8,5,90.0,88.9,50.0,62.5
2026-01-06,emailcrm,14,14,8,6,2,57.1,75.0,14.3,33.3
2026-01-06,product/pack-permis-complet-boite-automatique-sans-code,9,8,6,6,1,75.0,100.0,12.5,16.7
2026-01-06,product/pack-permis-complet-boite-automatique-sans-code-lead,16,14,12,8,2,85.7,66.7,14.3,25.0
2026-01-06,product/pack-5h,8,7,3,3,0,42.9,100.0,0.0,0.0
2026-01-06,product/pack-10h,7,6,4,3,2,66.7,75.0,33.3,66.7
2026-01-06,product/conduite-accompagnee-first,8,8,5,3,1,62.5,60.0,12.5,33.3
2026-01-06,product/pack-20h,0,0,0,0,0,0,0,0,0
2026-01-06,product/pack-permis-complet-boite-automatique-revolut,0,0,0,0,0,0,0,0,0
2026-01-06,emailcrmheader,0,0,0,0,0,0,0,0,0
2026-01-06,product/pack-5h-boite-automatique,6,6,2,1,0,33.3,50.0,0.0,0.0
2026-01-06,product/pack-10h-boite-automatique,3,3,1,0,0,33.3,0.0,0.0,0
2026-01-06,checkout/pack-permis-complet,4,4,2,2,1,50.0,100.0,25.0,50.0
2026-01-06,product/conduite-accompagnee-boite-automatique-first,2,2,1,1,1,50.0,100.0,50.0,100.0
2026-01-06,checkout/pack-permis-complet-sans-code,1,1,0,0,0,0.0,0,0.0,0
2026-01-06,infocards,0,0,0,0,0,0,0,0,0
2026-01-06,checkout/pack-permis-complet-sans-code-lead,2,2,2,1,0,100.0,50.0,0.0,0.0
2026-01-06,checkout/pack-permis-complet-boite-automatique,1,1,1,0,0,100.0,0.0,0.0,0
2026-01-06,checkout/pack-permis-complet-revolut,0,0,0,0,0,0,0,0,0
2026-01-06,checkout/pack-permis-complet-boite-automatique-sans-code-lead,3,3,3,3,0,100.0,100.0,0.0,0.0
2026-01-06,checkout/pack-5h,1,1,0,0,0,0.0,0,0.0,0
2026-01-06,checkout/conduite-accompagnee-first,1,1,0,0,0,0.0,0,0.0,0
2026-01-06,checkout/pack-permis-complet-boite-automatique-sans-code,1,1,1,0,0,100.0,0.0,0.0,0
2026-01-06,checkout/pack-5h-boite-automatique,1,1,1,0,0,100.0,0.0,0.0,0
2026-01-06,product/rendez-vous-pedagogiques,0,0,0,0,0,0,0,0,0
2026-01-06,checkout/pack-10h,0,0,0,0,0,0,0,0,0
2026-01-06,checkout/pack-permis-complet-boite-automatique-revolut,0,0,0,0,0,0,0,0,0
2026-01-06,chatbot_support,8,6,5,5,1,83.3,100.0,16.7,20.0
2026-01-06,product/pack-permis-casa-nord-france,0,0,0,0,0,0,0,0,0
2026-01-06,home_widget,0,0,0,0,0,0,0,0,0
2026-01-06,checkout/pack-10h-boite-automatique,0,0,0,0,0,0,0,0,0
2026-01-06,checkout/pack-20h,0,0,0,0,0,0,0,0,0
2026-01-06,checkout/conduite-accompagnee-boite-automatique-first,1,1,1,0,0,100.0,0.0,0.0,0
2026-01-06,product/pack-permis-boite-automatique-casa-nord-france,0,0,0,0,0,0,0,0,0
2026-01-06,product/rendez-vous-pedagogiques-automatique,0,0,0,0,0,0,0,0,0
2026-01-06,checkout/pack-permis-complet-boite-automatique-sans-code-et-reussite-conduite-plus,0,0,0,0,0,0,0,0,0
2026-01-06,checkout/pack-permis-complet-et-reussite-code-plus,0,0,0,0,0,0,0,0,0
2026-01-06,checkout/pack-permis-casa-nord-france,0,0,0,0,0,0,0,0,0
2026-01-06,checkout/pack-permis-complet-boite-automatique-et-reussite-code-plus,0,0,0,0,0,0,0,0,0
2026-01-06,checkout/rendez-vous-pedagogiques,0,0,0,0,0,0,0,0,0
2026-01-06,checkout/pack-permis-complet-boite-automatique-sans-code-et-reussite-conduite-plus-lead,0,0,0,0,0,0,0,0,0
2026-01-06,checkout/pack-permis-boite-automatique-casa-nord-france,0,0,0,0,0,0,0,0,0
2026-01-06,emailcrm&utm_medium=email&utm_source=crm&utm_campaign=3b74f603-2f61-4df1-9869-4dff5e11d8e9,0,0,0,0,0,0,0,0,0
2026-01-06,permis_widget,0,0,0,0,0,0,0,0,0
2026-01-07,shop,140,116,107,85,33,92.2,79.4,28.4,38.8
2026-01-07,unknown,5,5,3,2,1,60.0,66.7,20.0,50.0
2026-01-07,product/pack-permis-complet,76,59,49,41,13,83.1,83.7,22.0,31.7
2026-01-07,product/pack-permis-complet-sans-code,48,38,33,28,18,86.8,84.8,47.4,64.3
2026-01-07,product/pack-permis-complet-sans-code-lead,29,21,19,16,10,90.5,84.2,47.6,62.5
2026-01-07,product/pack-permis-complet-revolut,0,0,0,0,0,0,0,0,0
2026-01-07,product/pack-permis-complet-boite-automatique,10,10,7,6,3,70.0,85.7,30.0,50.0
2026-01-07,emailcrm,5,5,4,3,0,80.0,75.0,0.0,0.0
2026-01-07,product/pack-permis-complet-boite-automatique-sans-code,8,8,8,6,3,100.0,75.0,37.5,50.0
2026-01-07,product/pack-permis-complet-boite-automatique-sans-code-lead,21,16,15,10,4,93.8,66.7,25.0,40.0
2026-01-07,product/pack-5h,10,9,7,4,1,77.8,57.1,11.1,25.0
2026-01-07,product/pack-10h,7,6,4,3,1,66.7,75.0,16.7,33.3
2026-01-07,product/conduite-accompagnee-first,21,18,17,15,6,94.4,88.2,33.3,40.0
2026-01-07,product/pack-20h,0,0,0,0,0,0,0,0,0
2026-01-07,product/pack-permis-complet-boite-automatique-revolut,0,0,0,0,0,0,0,0,0
2026-01-07,emailcrmheader,0,0,0,0,0,0,0,0,0
2026-01-07,product/pack-5h-boite-automatique,3,3,2,1,1,66.7,50.0,33.3,100.0
2026-01-07,product/pack-10h-boite-automatique,10,6,4,3,1,66.7,75.0,16.7,33.3
2026-01-07,checkout/pack-permis-complet,5,5,4,4,1,80.0,100.0,20.0,25.0
2026-01-07,product/conduite-accompagnee-boite-automatique-first,3,3,3,2,1,100.0,66.7,33.3,50.0
2026-01-07,checkout/pack-permis-complet-sans-code,5,4,4,4,2,100.0,100.0,50.0,50.0
2026-01-07,infocards,0,0,0,0,0,0,0,0,0
2026-01-07,checkout/pack-permis-complet-sans-code-lead,3,3,3,3,2,100.0,100.0,66.7,66.7
2026-01-07,checkout/pack-permis-complet-boite-automatique,2,2,1,0,0,50.0,0.0,0.0,0
2026-01-07,checkout/pack-permis-complet-revolut,0,0,0,0,0,0,0,0,0
2026-01-07,checkout/pack-permis-complet-boite-automatique-sans-code-lead,0,0,0,0,0,0,0,0,0
2026-01-07,checkout/pack-5h,0,0,0,0,0,0,0,0,0
2026-01-07,checkout/conduite-accompagnee-first,1,1,1,1,0,100.0,100.0,0.0,0.0
2026-01-07,checkout/pack-permis-complet-boite-automatique-sans-code,0,0,0,0,0,0,0,0,0
2026-01-07,checkout/pack-5h-boite-automatique,2,2,1,1,0,50.0,100.0,0.0,0.0
2026-01-07,product/rendez-vous-pedagogiques,1,1,1,1,0,100.0,100.0,0.0,0.0
2026-01-07,checkout/pack-10h,1,1,1,0,0,100.0,0.0,0.0,0
2026-01-07,checkout/pack-permis-complet-boite-automatique-revolut,0,0,0,0,0,0,0,0,0
2026-01-07,chatbot_support,11,9,9,7,4,100.0,77.8,44.4,57.1
2026-01-07,product/pack-permis-casa-nord-france,0,0,0,0,0,0,0,0,0
2026-01-07,home_widget,1,1,1,1,1,100.0,100.0,100.0,100.0
2026-01-07,checkout/pack-10h-boite-automatique,1,1,1,1,0,100.0,100.0,0.0,0.0
2026-01-07,checkout/pack-20h,0,0,0,0,0,0,0,0,0
2026-01-07,checkout/conduite-accompagnee-boite-automatique-first,1,1,1,0,0,100.0,0.0,0.0,0
2026-01-07,product/pack-permis-boite-automatique-casa-nord-france,0,0,0,0,0,0,0,0,0
2026-01-07,product/rendez-vous-pedagogiques-automatique,0,0,0,0,0,0,0,0,0
2026-01-07,checkout/pack-permis-complet-boite-automatique-sans-code-et-reussite-conduite-plus,0,0,0,0,0,0,0,0,0
2026-01-07,checkout/pack-permis-complet-et-reussite-code-plus,0,0,0,0,0,0,0,0,0
2026-01-07,checkout/pack-permis-casa-nord-france,0,0,0,0,0,0,0,0,0
2026-01-07,checkout/pack-permis-complet-boite-automatique-et-reussite-code-plus,0,0,0,0,0,0,0,0,0
2026-01-07,checkout/rendez-vous-pedagogiques,0,0,0,0,0,0,0,0,0
2026-01-07,checkout/pack-permis-complet-boite-automatique-sans-code-et-reussite-conduite-plus-lead,0,0,0,0,0,0,0,0,0
2026-01-07,checkout/pack-permis-boite-automatique-casa-nord-france,0,0,0,0,0,0,0,0,0
2026-01-07,emailcrm&utm_medium=email&utm_source=crm&utm_campaign=3b74f603-2f61-4df1-9869-4dff5e11d8e9,0,0,0,0,0,0,0,0,0
2026-01-07,permis_widget,0,0,0,0,0,0,0,0,0
2026-01-08,shop,137,117,97,90,33,82.9,92.8,28.2,36.7
2026-01-08,unknown,7,7,7,3,0,100.0,42.9,0.0,0.0
2026-01-08,product/pack-permis-complet,66,48,40,34,11,83.3,85.0,22.9,32.4
2026-01-08,product/pack-permis-complet-sans-code,52,43,33,29,15,76.7,87.9,34.9,51.7
2026-01-08,product/pack-permis-complet-sans-code-lead,33,28,24,20,11,85.7,83.3,39.3,55.0
2026-01-08,product/pack-permis-complet-revolut,0,0,0,0,0,0,0,0,0
2026-01-08,product/pack-permis-complet-boite-automatique,30,26,22,15,6,84.6,68.2,23.1,40.0
2026-01-08,emailcrm,19,15,15,14,7,100.0,93.3,46.7,50.0
2026-01-08,product/pack-permis-complet-boite-automatique-sans-code,16,12,12,9,4,100.0,75.0,33.3,44.4
2026-01-08,product/pack-permis-complet-boite-automatique-sans-code-lead,22,21,15,13,4,71.4,86.7,19.0,30.8
2026-01-08,product/pack-5h,17,15,13,11,2,86.7,84.6,13.3,18.2
2026-01-08,product/pack-10h,10,9,9,8,2,100.0,88.9,22.2,25.0
2026-01-08,product/conduite-accompagnee-first,18,16,12,8,4,75.0,66.7,25.0,50.0
2026-01-08,product/pack-20h,0,0,0,0,0,0,0,0,0
2026-01-08,product/pack-permis-complet-boite-automatique-revolut,0,0,0,0,0,0,0,0,0
2026-01-08,emailcrmheader,0,0,0,0,0,0,0,0,0
2026-01-08,product/pack-5h-boite-automatique,8,6,6,5,1,100.0,83.3,16.7,20.0
2026-01-08,product/pack-10h-boite-automatique,2,2,1,1,0,50.0,100.0,0.0,0.0
2026-01-08,checkout/pack-permis-complet,9,8,6,3,1,75.0,50.0,12.5,33.3
2026-01-08,product/conduite-accompagnee-boite-automatique-first,3,2,2,1,0,100.0,50.0,0.0,0.0
2026-01-08,checkout/pack-permis-complet-sans-code,2,2,1,0,0,50.0,0.0,0.0,0
2026-01-08,infocards,0,0,0,0,0,0,0,0,0
2026-01-08,checkout/pack-permis-complet-sans-code-lead,2,2,2,1,1,100.0,50.0,50.0,100.0
2026-01-08,checkout/pack-permis-complet-boite-automatique,2,1,1,1,0,100.0,100.0,0.0,0.0
2026-01-08,checkout/pack-permis-complet-revolut,0,0,0,0,0,0,0,0,0
2026-01-08,checkout/pack-permis-complet-boite-automatique-sans-code-lead,0,0,0,0,0,0,0,0,0
2026-01-08,checkout/pack-5h,1,1,1,1,1,100.0,100.0,100.0,100.0
2026-01-08,checkout/conduite-accompagnee-first,2,2,2,2,2,100.0,100.0,100.0,100.0
2026-01-08,checkout/pack-permis-complet-boite-automatique-sans-code,0,0,0,0,0,0,0,0,0
2026-01-08,checkout/pack-5h-boite-automatique,1,1,1,1,1,100.0,100.0,100.0,100.0
2026-01-08,product/rendez-vous-pedagogiques,0,0,0,0,0,0,0,0,0
2026-01-08,checkout/pack-10h,0,0,0,0,0,0,0,0,0
2026-01-08,checkout/pack-permis-complet-boite-automatique-revolut,0,0,0,0,0,0,0,0,0
2026-01-08,chatbot_support,10,10,10,9,3,100.0,90.0,30.0,33.3
2026-01-08,product/pack-permis-casa-nord-france,0,0,0,0,0,0,0,0,0
2026-01-08,home_widget,1,1,1,0,0,100.0,0.0,0.0,0
2026-01-08,checkout/pack-10h-boite-automatique,0,0,0,0,0,0,0,0,0
2026-01-08,checkout/pack-20h,0,0,0,0,0,0,0,0,0
2026-01-08,checkout/conduite-accompagnee-boite-automatique-first,1,1,1,0,0,100.0,0.0,0.0,0
2026-01-08,product/pack-permis-boite-automatique-casa-nord-france,0,0,0,0,0,0,0,0,0
2026-01-08,product/rendez-vous-pedagogiques-automatique,0,0,0,0,0,0,0,0,0
2026-01-08,checkout/pack-permis-complet-boite-automatique-sans-code-et-reussite-conduite-plus,0,0,0,0,0,0,0,0,0
2026-01-08,checkout/pack-permis-complet-et-reussite-code-plus,3,1,1,1,0,100.0,100.0,0.0,0.0
2026-01-08,checkout/pack-permis-casa-nord-france,0,0,0,0,0,0,0,0,0
2026-01-08,checkout/pack-permis-complet-boite-automatique-et-reussite-code-plus,0,0,0,0,0,0,0,0,0
2026-01-08,checkout/rendez-vous-pedagogiques,0,0,0,0,0,0,0,0,0
2026-01-08,checkout/pack-permis-complet-boite-automatique-sans-code-et-reussite-conduite-plus-lead,0,0,0,0,0,0,0,0,0
2026-01-08,checkout/pack-permis-boite-automatique-casa-nord-france,0,0,0,0,0,0,0,0,0
2026-01-08,emailcrm&utm_medium=email&utm_source=crm&utm_campaign=3b74f603-2f61-4df1-9869-4dff5e11d8e9,0,0,0,0,0,0,0,0,0
2026-01-08,permis_widget,0,0,0,0,0,0,0,0,0
2026-01-09,shop,142,122,112,95,32,91.8,84.8,26.2,33.7
2026-01-09,unknown,10,7,6,4,2,85.7,66.7,28.6,50.0
2026-01-09,product/pack-permis-complet,49,41,38,31,8,92.7,81.6,19.5,25.8
2026-01-09,product/pack-permis-complet-sans-code,48,33,26,18,8,78.8,69.2,24.2,44.4
2026-01-09,product/pack-permis-complet-sans-code-lead,19,17,15,13,9,88.2,86.7,52.9,69.2
2026-01-09,product/pack-permis-complet-revolut,0,0,0,0,0,0,0,0,0
2026-01-09,product/pack-permis-complet-boite-automatique,20,18,18,13,3,100.0,72.2,16.7,23.1
2026-01-09,emailcrm,11,10,9,7,2,90.0,77.8,20.0,28.6
2026-01-09,product/pack-permis-complet-boite-automatique-sans-code,13,10,10,9,2,100.0,90.0,20.0,22.2
2026-01-09,product/pack-permis-complet-boite-automatique-sans-code-lead,12,11,11,9,3,100.0,81.8,27.3,33.3
2026-01-09,product/pack-5h,11,10,9,7,1,90.0,77.8,10.0,14.3
2026-01-09,product/pack-10h,13,10,8,6,3,80.0,75.0,30.0,50.0
2026-01-09,product/conduite-accompagnee-first,7,6,4,3,2,66.7,75.0,33.3,66.7
2026-01-09,product/pack-20h,0,0,0,0,0,0,0,0,0
2026-01-09,product/pack-permis-complet-boite-automatique-revolut,0,0,0,0,0,0,0,0,0
2026-01-09,emailcrmheader,0,0,0,0,0,0,0,0,0
2026-01-09,product/pack-5h-boite-automatique,3,3,3,2,0,100.0,66.7,0.0,0.0
2026-01-09,product/pack-10h-boite-automatique,11,9,8,8,4,88.9,100.0,44.4,50.0
2026-01-09,checkout/pack-permis-complet,4,4,2,2,0,50.0,100.0,0.0,0.0
2026-01-09,product/conduite-accompagnee-boite-automatique-first,5,4,3,3,2,75.0,100.0,50.0,66.7
2026-01-09,checkout/pack-permis-complet-sans-code,4,4,4,3,3,100.0,75.0,75.0,100.0
2026-01-09,infocards,0,0,0,0,0,0,0,0,0
2026-01-09,checkout/pack-permis-complet-sans-code-lead,1,1,1,0,0,100.0,0.0,0.0,0
2026-01-09,checkout/pack-permis-complet-boite-automatique,1,1,1,1,0,100.0,100.0,0.0,0.0
2026-01-09,checkout/pack-permis-complet-revolut,0,0,0,0,0,0,0,0,0
2026-01-09,checkout/pack-permis-complet-boite-automatique-sans-code-lead,0,0,0,0,0,0,0,0,0
2026-01-09,checkout/pack-5h,0,0,0,0,0,0,0,0,0
2026-01-09,checkout/conduite-accompagnee-first,1,1,1,1,1,100.0,100.0,100.0,100.0
2026-01-09,checkout/pack-permis-complet-boite-automatique-sans-code,2,2,2,1,0,100.0,50.0,0.0,0.0
2026-01-09,checkout/pack-5h-boite-automatique,0,0,0,0,0,0,0,0,0
2026-01-09,product/rendez-vous-pedagogiques,0,0,0,0,0,0,0,0,0
2026-01-09,checkout/pack-10h,0,0,0,0,0,0,0,0,0
2026-01-09,checkout/pack-permis-complet-boite-automatique-revolut,0,0,0,0,0,0,0,0,0
2026-01-09,chatbot_support,3,3,3,2,0,100.0,66.7,0.0,0.0
2026-01-09,product/pack-permis-casa-nord-france,0,0,0,0,0,0,0,0,0
2026-01-09,home_widget,0,0,0,0,0,0,0,0,0
2026-01-09,checkout/pack-10h-boite-automatique,1,1,1,1,0,100.0,100.0,0.0,0.0
2026-01-09,checkout/pack-20h,0,0,0,0,0,0,0,0,0
2026-01-09,checkout/conduite-accompagnee-boite-automatique-first,0,0,0,0,0,0,0,0,0
2026-01-09,product/pack-permis-boite-automatique-casa-nord-france,0,0,0,0,0,0,0,0,0
2026-01-09,product/rendez-vous-pedagogiques-automatique,0,0,0,0,0,0,0,0,0
2026-01-09,checkout/pack-permis-complet-boite-automatique-sans-code-et-reussite-conduite-plus,0,0,0,0,0,0,0,0,0
2026-01-09,checkout/pack-permis-complet-et-reussite-code-plus,0,0,0,0,0,0,0,0,0
2026-01-09,checkout/pack-permis-casa-nord-france,0,0,0,0,0,0,0,0,0
2026-01-09,checkout/pack-permis-complet-boite-automatique-et-reussite-code-plus,0,0,0,0,0,0,0,0,0
2026-01-09,checkout/rendez-vous-pedagogiques,0,0,0,0,0,0,0,0,0
2026-01-09,checkout/pack-permis-complet-boite-automatique-sans-code-et-reussite-conduite-plus-lead,0,0,0,0,0,0,0,0,0
2026-01-09,checkout/pack-permis-boite-automatique-casa-nord-france,0,0,0,0,0,0,0,0,0
2026-01-09,emailcrm&utm_medium=email&utm_source=crm&utm_campaign=3b74f603-2f61-4df1-9869-4dff5e11d8e9,0,0,0,0,0,0,0,0,0
2026-01-09,permis_widget,0,0,0,0,0,0,0,0,0
2026-01-10,shop,120,85,40,25,12,47.1,62.5,14.1,48.0
2026-01-10,unknown,3,3,1,1,1,33.3,100.0,33.3,100.0
2026-01-10,product/pack-permis-complet,41,30,20,15,4,66.7,75.0,13.3,26.7
2026-01-10,product/pack-permis-complet-sans-code,19,15,8,7,5,53.3,87.5,33.3,71.4
2026-01-10,product/pack-permis-complet-sans-code-lead,25,17,10,8,4,58.8,80.0,23.5,50.0
2026-01-10,product/pack-permis-complet-revolut,0,0,0,0,0,0,0,0,0
2026-01-10,product/pack-permis-complet-boite-automatique,8,8,0,0,0,0.0,0,0.0,0
2026-01-10,emailcrm,1,1,0,0,1,0.0,0,100.0,0
2026-01-10,product/pack-permis-complet-boite-automatique-sans-code,6,6,3,3,3,50.0,100.0,50.0,100.0
2026-01-10,product/pack-permis-complet-boite-automatique-sans-code-lead,11,8,1,1,1,12.5,100.0,12.5,100.0
2026-01-10,product/pack-5h,6,6,4,2,1,66.7,50.0,16.7,50.0
2026-01-10,product/pack-10h,8,8,5,3,1,62.5,60.0,12.5,33.3
2026-01-10,product/conduite-accompagnee-first,15,15,4,4,3,26.7,100.0,20.0,75.0
2026-01-10,product/pack-20h,0,0,0,0,0,0,0,0,0
2026-01-10,product/pack-permis-complet-boite-automatique-revolut,0,0,0,0,0,0,0,0,0
2026-01-10,emailcrmheader,0,0,0,0,0,0,0,0,0
2026-01-10,product/pack-5h-boite-automatique,4,2,1,1,0,50.0,100.0,0.0,0.0
2026-01-10,product/pack-10h-boite-automatique,3,2,0,0,0,0.0,0,0.0,0
2026-01-10,checkout/pack-permis-complet,2,2,1,1,0,50.0,100.0,0.0,0.0
2026-01-10,product/conduite-accompagnee-boite-automatique-first,3,3,1,1,1,33.3,100.0,33.3,100.0
2026-01-10,checkout/pack-permis-complet-sans-code,2,2,1,1,0,50.0,100.0,0.0,0.0
2026-01-10,infocards,0,0,0,0,0,0,0,0,0
2026-01-10,checkout/pack-permis-complet-sans-code-lead,1,1,1,1,0,100.0,100.0,0.0,0.0
2026-01-10,checkout/pack-permis-complet-boite-automatique,0,0,0,0,0,0,0,0,0
2026-01-10,checkout/pack-permis-complet-revolut,0,0,0,0,0,0,0,0,0
2026-01-10,checkout/pack-permis-complet-boite-automatique-sans-code-lead,0,0,0,0,0,0,0,0,0
2026-01-10,checkout/pack-5h,0,0,0,0,0,0,0,0,0
2026-01-10,checkout/conduite-accompagnee-first,0,0,0,0,0,0,0,0,0
2026-01-10,checkout/pack-permis-complet-boite-automatique-sans-code,0,0,0,0,0,0,0,0,0
2026-01-10,checkout/pack-5h-boite-automatique,2,2,1,0,0,50.0,0.0,0.0,0
2026-01-10,product/rendez-vous-pedagogiques,3,3,2,1,0,66.7,50.0,0.0,0.0
2026-01-10,checkout/pack-10h,1,1,0,0,0,0.0,0,0.0,0
2026-01-10,checkout/pack-permis-complet-boite-automatique-revolut,0,0,0,0,0,0,0,0,0
2026-01-10,chatbot_support,0,0,0,0,0,0,0,0,0
2026-01-10,product/pack-permis-casa-nord-france,0,0,0,0,0,0,0,0,0
2026-01-10,home_widget,0,0,0,0,0,0,0,0,0
2026-01-10,checkout/pack-10h-boite-automatique,0,0,0,0,0,0,0,0,0
2026-01-10,checkout/pack-20h,0,0,0,0,0,0,0,0,0
2026-01-10,checkout/conduite-accompagnee-boite-automatique-first,1,1,0,0,0,0.0,0,0.0,0
2026-01-10,product/pack-permis-boite-automatique-casa-nord-france,0,0,0,0,0,0,0,0,0
2026-01-10,product/rendez-vous-pedagogiques-automatique,0,0,0,0,0,0,0,0,0
2026-01-10,checkout/pack-permis-complet-boite-automatique-sans-code-et-reussite-conduite-plus,0,0,0,0,0,0,0,0,0
2026-01-10,checkout/pack-permis-complet-et-reussite-code-plus,0,0,0,0,0,0,0,0,0
2026-01-10,checkout/pack-permis-casa-nord-france,0,0,0,0,0,0,0,0,0
2026-01-10,checkout/pack-permis-complet-boite-automatique-et-reussite-code-plus,0,0,0,0,0,0,0,0,0
2026-01-10,checkout/rendez-vous-pedagogiques,0,0,0,0,0,0,0,0,0
2026-01-10,checkout/pack-permis-complet-boite-automatique-sans-code-et-reussite-conduite-plus-lead,0,0,0,0,0,0,0,0,0
2026-01-10,checkout/pack-permis-boite-automatique-casa-nord-france,0,0,0,0,0,0,0,0,0
2026-01-10,emailcrm&utm_medium=email&utm_source=crm&utm_campaign=3b74f603-2f61-4df1-9869-4dff5e11d8e9,0,0,0,0,0,0,0,0,0
2026-01-10,permis_widget,0,0,0,0,0,0,0,0,0
2026-01-11,shop,0,0,0,0,0,0,0,0,0
2026-01-11,unknown,0,0,0,0,0,0,0,0,0
2026-01-11,product/pack-permis-complet,0,0,0,0,0,0,0,0,0
2026-01-11,product/pack-permis-complet-sans-code,0,0,0,0,0,0,0,0,0
2026-01-11,product/pack-permis-complet-sans-code-lead,0,0,0,0,0,0,0,0,0
2026-01-11,product/pack-permis-complet-revolut,0,0,0,0,0,0,0,0,0
2026-01-11,product/pack-permis-complet-boite-automatique,0,0,0,0,0,0,0,0,0
2026-01-11,emailcrm,0,0,0,0,0,0,0,0,0
2026-01-11,product/pack-permis-complet-boite-automatique-sans-code,0,0,0,0,0,0,0,0,0
2026-01-11,product/pack-permis-complet-boite-automatique-sans-code-lead,0,0,0,0,0,0,0,0,0
2026-01-11,product/pack-5h,0,0,0,0,0,0,0,0,0
2026-01-11,product/pack-10h,0,0,0,0,0,0,0,0,0
2026-01-11,product/conduite-accompagnee-first,0,0,0,0,0,0,0,0,0
2026-01-11,product/pack-20h,0,0,0,0,0,0,0,0,0
2026-01-11,product/pack-permis-complet-boite-automatique-revolut,0,0,0,0,0,0,0,0,0
2026-01-11,emailcrmheader,0,0,0,0,0,0,0,0,0
2026-01-11,product/pack-5h-boite-automatique,0,0,0,0,0,0,0,0,0
2026-01-11,product/pack-10h-boite-automatique,0,0,0,0,0,0,0,0,0
2026-01-11,checkout/pack-permis-complet,0,0,0,0,0,0,0,0,0
2026-01-11,product/conduite-accompagnee-boite-automatique-first,0,0,0,0,0,0,0,0,0
2026-01-11,checkout/pack-permis-complet-sans-code,0,0,0,0,0,0,0,0,0
2026-01-11,infocards,0,0,0,0,0,0,0,0,0
2026-01-11,checkout/pack-permis-complet-sans-code-lead,0,0,0,0,0,0,0,0,0
2026-01-11,checkout/pack-permis-complet-boite-automatique,0,0,0,0,0,0,0,0,0
2026-01-11,checkout/pack-permis-complet-revolut,0,0,0,0,0,0,0,0,0
2026-01-11,checkout/pack-permis-complet-boite-automatique-sans-code-lead,0,0,0,0,0,0,0,0,0
2026-01-11,checkout/pack-5h,0,0,0,0,0,0,0,0,0
2026-01-11,checkout/conduite-accompagnee-first,0,0,0,0,0,0,0,0,0
2026-01-11,checkout/pack-permis-complet-boite-automatique-sans-code,0,0,0,0,0,0,0,0,0
2026-01-11,checkout/pack-5h-boite-automatique,0,0,0,0,0,0,0,0,0
2026-01-11,product/rendez-vous-pedagogiques,0,0,0,0,0,0,0,0,0
2026-01-11,checkout/pack-10h,0,0,0,0,0,0,0,0,0
2026-01-11,checkout/pack-permis-complet-boite-automatique-revolut,0,0,0,0,0,0,0,0,0
2026-01-11,chatbot_support,0,0,0,0,0,0,0,0,0
2026-01-11,product/pack-permis-casa-nord-france,0,0,0,0,0,0,0,0,0
2026-01-11,home_widget,0,0,0,0,0,0,0,0,0
2026-01-11,checkout/pack-10h-boite-automatique,0,0,0,0,0,0,0,0,0
2026-01-11,checkout/pack-20h,0,0,0,0,0,0,0,0,0
2026-01-11,checkout/conduite-accompagnee-boite-automatique-first,0,0,0,0,0,0,0,0,0
2026-01-11,product/pack-permis-boite-automatique-casa-nord-france,0,0,0,0,0,0,0,0,0
2026-01-11,product/rendez-vous-pedagogiques-automatique,0,0,0,0,0,0,0,0,0
2026-01-11,checkout/pack-permis-complet-boite-automatique-sans-code-et-reussite-conduite-plus,0,0,0,0,0,0,0,0,0
2026-01-11,checkout/pack-permis-complet-et-reussite-code-plus,0,0,0,0,0,0,0,0,0
2026-01-11,checkout/pack-permis-casa-nord-france,0,0,0,0,0,0,0,0,0
2026-01-11,checkout/pack-permis-complet-boite-automatique-et-reussite-code-plus,0,0,0,0,0,0,0,0,0
2026-01-11,checkout/rendez-vous-pedagogiques,0,0,0,0,0,0,0,0,0
2026-01-11,checkout/pack-permis-complet-boite-automatique-sans-code-et-reussite-conduite-plus-lead,0,0,0,0,0,0,0,0,0
2026-01-11,checkout/pack-permis-boite-automatique-casa-nord-france,0,0,0,0,0,0,0,0,0
2026-01-11,emailcrm&utm_medium=email&utm_source=crm&utm_campaign=3b74f603-2f61-4df1-9869-4dff5e11d8e9,0,0,0,0,0,0,0,0,0
2026-01-11,permis_widget,0,0,0,0,0,0,0,0,0
2026-01-12,shop,237,199,150,116,42,75.4,77.3,21.1,36.2
2026-01-12,unknown,16,15,9,4,2,60.0,44.4,13.3,50.0
2026-01-12,product/pack-permis-complet,87,76,57,42,16,75.0,73.7,21.1,38.1
2026-01-12,product/pack-permis-complet-sans-code,55,43,24,14,6,55.8,58.3,14.0,42.9
2026-01-12,product/pack-permis-complet-sans-code-lead,39,37,25,16,9,67.6,64.0,24.3,56.2
2026-01-12,product/pack-permis-complet-revolut,0,0,0,0,0,0,0,0,0
2026-01-12,product/pack-permis-complet-boite-automatique,39,34,27,22,8,79.4,81.5,23.5,36.4
2026-01-12,emailcrm,18,16,15,11,2,93.8,73.3,12.5,18.2
2026-01-12,product/pack-permis-complet-boite-automatique-sans-code,16,15,11,9,3,73.3,81.8,20.0,33.3
2026-01-12,product/pack-permis-complet-boite-automatique-sans-code-lead,13,10,7,3,1,70.0,42.9,10.0,33.3
2026-01-12,product/pack-5h,22,18,14,11,1,77.8,78.6,5.6,9.1
2026-01-12,product/pack-10h,13,11,7,5,1,63.6,71.4,9.1,20.0
2026-01-12,product/conduite-accompagnee-first,34,28,21,19,7,75.0,90.5,25.0,36.8
2026-01-12,product/pack-20h,0,0,0,0,0,0,0,0,0
2026-01-12,product/pack-permis-complet-boite-automatique-revolut,0,0,0,0,0,0,0,0,0
2026-01-12,emailcrmheader,0,0,0,0,0,0,0,0,0
2026-01-12,product/pack-5h-boite-automatique,1,1,1,0,0,100.0,0.0,0.0,0
2026-01-12,product/pack-10h-boite-automatique,11,11,9,6,0,81.8,66.7,0.0,0.0
2026-01-12,checkout/pack-permis-complet,3,3,2,1,0,66.7,50.0,0.0,0.0
2026-01-12,product/conduite-accompagnee-boite-automatique-first,5,3,2,1,0,66.7,50.0,0.0,0.0
2026-01-12,checkout/pack-permis-complet-sans-code,3,3,3,3,1,100.0,100.0,33.3,33.3
2026-01-12,infocards,0,0,0,0,0,0,0,0,0
2026-01-12,checkout/pack-permis-complet-sans-code-lead,3,3,2,1,1,66.7,50.0,33.3,100.0
2026-01-12,checkout/pack-permis-complet-boite-automatique,4,4,3,1,1,75.0,33.3,25.0,100.0
2026-01-12,checkout/pack-permis-complet-revolut,0,0,0,0,0,0,0,0,0
2026-01-12,checkout/pack-permis-complet-boite-automatique-sans-code-lead,2,2,2,2,0,100.0,100.0,0.0,0.0
2026-01-12,checkout/pack-5h,0,0,0,0,0,0,0,0,0
2026-01-12,checkout/conduite-accompagnee-first,1,1,1,1,1,100.0,100.0,100.0,100.0
2026-01-12,checkout/pack-permis-complet-boite-automatique-sans-code,1,1,1,1,1,100.0,100.0,100.0,100.0
2026-01-12,checkout/pack-5h-boite-automatique,1,1,1,0,0,100.0,0.0,0.0,0
2026-01-12,product/rendez-vous-pedagogiques,0,0,0,0,0,0,0,0,0
2026-01-12,checkout/pack-10h,0,0,0,0,0,0,0,0,0
2026-01-12,checkout/pack-permis-complet-boite-automatique-revolut,0,0,0,0,0,0,0,0,0
2026-01-12,chatbot_support,0,0,0,0,0,0,0,0,0
2026-01-12,product/pack-permis-casa-nord-france,0,0,0,0,0,0,0,0,0
2026-01-12,home_widget,1,1,1,1,1,100.0,100.0,100.0,100.0
2026-01-12,checkout/pack-10h-boite-automatique,0,0,0,0,0,0,0,0,0
2026-01-12,checkout/pack-20h,0,0,0,0,0,0,0,0,0
2026-01-12,checkout/conduite-accompagnee-boite-automatique-first,0,0,0,0,0,0,0,0,0
2026-01-12,product/pack-permis-boite-automatique-casa-nord-france,0,0,0,0,0,0,0,0,0
2026-01-12,product/rendez-vous-pedagogiques-automatique,0,0,0,0,0,0,0,0,0
2026-01-12,checkout/pack-permis-complet-boite-automatique-sans-code-et-reussite-conduite-plus,0,0,0,0,0,0,0,0,0
2026-01-12,checkout/pack-permis-complet-et-reussite-code-plus,0,0,0,0,0,0,0,0,0
2026-01-12,checkout/pack-permis-casa-nord-france,0,0,0,0,0,0,0,0,0
2026-01-12,checkout/pack-permis-complet-boite-automatique-et-reussite-code-plus,0,0,0,0,0,0,0,0,0
2026-01-12,checkout/rendez-vous-pedagogiques,0,0,0,0,0,0,0,0,0
2026-01-12,checkout/pack-permis-complet-boite-automatique-sans-code-et-reussite-conduite-plus-lead,0,0,0,0,0,0,0,0,0
2026-01-12,checkout/pack-permis-boite-automatique-casa-nord-france,0,0,0,0,0,0,0,0,0
2026-01-12,emailcrm&utm_medium=email&utm_source=crm&utm_campaign=3b74f603-2f61-4df1-9869-4dff5e11d8e9,0,0,0,0,0,0,0,0,0
2026-01-12,permis_widget,0,0,0,0,0,0,0,0,0
2026-01-13,shop,137,116,108,84,35,93.1,77.8,30.2,41.7
2026-01-13,unknown,8,8,7,6,3,87.5,85.7,37.5,50.0
2026-01-13,product/pack-permis-complet,64,52,48,31,4,92.3,64.6,7.7,12.9
2026-01-13,product/pack-permis-complet-sans-code,46,33,31,23,10,93.9,74.2,30.3,43.5
2026-01-13,product/pack-permis-complet-sans-code-lead,17,16,14,13,6,87.5,92.9,37.5,46.2
2026-01-13,product/pack-permis-complet-revolut,0,0,0,0,0,0,0,0,0
2026-01-13,product/pack-permis-complet-boite-automatique,19,19,16,13,6,84.2,81.2,31.6,46.2
2026-01-13,emailcrm,2,2,2,2,0,100.0,100.0,0.0,0.0
2026-01-13,product/pack-permis-complet-boite-automatique-sans-code,14,14,13,11,6,92.9,84.6,42.9,54.5
2026-01-13,product/pack-permis-complet-boite-automatique-sans-code-lead,19,17,14,8,3,82.4,57.1,17.6,37.5
2026-01-13,product/pack-5h,17,16,14,11,1,87.5,78.6,6.2,9.1
2026-01-13,product/pack-10h,7,6,5,3,1,83.3,60.0,16.7,33.3
2026-01-13,product/conduite-accompagnee-first,12,9,7,5,2,77.8,71.4,22.2,40.0
2026-01-13,product/pack-20h,0,0,0,0,0,0,0,0,0
2026-01-13,product/pack-permis-complet-boite-automatique-revolut,0,0,0,0,0,0,0,0,0
2026-01-13,emailcrmheader,0,0,0,0,0,0,0,0,0
2026-01-13,product/pack-5h-boite-automatique,5,3,2,2,0,66.7,100.0,0.0,0.0
2026-01-13,product/pack-10h-boite-automatique,4,4,4,3,2,100.0,75.0,50.0,66.7
2026-01-13,checkout/pack-permis-complet,4,4,3,3,1,75.0,100.0,25.0,33.3
2026-01-13,product/conduite-accompagnee-boite-automatique-first,3,3,3,3,2,100.0,100.0,66.7,66.7
2026-01-13,checkout/pack-permis-complet-sans-code,2,2,2,2,0,100.0,100.0,0.0,0.0
2026-01-13,infocards,0,0,0,0,0,0,0,0,0
2026-01-13,checkout/pack-permis-complet-sans-code-lead,2,2,2,2,1,100.0,100.0,50.0,50.0
2026-01-13,checkout/pack-permis-complet-boite-automatique,3,3,3,2,1,100.0,66.7,33.3,50.0
2026-01-13,checkout/pack-permis-complet-revolut,0,0,0,0,0,0,0,0,0
2026-01-13,checkout/pack-permis-complet-boite-automatique-sans-code-lead,1,1,1,1,0,100.0,100.0,0.0,0.0
2026-01-13,checkout/pack-5h,0,0,0,0,0,0,0,0,0
2026-01-13,checkout/conduite-accompagnee-first,4,1,1,0,0,100.0,0.0,0.0,0
2026-01-13,checkout/pack-permis-complet-boite-automatique-sans-code,0,0,0,0,0,0,0,0,0
2026-01-13,checkout/pack-5h-boite-automatique,0,0,0,0,0,0,0,0,0
2026-01-13,product/rendez-vous-pedagogiques,0,0,0,0,0,0,0,0,0
2026-01-13,checkout/pack-10h,1,1,1,1,0,100.0,100.0,0.0,0.0
2026-01-13,checkout/pack-permis-complet-boite-automatique-revolut,0,0,0,0,0,0,0,0,0
2026-01-13,chatbot_support,0,0,0,0,0,0,0,0,0
2026-01-13,product/pack-permis-casa-nord-france,0,0,0,0,0,0,0,0,0
2026-01-13,home_widget,0,0,0,0,0,0,0,0,0
2026-01-13,checkout/pack-10h-boite-automatique,0,0,0,0,0,0,0,0,0
2026-01-13,checkout/pack-20h,0,0,0,0,0,0,0,0,0
2026-01-13,checkout/conduite-accompagnee-boite-automatique-first,0,0,0,0,0,0,0,0,0
2026-01-13,product/pack-permis-boite-automatique-casa-nord-france,0,0,0,0,0,0,0,0,0
2026-01-13,product/rendez-vous-pedagogiques-automatique,0,0,0,0,0,0,0,0,0
2026-01-13,checkout/pack-permis-complet-boite-automatique-sans-code-et-reussite-conduite-plus,0,0,0,0,0,0,0,0,0
2026-01-13,checkout/pack-permis-complet-et-reussite-code-plus,0,0,0,0,0,0,0,0,0
2026-01-13,checkout/pack-permis-casa-nord-france,0,0,0,0,0,0,0,0,0
2026-01-13,checkout/pack-permis-complet-boite-automatique-et-reussite-code-plus,0,0,0,0,0,0,0,0,0
2026-01-13,checkout/rendez-vous-pedagogiques,0,0,0,0,0,0,0,0,0
2026-01-13,checkout/pack-permis-complet-boite-automatique-sans-code-et-reussite-conduite-plus-lead,0,0,0,0,0,0,0,0,0
2026-01-13,checkout/pack-permis-boite-automatique-casa-nord-france,0,0,0,0,0,0,0,0,0
2026-01-13,emailcrm&utm_medium=email&utm_source=crm&utm_campaign=3b74f603-2f61-4df1-9869-4dff5e11d8e9,0,0,0,0,0,0,0,0,0
2026-01-13,permis_widget,0,0,0,0,0,0,0,0,0
2026-01-14,shop,181,141,127,92,28,90.1,72.4,19.9,30.4
2026-01-14,unknown,4,4,4,4,3,100.0,100.0,75.0,75.0
2026-01-14,product/pack-permis-complet,41,36,32,23,4,88.9,71.9,11.1,17.4
2026-01-14,product/pack-permis-complet-sans-code,34,30,24,14,2,80.0,58.3,6.7,14.3
2026-01-14,product/pack-permis-complet-sans-code-lead,28,21,19,16,7,90.5,84.2,33.3,43.8
2026-01-14,product/pack-permis-complet-revolut,0,0,0,0,0,0,0,0,0
2026-01-14,product/pack-permis-complet-boite-automatique,13,13,13,11,6,100.0,84.6,46.2,54.5
2026-01-14,emailcrm,8,7,6,6,4,85.7,100.0,57.1,66.7
2026-01-14,product/pack-permis-complet-boite-automatique-sans-code,12,11,10,8,2,90.9,80.0,18.2,25.0
2026-01-14,product/pack-permis-complet-boite-automatique-sans-code-lead,14,11,11,9,5,100.0,81.8,45.5,55.6
2026-01-14,product/pack-5h,13,13,13,8,2,100.0,61.5,15.4,25.0
2026-01-14,product/pack-10h,5,5,4,4,3,80.0,100.0,60.0,75.0
2026-01-14,product/conduite-accompagnee-first,15,9,9,8,4,100.0,88.9,44.4,50.0
2026-01-14,product/pack-20h,0,0,0,0,0,0,0,0,0
2026-01-14,product/pack-permis-complet-boite-automatique-revolut,0,0,0,0,0,0,0,0,0
2026-01-14,emailcrmheader,0,0,0,0,0,0,0,0,0
2026-01-14,product/pack-5h-boite-automatique,10,8,7,3,2,87.5,42.9,25.0,66.7
2026-01-14,product/pack-10h-boite-automatique,6,5,4,2,1,80.0,50.0,20.0,50.0
2026-01-14,checkout/pack-permis-complet,6,6,6,4,1,100.0,66.7,16.7,25.0
2026-01-14,product/conduite-accompagnee-boite-automatique-first,2,2,2,2,2,100.0,100.0,100.0,100.0
2026-01-14,checkout/pack-permis-complet-sans-code,3,3,3,3,2,100.0,100.0,66.7,66.7
2026-01-14,infocards,0,0,0,0,0,0,0,0,0
2026-01-14,checkout/pack-permis-complet-sans-code-lead,2,2,1,1,0,50.0,100.0,0.0,0.0
2026-01-14,checkout/pack-permis-complet-boite-automatique,1,1,1,1,1,100.0,100.0,100.0,100.0
2026-01-14,checkout/pack-permis-complet-revolut,0,0,0,0,0,0,0,0,0
2026-01-14,checkout/pack-permis-complet-boite-automatique-sans-code-lead,0,0,0,0,0,0,0,0,0
2026-01-14,checkout/pack-5h,0,0,0,0,0,0,0,0,0
2026-01-14,checkout/conduite-accompagnee-first,2,2,2,2,2,100.0,100.0,100.0,100.0
2026-01-14,checkout/pack-permis-complet-boite-automatique-sans-code,0,0,0,0,0,0,0,0,0
2026-01-14,checkout/pack-5h-boite-automatique,2,1,1,1,0,100.0,100.0,0.0,0.0
2026-01-14,product/rendez-vous-pedagogiques,0,0,0,0,0,0,0,0,0
2026-01-14,checkout/pack-10h,0,0,0,0,0,0,0,0,0
2026-01-14,checkout/pack-permis-complet-boite-automatique-revolut,0,0,0,0,0,0,0,0,0
2026-01-14,chatbot_support,0,0,0,0,0,0,0,0,0
2026-01-14,product/pack-permis-casa-nord-france,0,0,0,0,0,0,0,0,0
2026-01-14,home_widget,0,0,0,0,0,0,0,0,0
2026-01-14,checkout/pack-10h-boite-automatique,0,0,0,0,0,0,0,0,0
2026-01-14,checkout/pack-20h,0,0,0,0,0,0,0,0,0
2026-01-14,checkout/conduite-accompagnee-boite-automatique-first,0,0,0,0,0,0,0,0,0
2026-01-14,product/pack-permis-boite-automatique-casa-nord-france,0,0,0,0,0,0,0,0,0
2026-01-14,product/rendez-vous-pedagogiques-automatique,0,0,0,0,0,0,0,0,0
2026-01-14,checkout/pack-permis-complet-boite-automatique-sans-code-et-reussite-conduite-plus,0,0,0,0,0,0,0,0,0
2026-01-14,checkout/pack-permis-complet-et-reussite-code-plus,0,0,0,0,0,0,0,0,0
2026-01-14,checkout/pack-permis-casa-nord-france,0,0,0,0,0,0,0,0,0
2026-01-14,checkout/pack-permis-complet-boite-automatique-et-reussite-code-plus,0,0,0,0,0,0,0,0,0
2026-01-14,checkout/rendez-vous-pedagogiques,0,0,0,0,0,0,0,0,0
2026-01-14,checkout/pack-permis-complet-boite-automatique-sans-code-et-reussite-conduite-plus-lead,0,0,0,0,0,0,0,0,0
2026-01-14,checkout/pack-permis-boite-automatique-casa-nord-france,0,0,0,0,0,0,0,0,0
2026-01-14,emailcrm&utm_medium=email&utm_source=crm&utm_campaign=3b74f603-2f61-4df1-9869-4dff5e11d8e9,0,0,0,0,0,0,0,0,0
2026-01-14,permis_widget,0,0,0,0,0,0,0,0,0
2026-01-15,shop,119,107,106,84,24,99.1,79.2,22.4,28.6
2026-01-15,unknown,10,10,10,7,2,100.0,70.0,20.0,28.6
2026-01-15,product/pack-permis-complet,47,41,41,30,12,100.0,73.2,29.3,40.0
2026-01-15,product/pack-permis-complet-sans-code,18,16,16,13,7,100.0,81.2,43.8,53.8
2026-01-15,product/pack-permis-complet-sans-code-lead,31,23,23,19,12,100.0,82.6,52.2,63.2
2026-01-15,product/pack-permis-complet-revolut,0,0,0,0,0,0,0,0,0
2026-01-15,product/pack-permis-complet-boite-automatique,13,12,12,8,3,100.0,66.7,25.0,37.5
2026-01-15,emailcrm,10,6,6,5,2,100.0,83.3,33.3,40.0
2026-01-15,product/pack-permis-complet-boite-automatique-sans-code,12,11,11,9,5,100.0,81.8,45.5,55.6
2026-01-15,product/pack-permis-complet-boite-automatique-sans-code-lead,16,15,14,12,5,93.3,85.7,33.3,41.7
2026-01-15,product/pack-5h,3,3,3,2,0,100.0,66.7,0.0,0.0
2026-01-15,product/pack-10h,6,5,5,3,0,100.0,60.0,0.0,0.0
2026-01-15,product/conduite-accompagnee-first,6,5,5,3,1,100.0,60.0,20.0,33.3
2026-01-15,product/pack-20h,0,0,0,0,0,0,0,0,0
2026-01-15,product/pack-permis-complet-boite-automatique-revolut,0,0,0,0,0,0,0,0,0
2026-01-15,emailcrmheader,0,0,0,0,0,0,0,0,0
2026-01-15,product/pack-5h-boite-automatique,4,3,3,1,1,100.0,33.3,33.3,100.0
2026-01-15,product/pack-10h-boite-automatique,1,1,1,1,0,100.0,100.0,0.0,0.0
2026-01-15,checkout/pack-permis-complet,9,8,8,5,2,100.0,62.5,25.0,40.0
2026-01-15,product/conduite-accompagnee-boite-automatique-first,1,1,1,1,1,100.0,100.0,100.0,100.0
2026-01-15,checkout/pack-permis-complet-sans-code,2,2,2,2,1,100.0,100.0,50.0,50.0
2026-01-15,infocards,0,0,0,0,0,0,0,0,0
2026-01-15,checkout/pack-permis-complet-sans-code-lead,1,1,1,1,0,100.0,100.0,0.0,0.0
2026-01-15,checkout/pack-permis-complet-boite-automatique,0,0,0,0,0,0,0,0,0
2026-01-15,checkout/pack-permis-complet-revolut,0,0,0,0,0,0,0,0,0
2026-01-15,checkout/pack-permis-complet-boite-automatique-sans-code-lead,2,1,1,1,1,100.0,100.0,100.0,100.0
2026-01-15,checkout/pack-5h,0,0,0,0,0,0,0,0,0
2026-01-15,checkout/conduite-accompagnee-first,0,0,0,0,0,0,0,0,0
2026-01-15,checkout/pack-permis-complet-boite-automatique-sans-code,1,1,1,1,0,100.0,100.0,0.0,0.0
2026-01-15,checkout/pack-5h-boite-automatique,0,0,0,0,0,0,0,0,0
2026-01-15,product/rendez-vous-pedagogiques,0,0,0,0,0,0,0,0,0
2026-01-15,checkout/pack-10h,0,0,0,0,0,0,0,0,0
2026-01-15,checkout/pack-permis-complet-boite-automatique-revolut,0,0,0,0,0,0,0,0,0
2026-01-15,chatbot_support,0,0,0,0,0,0,0,0,0
2026-01-15,product/pack-permis-casa-nord-france,0,0,0,0,0,0,0,0,0
2026-01-15,home_widget,0,0,0,0,0,0,0,0,0
2026-01-15,checkout/pack-10h-boite-automatique,0,0,0,0,0,0,0,0,0
2026-01-15,checkout/pack-20h,0,0,0,0,0,0,0,0,0
2026-01-15,checkout/conduite-accompagnee-boite-automatique-first,0,0,0,0,0,0,0,0,0
2026-01-15,product/pack-permis-boite-automatique-casa-nord-france,0,0,0,0,0,0,0,0,0
2026-01-15,product/rendez-vous-pedagogiques-automatique,0,0,0,0,0,0,0,0,0
2026-01-15,checkout/pack-permis-complet-boite-automatique-sans-code-et-reussite-conduite-plus,0,0,0,0,0,0,0,0,0
2026-01-15,checkout/pack-permis-complet-et-reussite-code-plus,0,0,0,0,0,0,0,0,0
2026-01-15,checkout/pack-permis-casa-nord-france,0,0,0,0,0,0,0,0,0
2026-01-15,checkout/pack-permis-complet-boite-automatique-et-reussite-code-plus,0,0,0,0,0,0,0,0,0
2026-01-15,checkout/rendez-vous-pedagogiques,0,0,0,0,0,0,0,0,0
2026-01-15,checkout/pack-permis-complet-boite-automatique-sans-code-et-reussite-conduite-plus-lead,0,0,0,0,0,0,0,0,0
2026-01-15,checkout/pack-permis-boite-automatique-casa-nord-france,0,0,0,0,0,0,0,0,0
2026-01-15,emailcrm&utm_medium=email&utm_source=crm&utm_campaign=3b74f603-2f61-4df1-9869-4dff5e11d8e9,0,0,0,0,0,0,0,0,0
2026-01-15,permis_widget,0,0,0,0,0,0,0,0,0
2026-01-16,shop,127,104,102,82,26,98.1,80.4,25.0,31.7
2026-01-16,unknown,2,1,1,1,1,100.0,100.0,100.0,100.0
2026-01-16,product/pack-permis-complet,52,47,45,30,11,95.7,66.7,23.4,36.7
2026-01-16,product/pack-permis-complet-sans-code,39,30,27,20,9,90.0,74.1,30.0,45.0
2026-01-16,product/pack-permis-complet-sans-code-lead,23,21,20,16,6,95.2,80.0,28.6,37.5
2026-01-16,product/pack-permis-complet-revolut,0,0,0,0,0,0,0,0,0
2026-01-16,product/pack-permis-complet-boite-automatique,12,8,8,7,2,100.0,87.5,25.0,28.6
2026-01-16,emailcrm,8,7,7,5,1,100.0,71.4,14.3,20.0
2026-01-16,product/pack-permis-complet-boite-automatique-sans-code,12,9,9,7,2,100.0,77.8,22.2,28.6
2026-01-16,product/pack-permis-complet-boite-automatique-sans-code-lead,12,11,11,4,3,100.0,36.4,27.3,75.0
2026-01-16,product/pack-5h,13,9,9,6,2,100.0,66.7,22.2,33.3
2026-01-16,product/pack-10h,11,8,5,3,3,62.5,60.0,37.5,100.0
2026-01-16,product/conduite-accompagnee-first,6,6,6,4,1,100.0,66.7,16.7,25.0
2026-01-16,product/pack-20h,0,0,0,0,0,0,0,0,0
2026-01-16,product/pack-permis-complet-boite-automatique-revolut,0,0,0,0,0,0,0,0,0
2026-01-16,emailcrmheader,0,0,0,0,0,0,0,0,0
2026-01-16,product/pack-5h-boite-automatique,6,4,4,3,0,100.0,75.0,0.0,0.0
2026-01-16,product/pack-10h-boite-automatique,2,2,2,2,2,100.0,100.0,100.0,100.0
2026-01-16,checkout/pack-permis-complet,3,3,3,3,0,100.0,100.0,0.0,0.0
2026-01-16,product/conduite-accompagnee-boite-automatique-first,1,1,1,1,0,100.0,100.0,0.0,0.0
2026-01-16,checkout/pack-permis-complet-sans-code,4,4,4,4,3,100.0,100.0,75.0,75.0
2026-01-16,infocards,0,0,0,0,0,0,0,0,0
2026-01-16,checkout/pack-permis-complet-sans-code-lead,2,2,2,2,0,100.0,100.0,0.0,0.0
2026-01-16,checkout/pack-permis-complet-boite-automatique,1,1,1,1,0,100.0,100.0,0.0,0.0
2026-01-16,checkout/pack-permis-complet-revolut,0,0,0,0,0,0,0,0,0
2026-01-16,checkout/pack-permis-complet-boite-automatique-sans-code-lead,0,0,0,0,0,0,0,0,0
2026-01-16,checkout/pack-5h,0,0,0,0,0,0,0,0,0
2026-01-16,checkout/conduite-accompagnee-first,0,0,0,0,0,0,0,0,0
2026-01-16,checkout/pack-permis-complet-boite-automatique-sans-code,2,2,2,2,1,100.0,100.0,50.0,50.0
2026-01-16,checkout/pack-5h-boite-automatique,0,0,0,0,0,0,0,0,0
2026-01-16,product/rendez-vous-pedagogiques,0,0,0,0,0,0,0,0,0
2026-01-16,checkout/pack-10h,1,1,0,0,0,0.0,0,0.0,0
2026-01-16,checkout/pack-permis-complet-boite-automatique-revolut,0,0,0,0,0,0,0,0,0
2026-01-16,chatbot_support,0,0,0,0,0,0,0,0,0
2026-01-16,product/pack-permis-casa-nord-france,0,0,0,0,0,0,0,0,0
2026-01-16,home_widget,0,0,0,0,0,0,0,0,0
2026-01-16,checkout/pack-10h-boite-automatique,0,0,0,0,0,0,0,0,0
2026-01-16,checkout/pack-20h,0,0,0,0,0,0,0,0,0
2026-01-16,checkout/conduite-accompagnee-boite-automatique-first,0,0,0,0,0,0,0,0,0
2026-01-16,product/pack-permis-boite-automatique-casa-nord-france,0,0,0,0,0,0,0,0,0
2026-01-16,product/rendez-vous-pedagogiques-automatique,0,0,0,0,0,0,0,0,0
2026-01-16,checkout/pack-permis-complet-boite-automatique-sans-code-et-reussite-conduite-plus,0,0,0,0,0,0,0,0,0
2026-01-16,checkout/pack-permis-complet-et-reussite-code-plus,0,0,0,0,0,0,0,0,0
2026-01-16,checkout/pack-permis-casa-nord-france,0,0,0,0,0,0,0,0,0
2026-01-16,checkout/pack-permis-complet-boite-automatique-et-reussite-code-plus,0,0,0,0,0,0,0,0,0
2026-01-16,checkout/rendez-vous-pedagogiques,0,0,0,0,0,0,0,0,0
2026-01-16,checkout/pack-permis-complet-boite-automatique-sans-code-et-reussite-conduite-plus-lead,0,0,0,0,0,0,0,0,0
2026-01-16,checkout/pack-permis-boite-automatique-casa-nord-france,0,0,0,0,0,0,0,0,0
2026-01-16,emailcrm&utm_medium=email&utm_source=crm&utm_campaign=3b74f603-2f61-4df1-9869-4dff5e11d8e9,0,0,0,0,0,0,0,0,0
2026-01-16,permis_widget,0,0,0,0,0,0,0,0,0
2026-01-17,shop,88,78,65,54,16,83.3,83.1,20.5,29.6
2026-01-17,unknown,1,1,0,0,1,0.0,0,100.0,0
2026-01-17,product/pack-permis-complet,29,22,16,13,6,72.7,81.2,27.3,46.2
2026-01-17,product/pack-permis-complet-sans-code,11,11,11,7,2,100.0,63.6,18.2,28.6
2026-01-17,product/pack-permis-complet-sans-code-lead,16,14,12,7,3,85.7,58.3,21.4,42.9
2026-01-17,product/pack-permis-complet-revolut,0,0,0,0,0,0,0,0,0
2026-01-17,product/pack-permis-complet-boite-automatique,5,5,4,4,2,80.0,100.0,40.0,50.0
2026-01-17,emailcrm,7,5,5,3,1,100.0,60.0,20.0,33.3
2026-01-17,product/pack-permis-complet-boite-automatique-sans-code,6,4,2,2,2,50.0,100.0,50.0,100.0
2026-01-17,product/pack-permis-complet-boite-automatique-sans-code-lead,7,6,6,5,2,100.0,83.3,33.3,40.0
2026-01-17,product/pack-5h,3,3,2,2,1,66.7,100.0,33.3,50.0
2026-01-17,product/pack-10h,7,7,3,1,0,42.9,33.3,0.0,0.0
2026-01-17,product/conduite-accompagnee-first,8,7,6,6,3,85.7,100.0,42.9,50.0
2026-01-17,product/pack-20h,0,0,0,0,0,0,0,0,0
2026-01-17,product/pack-permis-complet-boite-automatique-revolut,0,0,0,0,0,0,0,0,0
2026-01-17,emailcrmheader,0,0,0,0,0,0,0,0,0
2026-01-17,product/pack-5h-boite-automatique,3,2,2,2,0,100.0,100.0,0.0,0.0
2026-01-17,product/pack-10h-boite-automatique,4,4,2,1,0,50.0,50.0,0.0,0.0
2026-01-17,checkout/pack-permis-complet,3,1,1,0,0,100.0,0.0,0.0,0
2026-01-17,product/conduite-accompagnee-boite-automatique-first,3,3,2,2,1,66.7,100.0,33.3,50.0
2026-01-17,checkout/pack-permis-complet-sans-code,1,1,1,0,0,100.0,0.0,0.0,0
2026-01-17,infocards,0,0,0,0,0,0,0,0,0
2026-01-17,checkout/pack-permis-complet-sans-code-lead,1,1,1,1,1,100.0,100.0,100.0,100.0
2026-01-17,checkout/pack-permis-complet-boite-automatique,3,2,1,1,0,50.0,100.0,0.0,0.0
2026-01-17,checkout/pack-permis-complet-revolut,0,0,0,0,0,0,0,0,0
2026-01-17,checkout/pack-permis-complet-boite-automatique-sans-code-lead,3,3,2,1,2,66.7,50.0,66.7,200.0
2026-01-17,checkout/pack-5h,0,0,0,0,0,0,0,0,0
2026-01-17,checkout/conduite-accompagnee-first,0,0,0,0,0,0,0,0,0
2026-01-17,checkout/pack-permis-complet-boite-automatique-sans-code,0,0,0,0,0,0,0,0,0
2026-01-17,checkout/pack-5h-boite-automatique,0,0,0,0,0,0,0,0,0
2026-01-17,product/rendez-vous-pedagogiques,2,1,1,1,0,100.0,100.0,0.0,0.0
2026-01-17,checkout/pack-10h,0,0,0,0,0,0,0,0,0
2026-01-17,checkout/pack-permis-complet-boite-automatique-revolut,0,0,0,0,0,0,0,0,0
2026-01-17,chatbot_support,0,0,0,0,0,0,0,0,0
2026-01-17,product/pack-permis-casa-nord-france,0,0,0,0,0,0,0,0,0
2026-01-17,home_widget,0,0,0,0,0,0,0,0,0
2026-01-17,checkout/pack-10h-boite-automatique,0,0,0,0,0,0,0,0,0
2026-01-17,checkout/pack-20h,0,0,0,0,0,0,0,0,0
2026-01-17,checkout/conduite-accompagnee-boite-automatique-first,0,0,0,0,0,0,0,0,0
2026-01-17,product/pack-permis-boite-automatique-casa-nord-france,0,0,0,0,0,0,0,0,0
2026-01-17,product/rendez-vous-pedagogiques-automatique,0,0,0,0,0,0,0,0,0
2026-01-17,checkout/pack-permis-complet-boite-automatique-sans-code-et-reussite-conduite-plus,0,0,0,0,0,0,0,0,0
2026-01-17,checkout/pack-permis-complet-et-reussite-code-plus,1,1,1,1,1,100.0,100.0,100.0,100.0
2026-01-17,checkout/pack-permis-casa-nord-france,0,0,0,0,0,0,0,0,0
2026-01-17,checkout/pack-permis-complet-boite-automatique-et-reussite-code-plus,0,0,0,0,0,0,0,0,0
2026-01-17,checkout/rendez-vous-pedagogiques,0,0,0,0,0,0,0,0,0
2026-01-17,checkout/pack-permis-complet-boite-automatique-sans-code-et-reussite-conduite-plus-lead,0,0,0,0,0,0,0,0,0
2026-01-17,checkout/pack-permis-boite-automatique-casa-nord-france,0,0,0,0,0,0,0,0,0
2026-01-17,emailcrm&utm_medium=email&utm_source=crm&utm_campaign=3b74f603-2f61-4df1-9869-4dff5e11d8e9,0,0,0,0,0,0,0,0,0
2026-01-17,permis_widget,0,0,0,0,0,0,0,0,0
2026-01-18,shop,0,0,0,0,0,0,0,0,0
2026-01-18,unknown,0,0,0,0,0,0,0,0,0
2026-01-18,product/pack-permis-complet,0,0,0,0,0,0,0,0,0
2026-01-18,product/pack-permis-complet-sans-code,0,0,0,0,0,0,0,0,0
2026-01-18,product/pack-permis-complet-sans-code-lead,0,0,0,0,0,0,0,0,0
2026-01-18,product/pack-permis-complet-revolut,0,0,0,0,0,0,0,0,0
2026-01-18,product/pack-permis-complet-boite-automatique,0,0,0,0,0,0,0,0,0
2026-01-18,emailcrm,0,0,0,0,0,0,0,0,0
2026-01-18,product/pack-permis-complet-boite-automatique-sans-code,0,0,0,0,0,0,0,0,0
2026-01-18,product/pack-permis-complet-boite-automatique-sans-code-lead,0,0,0,0,0,0,0,0,0
2026-01-18,product/pack-5h,0,0,0,0,0,0,0,0,0
2026-01-18,product/pack-10h,0,0,0,0,0,0,0,0,0
2026-01-18,product/conduite-accompagnee-first,0,0,0,0,0,0,0,0,0
2026-01-18,product/pack-20h,0,0,0,0,0,0,0,0,0
2026-01-18,product/pack-permis-complet-boite-automatique-revolut,0,0,0,0,0,0,0,0,0
2026-01-18,emailcrmheader,0,0,0,0,0,0,0,0,0
2026-01-18,product/pack-5h-boite-automatique,0,0,0,0,0,0,0,0,0
2026-01-18,product/pack-10h-boite-automatique,0,0,0,0,0,0,0,0,0
2026-01-18,checkout/pack-permis-complet,0,0,0,0,0,0,0,0,0
2026-01-18,product/conduite-accompagnee-boite-automatique-first,0,0,0,0,0,0,0,0,0
2026-01-18,checkout/pack-permis-complet-sans-code,0,0,0,0,0,0,0,0,0
2026-01-18,infocards,0,0,0,0,0,0,0,0,0
2026-01-18,checkout/pack-permis-complet-sans-code-lead,0,0,0,0,0,0,0,0,0
2026-01-18,checkout/pack-permis-complet-boite-automatique,0,0,0,0,0,0,0,0,0
2026-01-18,checkout/pack-permis-complet-revolut,0,0,0,0,0,0,0,0,0
2026-01-18,checkout/pack-permis-complet-boite-automatique-sans-code-lead,0,0,0,0,0,0,0,0,0
2026-01-18,checkout/pack-5h,0,0,0,0,0,0,0,0,0
2026-01-18,checkout/conduite-accompagnee-first,0,0,0,0,0,0,0,0,0
2026-01-18,checkout/pack-permis-complet-boite-automatique-sans-code,0,0,0,0,0,0,0,0,0
2026-01-18,checkout/pack-5h-boite-automatique,0,0,0,0,0,0,0,0,0
2026-01-18,product/rendez-vous-pedagogiques,0,0,0,0,0,0,0,0,0
2026-01-18,checkout/pack-10h,0,0,0,0,0,0,0,0,0
2026-01-18,checkout/pack-permis-complet-boite-automatique-revolut,0,0,0,0,0,0,0,0,0
2026-01-18,chatbot_support,0,0,0,0,0,0,0,0,0
2026-01-18,product/pack-permis-casa-nord-france,0,0,0,0,0,0,0,0,0
2026-01-18,home_widget,0,0,0,0,0,0,0,0,0
2026-01-18,checkout/pack-10h-boite-automatique,0,0,0,0,0,0,0,0,0
2026-01-18,checkout/pack-20h,0,0,0,0,0,0,0,0,0
2026-01-18,checkout/conduite-accompagnee-boite-automatique-first,0,0,0,0,0,0,0,0,0
2026-01-18,product/pack-permis-boite-automatique-casa-nord-france,0,0,0,0,0,0,0,0,0
2026-01-18,product/rendez-vous-pedagogiques-automatique,0,0,0,0,0,0,0,0,0
2026-01-18,checkout/pack-permis-complet-boite-automatique-sans-code-et-reussite-conduite-plus,0,0,0,0,0,0,0,0,0
2026-01-18,checkout/pack-permis-complet-et-reussite-code-plus,0,0,0,0,0,0,0,0,0
2026-01-18,checkout/pack-permis-casa-nord-france,0,0,0,0,0,0,0,0,0
2026-01-18,checkout/pack-permis-complet-boite-automatique-et-reussite-code-plus,0,0,0,0,0,0,0,0,0
2026-01-18,checkout/rendez-vous-pedagogiques,0,0,0,0,0,0,0,0,0
2026-01-18,checkout/pack-permis-complet-boite-automatique-sans-code-et-reussite-conduite-plus-lead,0,0,0,0,0,0,0,0,0
2026-01-18,checkout/pack-permis-boite-automatique-casa-nord-france,0,0,0,0,0,0,0,0,0
2026-01-18,emailcrm&utm_medium=email&utm_source=crm&utm_campaign=3b74f603-2f61-4df1-9869-4dff5e11d8e9,0,0,0,0,0,0,0,0,0
2026-01-18,permis_widget,0,0,0,0,0,0,0,0,0
2026-01-19,shop,200,159,117,89,35,73.6,76.1,22.0,39.3
2026-01-19,unknown,11,11,6,5,2,54.5,83.3,18.2,40.0
2026-01-19,product/pack-permis-complet,74,59,40,34,13,67.8,85.0,22.0,38.2
2026-01-19,product/pack-permis-complet-sans-code,50,40,30,21,14,75.0,70.0,35.0,66.7
2026-01-19,product/pack-permis-complet-sans-code-lead,33,27,17,15,6,63.0,88.2,22.2,40.0
2026-01-19,product/pack-permis-complet-revolut,0,0,0,0,0,0,0,0,0
2026-01-19,product/pack-permis-complet-boite-automatique,32,28,24,18,6,85.7,75.0,21.4,33.3
2026-01-19,emailcrm,18,17,14,12,6,82.4,85.7,35.3,50.0
2026-01-19,product/pack-permis-complet-boite-automatique-sans-code,10,10,7,6,4,70.0,85.7,40.0,66.7
2026-01-19,product/pack-permis-complet-boite-automatique-sans-code-lead,19,17,13,11,6,76.5,84.6,35.3,54.5
2026-01-19,product/pack-5h,8,7,6,5,0,85.7,83.3,0.0,0.0
2026-01-19,product/pack-10h,15,13,5,3,1,38.5,60.0,7.7,33.3
2026-01-19,product/conduite-accompagnee-first,31,25,11,8,8,44.0,72.7,32.0,100.0
2026-01-19,product/pack-20h,0,0,0,0,0,0,0,0,0
2026-01-19,product/pack-permis-complet-boite-automatique-revolut,0,0,0,0,0,0,0,0,0
2026-01-19,emailcrmheader,0,0,0,0,0,0,0,0,0
2026-01-19,product/pack-5h-boite-automatique,6,5,4,4,2,80.0,100.0,40.0,50.0
2026-01-19,product/pack-10h-boite-automatique,6,6,3,0,0,50.0,0.0,0.0,0
2026-01-19,checkout/pack-permis-complet,4,4,3,2,0,75.0,66.7,0.0,0.0
2026-01-19,product/conduite-accompagnee-boite-automatique-first,8,8,5,5,2,62.5,100.0,25.0,40.0
2026-01-19,checkout/pack-permis-complet-sans-code,1,1,1,1,0,100.0,100.0,0.0,0.0
2026-01-19,infocards,0,0,0,0,0,0,0,0,0
2026-01-19,checkout/pack-permis-complet-sans-code-lead,4,4,1,1,1,25.0,100.0,25.0,100.0
2026-01-19,checkout/pack-permis-complet-boite-automatique,3,3,0,0,0,0.0,0,0.0,0
2026-01-19,checkout/pack-permis-complet-revolut,0,0,0,0,0,0,0,0,0
2026-01-19,checkout/pack-permis-complet-boite-automatique-sans-code-lead,0,0,0,0,0,0,0,0,0
2026-01-19,checkout/pack-5h,0,0,0,0,0,0,0,0,0
2026-01-19,checkout/conduite-accompagnee-first,10,7,5,2,1,71.4,40.0,14.3,50.0
2026-01-19,checkout/pack-permis-complet-boite-automatique-sans-code,0,0,0,0,0,0,0,0,0
2026-01-19,checkout/pack-5h-boite-automatique,0,0,0,0,0,0,0,0,0
2026-01-19,product/rendez-vous-pedagogiques,1,1,1,1,0,100.0,100.0,0.0,0.0
2026-01-19,checkout/pack-10h,0,0,0,0,0,0,0,0,0
2026-01-19,checkout/pack-permis-complet-boite-automatique-revolut,0,0,0,0,0,0,0,0,0
2026-01-19,chatbot_support,0,0,0,0,0,0,0,0,0
2026-01-19,product/pack-permis-casa-nord-france,0,0,0,0,0,0,0,0,0
2026-01-19,home_widget,0,0,0,0,0,0,0,0,0
2026-01-19,checkout/pack-10h-boite-automatique,1,1,1,0,0,100.0,0.0,0.0,0
2026-01-19,checkout/pack-20h,0,0,0,0,0,0,0,0,0
2026-01-19,checkout/conduite-accompagnee-boite-automatique-first,0,0,0,0,0,0,0,0,0
2026-01-19,product/pack-permis-boite-automatique-casa-nord-france,0,0,0,0,0,0,0,0,0
2026-01-19,product/rendez-vous-pedagogiques-automatique,0,0,0,0,0,0,0,0,0
2026-01-19,checkout/pack-permis-complet-boite-automatique-sans-code-et-reussite-conduite-plus,0,0,0,0,0,0,0,0,0
2026-01-19,checkout/pack-permis-complet-et-reussite-code-plus,0,0,0,0,0,0,0,0,0
2026-01-19,checkout/pack-permis-casa-nord-france,0,0,0,0,0,0,0,0,0
2026-01-19,checkout/pack-permis-complet-boite-automatique-et-reussite-code-plus,1,1,1,0,0,100.0,0.0,0.0,0
2026-01-19,checkout/rendez-vous-pedagogiques,0,0,0,0,0,0,0,0,0
2026-01-19,checkout/pack-permis-complet-boite-automatique-sans-code-et-reussite-conduite-plus-lead,0,0,0,0,0,0,0,0,0
2026-01-19,checkout/pack-permis-boite-automatique-casa-nord-france,0,0,0,0,0,0,0,0,0
2026-01-19,emailcrm&utm_medium=email&utm_source=crm&utm_campaign=3b74f603-2f61-4df1-9869-4dff5e11d8e9,0,0,0,0,0,0,0,0,0
2026-01-19,permis_widget,0,0,0,0,0,0,0,0,0
2026-01-20,shop,172,141,134,89,21,95.0,66.4,14.9,23.6
2026-01-20,unknown,6,6,6,3,1,100.0,50.0,16.7,33.3
2026-01-20,product/pack-permis-complet,53,49,48,31,15,98.0,64.6,30.6,48.4
2026-01-20,product/pack-permis-complet-sans-code,36,31,29,21,9,93.5,72.4,29.0,42.9
2026-01-20,product/pack-permis-complet-sans-code-lead,30,26,26,14,6,100.0,53.8,23.1,42.9
2026-01-20,product/pack-permis-complet-revolut,0,0,0,0,0,0,0,0,0
2026-01-20,product/pack-permis-complet-boite-automatique,22,20,19,10,2,95.0,52.6,10.0,20.0
2026-01-20,emailcrm,3,3,3,3,2,100.0,100.0,66.7,66.7
2026-01-20,product/pack-permis-complet-boite-automatique-sans-code,12,9,9,7,5,100.0,77.8,55.6,71.4
2026-01-20,product/pack-permis-complet-boite-automatique-sans-code-lead,17,14,13,9,5,92.9,69.2,35.7,55.6
2026-01-20,product/pack-5h,9,7,7,3,0,100.0,42.9,0.0,0.0
2026-01-20,product/pack-10h,10,10,9,6,0,90.0,66.7,0.0,0.0
2026-01-20,product/conduite-accompagnee-first,16,14,13,12,3,92.9,92.3,21.4,25.0
2026-01-20,product/pack-20h,0,0,0,0,0,0,0,0,0
2026-01-20,product/pack-permis-complet-boite-automatique-revolut,0,0,0,0,0,0,0,0,0
2026-01-20,emailcrmheader,0,0,0,0,0,0,0,0,0
2026-01-20,product/pack-5h-boite-automatique,4,4,4,1,0,100.0,25.0,0.0,0.0
2026-01-20,product/pack-10h-boite-automatique,1,1,1,1,0,100.0,100.0,0.0,0.0
2026-01-20,checkout/pack-permis-complet,6,6,6,3,0,100.0,50.0,0.0,0.0
2026-01-20,product/conduite-accompagnee-boite-automatique-first,2,2,2,2,1,100.0,100.0,50.0,50.0
2026-01-20,checkout/pack-permis-complet-sans-code,3,3,3,2,1,100.0,66.7,33.3,50.0
2026-01-20,infocards,0,0,0,0,0,0,0,0,0
2026-01-20,checkout/pack-permis-complet-sans-code-lead,2,2,2,1,1,100.0,50.0,50.0,100.0
2026-01-20,checkout/pack-permis-complet-boite-automatique,0,0,0,0,0,0,0,0,0
2026-01-20,checkout/pack-permis-complet-revolut,0,0,0,0,0,0,0,0,0
2026-01-20,checkout/pack-permis-complet-boite-automatique-sans-code-lead,5,4,1,1,0,25.0,100.0,0.0,0.0
2026-01-20,checkout/pack-5h,1,1,1,1,0,100.0,100.0,0.0,0.0
2026-01-20,checkout/conduite-accompagnee-first,0,0,0,0,0,0,0,0,0
2026-01-20,checkout/pack-permis-complet-boite-automatique-sans-code,0,0,0,0,0,0,0,0,0
2026-01-20,checkout/pack-5h-boite-automatique,0,0,0,0,0,0,0,0,0
2026-01-20,product/rendez-vous-pedagogiques,1,1,1,1,0,100.0,100.0,0.0,0.0
2026-01-20,checkout/pack-10h,0,0,0,0,0,0,0,0,0
2026-01-20,checkout/pack-permis-complet-boite-automatique-revolut,0,0,0,0,0,0,0,0,0
2026-01-20,chatbot_support,0,0,0,0,0,0,0,0,0
2026-01-20,product/pack-permis-casa-nord-france,0,0,0,0,0,0,0,0,0
2026-01-20,home_widget,0,0,0,0,0,0,0,0,0
2026-01-20,checkout/pack-10h-boite-automatique,0,0,0,0,0,0,0,0,0
2026-01-20,checkout/pack-20h,0,0,0,0,0,0,0,0,0
2026-01-20,checkout/conduite-accompagnee-boite-automatique-first,0,0,0,0,0,0,0,0,0
2026-01-20,product/pack-permis-boite-automatique-casa-nord-france,0,0,0,0,0,0,0,0,0
2026-01-20,product/rendez-vous-pedagogiques-automatique,0,0,0,0,0,0,0,0,0
2026-01-20,checkout/pack-permis-complet-boite-automatique-sans-code-et-reussite-conduite-plus,0,0,0,0,0,0,0,0,0
2026-01-20,checkout/pack-permis-complet-et-reussite-code-plus,0,0,0,0,0,0,0,0,0
2026-01-20,checkout/pack-permis-casa-nord-france,0,0,0,0,0,0,0,0,0
2026-01-20,checkout/pack-permis-complet-boite-automatique-et-reussite-code-plus,0,0,0,0,0,0,0,0,0
2026-01-20,checkout/rendez-vous-pedagogiques,0,0,0,0,0,0,0,0,0
2026-01-20,checkout/pack-permis-complet-boite-automatique-sans-code-et-reussite-conduite-plus-lead,0,0,0,0,0,0,0,0,0
2026-01-20,checkout/pack-permis-boite-automatique-casa-nord-france,0,0,0,0,0,0,0,0,0
2026-01-20,emailcrm&utm_medium=email&utm_source=crm&utm_campaign=3b74f603-2f61-4df1-9869-4dff5e11d8e9,0,0,0,0,0,0,0,0,0
2026-01-20,permis_widget,0,0,0,0,0,0,0,0,0
2026-01-21,shop,196,152,137,105,29,90.1,76.6,19.1,27.6
2026-01-21,unknown,16,13,11,9,2,84.6,81.8,15.4,22.2
2026-01-21,product/pack-permis-complet,59,53,47,35,17,88.7,74.5,32.1,48.6
2026-01-21,product/pack-permis-complet-sans-code,38,33,31,24,13,93.9,77.4,39.4,54.2
2026-01-21,product/pack-permis-complet-sans-code-lead,28,23,21,18,9,91.3,85.7,39.1,50.0
2026-01-21,product/pack-permis-complet-revolut,0,0,0,0,0,0,0,0,0
2026-01-21,product/pack-permis-complet-boite-automatique,19,18,17,12,2,94.4,70.6,11.1,16.7
2026-01-21,emailcrm,19,17,17,17,4,100.0,100.0,23.5,23.5
2026-01-21,product/pack-permis-complet-boite-automatique-sans-code,17,13,12,8,0,92.3,66.7,0.0,0.0
2026-01-21,product/pack-permis-complet-boite-automatique-sans-code-lead,12,10,10,9,4,100.0,90.0,40.0,44.4
2026-01-21,product/pack-5h,12,9,8,6,0,88.9,75.0,0.0,0.0
2026-01-21,product/pack-10h,7,6,6,5,3,100.0,83.3,50.0,60.0
2026-01-21,product/conduite-accompagnee-first,21,20,18,14,5,90.0,77.8,25.0,35.7
2026-01-21,product/pack-20h,0,0,0,0,0,0,0,0,0
2026-01-21,product/pack-permis-complet-boite-automatique-revolut,0,0,0,0,0,0,0,0,0
2026-01-21,emailcrmheader,0,0,0,0,0,0,0,0,0
2026-01-21,product/pack-5h-boite-automatique,2,2,2,2,1,100.0,100.0,50.0,50.0
2026-01-21,product/pack-10h-boite-automatique,7,6,5,3,2,83.3,60.0,33.3,66.7
2026-01-21,checkout/pack-permis-complet,5,5,5,5,0,100.0,100.0,0.0,0.0
2026-01-21,product/conduite-accompagnee-boite-automatique-first,16,11,8,7,2,72.7,87.5,18.2,28.6
2026-01-21,checkout/pack-permis-complet-sans-code,3,3,0,0,1,0.0,0,33.3,0
2026-01-21,infocards,0,0,0,0,0,0,0,0,0
2026-01-21,checkout/pack-permis-complet-sans-code-lead,1,1,1,0,0,100.0,0.0,0.0,0
2026-01-21,checkout/pack-permis-complet-boite-automatique,1,1,1,1,0,100.0,100.0,0.0,0.0
2026-01-21,checkout/pack-permis-complet-revolut,0,0,0,0,0,0,0,0,0
2026-01-21,checkout/pack-permis-complet-boite-automatique-sans-code-lead,3,2,1,1,0,50.0,100.0,0.0,0.0
2026-01-21,checkout/pack-5h,0,0,0,0,0,0,0,0,0
2026-01-21,checkout/conduite-accompagnee-first,2,2,1,1,0,50.0,100.0,0.0,0.0
2026-01-21,checkout/pack-permis-complet-boite-automatique-sans-code,0,0,0,0,0,0,0,0,0
2026-01-21,checkout/pack-5h-boite-automatique,0,0,0,0,0,0,0,0,0
2026-01-21,product/rendez-vous-pedagogiques,0,0,0,0,0,0,0,0,0
2026-01-21,checkout/pack-10h,0,0,0,0,0,0,0,0,0
2026-01-21,checkout/pack-permis-complet-boite-automatique-revolut,0,0,0,0,0,0,0,0,0
2026-01-21,chatbot_support,0,0,0,0,0,0,0,0,0
2026-01-21,product/pack-permis-casa-nord-france,0,0,0,0,0,0,0,0,0
2026-01-21,home_widget,0,0,0,0,0,0,0,0,0
2026-01-21,checkout/pack-10h-boite-automatique,0,0,0,0,0,0,0,0,0
2026-01-21,checkout/pack-20h,0,0,0,0,0,0,0,0,0
2026-01-21,checkout/conduite-accompagnee-boite-automatique-first,1,1,1,0,0,100.0,0.0,0.0,0
2026-01-21,product/pack-permis-boite-automatique-casa-nord-france,0,0,0,0,0,0,0,0,0
2026-01-21,product/rendez-vous-pedagogiques-automatique,1,1,1,1,0,100.0,100.0,0.0,0.0
2026-01-21,checkout/pack-permis-complet-boite-automatique-sans-code-et-reussite-conduite-plus,0,0,0,0,0,0,0,0,0
2026-01-21,checkout/pack-permis-complet-et-reussite-code-plus,0,0,0,0,0,0,0,0,0
2026-01-21,checkout/pack-permis-casa-nord-france,0,0,0,0,0,0,0,0,0
2026-01-21,checkout/pack-permis-complet-boite-automatique-et-reussite-code-plus,0,0,0,0,0,0,0,0,0
2026-01-21,checkout/rendez-vous-pedagogiques,0,0,0,0,0,0,0,0,0
2026-01-21,checkout/pack-permis-complet-boite-automatique-sans-code-et-reussite-conduite-plus-lead,0,0,0,0,0,0,0,0,0
2026-01-21,checkout/pack-permis-boite-automatique-casa-nord-france,0,0,0,0,0,0,0,0,0
2026-01-21,emailcrm&utm_medium=email&utm_source=crm&utm_campaign=3b74f603-2f61-4df1-9869-4dff5e11d8e9,0,0,0,0,0,0,0,0,0
2026-01-21,permis_widget,0,0,0,0,0,0,0,0,0
2026-01-22,shop,152,134,122,103,42,91.0,84.4,31.3,40.8
2026-01-22,unknown,3,3,2,1,0,66.7,50.0,0.0,0.0
2026-01-22,product/pack-permis-complet,35,32,29,20,4,90.6,69.0,12.5,20.0
2026-01-22,product/pack-permis-complet-sans-code,36,27,26,21,9,96.3,80.8,33.3,42.9
2026-01-22,product/pack-permis-complet-sans-code-lead,25,23,23,14,6,100.0,60.9,26.1,42.9
2026-01-22,product/pack-permis-complet-revolut,0,0,0,0,0,0,0,0,0
2026-01-22,product/pack-permis-complet-boite-automatique,12,11,10,5,2,90.9,50.0,18.2,40.0
2026-01-22,emailcrm,6,5,5,4,2,100.0,80.0,40.0,50.0
2026-01-22,product/pack-permis-complet-boite-automatique-sans-code,14,13,12,9,4,92.3,75.0,30.8,44.4
2026-01-22,product/pack-permis-complet-boite-automatique-sans-code-lead,11,10,8,5,1,80.0,62.5,10.0,20.0
2026-01-22,product/pack-5h,4,3,3,3,1,100.0,100.0,33.3,33.3
2026-01-22,product/pack-10h,5,5,4,3,1,80.0,75.0,20.0,33.3
2026-01-22,product/conduite-accompagnee-first,8,8,6,5,1,75.0,83.3,12.5,20.0
2026-01-22,product/pack-20h,0,0,0,0,0,0,0,0,0
2026-01-22,product/pack-permis-complet-boite-automatique-revolut,0,0,0,0,0,0,0,0,0
2026-01-22,emailcrmheader,0,0,0,0,0,0,0,0,0
2026-01-22,product/pack-5h-boite-automatique,1,1,1,0,0,100.0,0.0,0.0,0
2026-01-22,product/pack-10h-boite-automatique,7,7,6,4,2,85.7,66.7,28.6,50.0
2026-01-22,checkout/pack-permis-complet,7,5,5,3,0,100.0,60.0,0.0,0.0
2026-01-22,product/conduite-accompagnee-boite-automatique-first,2,2,2,1,1,100.0,50.0,50.0,100.0
2026-01-22,checkout/pack-permis-complet-sans-code,4,4,3,2,1,75.0,66.7,25.0,50.0
2026-01-22,infocards,0,0,0,0,0,0,0,0,0
2026-01-22,checkout/pack-permis-complet-sans-code-lead,0,0,0,0,0,0,0,0,0
2026-01-22,checkout/pack-permis-complet-boite-automatique,1,1,1,1,0,100.0,100.0,0.0,0.0
2026-01-22,checkout/pack-permis-complet-revolut,0,0,0,0,0,0,0,0,0
2026-01-22,checkout/pack-permis-complet-boite-automatique-sans-code-lead,1,1,1,1,0,100.0,100.0,0.0,0.0
2026-01-22,checkout/pack-5h,0,0,0,0,0,0,0,0,0
2026-01-22,checkout/conduite-accompagnee-first,0,0,0,0,0,0,0,0,0
2026-01-22,checkout/pack-permis-complet-boite-automatique-sans-code,0,0,0,0,0,0,0,0,0
2026-01-22,checkout/pack-5h-boite-automatique,0,0,0,0,0,0,0,0,0
2026-01-22,product/rendez-vous-pedagogiques,0,0,0,0,0,0,0,0,0
2026-01-22,checkout/pack-10h,0,0,0,0,0,0,0,0,0
2026-01-22,checkout/pack-permis-complet-boite-automatique-revolut,0,0,0,0,0,0,0,0,0
2026-01-22,chatbot_support,0,0,0,0,0,0,0,0,0
2026-01-22,product/pack-permis-casa-nord-france,0,0,0,0,0,0,0,0,0
2026-01-22,home_widget,1,1,1,1,0,100.0,100.0,0.0,0.0
2026-01-22,checkout/pack-10h-boite-automatique,0,0,0,0,0,0,0,0,0
2026-01-22,checkout/pack-20h,0,0,0,0,0,0,0,0,0
2026-01-22,checkout/conduite-accompagnee-boite-automatique-first,0,0,0,0,0,0,0,0,0
2026-01-22,product/pack-permis-boite-automatique-casa-nord-france,0,0,0,0,0,0,0,0,0
2026-01-22,product/rendez-vous-pedagogiques-automatique,2,1,1,1,0,100.0,100.0,0.0,0.0
2026-01-22,checkout/pack-permis-complet-boite-automatique-sans-code-et-reussite-conduite-plus,0,0,0,0,0,0,0,0,0
2026-01-22,checkout/pack-permis-complet-et-reussite-code-plus,0,0,0,0,0,0,0,0,0
2026-01-22,checkout/pack-permis-casa-nord-france,0,0,0,0,0,0,0,0,0
2026-01-22,checkout/pack-permis-complet-boite-automatique-et-reussite-code-plus,0,0,0,0,0,0,0,0,0
2026-01-22,checkout/rendez-vous-pedagogiques,1,1,1,1,0,100.0,100.0,0.0,0.0
2026-01-22,checkout/pack-permis-complet-boite-automatique-sans-code-et-reussite-conduite-plus-lead,0,0,0,0,0,0,0,0,0
2026-01-22,checkout/pack-permis-boite-automatique-casa-nord-france,0,0,0,0,0,0,0,0,0
2026-01-22,emailcrm&utm_medium=email&utm_source=crm&utm_campaign=3b74f603-2f61-4df1-9869-4dff5e11d8e9,0,0,0,0,0,0,0,0,0
2026-01-22,permis_widget,0,0,0,0,0,0,0,0,0
2026-01-23,shop,248,190,170,147,58,89.5,86.5,30.5,39.5
2026-01-23,unknown,12,11,9,7,6,81.8,77.8,54.5,85.7
2026-01-23,product/pack-permis-complet,24,21,19,15,3,90.5,78.9,14.3,20.0
2026-01-23,product/pack-permis-complet-sans-code,42,25,24,20,8,96.0,83.3,32.0,40.0
2026-01-23,product/pack-permis-complet-sans-code-lead,15,14,11,9,3,78.6,81.8,21.4,33.3
2026-01-23,product/pack-permis-complet-revolut,0,0,0,0,0,0,0,0,0
2026-01-23,product/pack-permis-complet-boite-automatique,13,11,9,7,2,81.8,77.8,18.2,28.6
2026-01-23,emailcrm,9,9,8,6,1,88.9,75.0,11.1,16.7
2026-01-23,product/pack-permis-complet-boite-automatique-sans-code,16,11,11,9,6,100.0,81.8,54.5,66.7
2026-01-23,product/pack-permis-complet-boite-automatique-sans-code-lead,13,13,11,7,2,84.6,63.6,15.4,28.6
2026-01-23,product/pack-5h,15,12,12,9,1,100.0,75.0,8.3,11.1
2026-01-23,product/pack-10h,10,8,8,6,1,100.0,75.0,12.5,16.7
2026-01-23,product/conduite-accompagnee-first,7,7,7,4,1,100.0,57.1,14.3,25.0
2026-01-23,product/pack-20h,0,0,0,0,0,0,0,0,0
2026-01-23,product/pack-permis-complet-boite-automatique-revolut,0,0,0,0,0,0,0,0,0
2026-01-23,emailcrmheader,0,0,0,0,0,0,0,0,0
2026-01-23,product/pack-5h-boite-automatique,3,3,3,0,0,100.0,0.0,0.0,0
2026-01-23,product/pack-10h-boite-automatique,4,4,4,3,2,100.0,75.0,50.0,66.7
2026-01-23,checkout/pack-permis-complet,2,2,2,2,0,100.0,100.0,0.0,0.0
2026-01-23,product/conduite-accompagnee-boite-automatique-first,5,5,5,5,1,100.0,100.0,20.0,20.0
2026-01-23,checkout/pack-permis-complet-sans-code,3,3,3,2,1,100.0,66.7,33.3,50.0
2026-01-23,infocards,0,0,0,0,0,0,0,0,0
2026-01-23,checkout/pack-permis-complet-sans-code-lead,3,3,3,3,2,100.0,100.0,66.7,66.7
2026-01-23,checkout/pack-permis-complet-boite-automatique,2,2,2,2,0,100.0,100.0,0.0,0.0
2026-01-23,checkout/pack-permis-complet-revolut,0,0,0,0,0,0,0,0,0
2026-01-23,checkout/pack-permis-complet-boite-automatique-sans-code-lead,1,1,1,0,0,100.0,0.0,0.0,0
2026-01-23,checkout/pack-5h,1,1,1,1,1,100.0,100.0,100.0,100.0
2026-01-23,checkout/conduite-accompagnee-first,2,2,2,1,1,100.0,50.0,50.0,100.0
2026-01-23,checkout/pack-permis-complet-boite-automatique-sans-code,0,0,0,0,0,0,0,0,0
2026-01-23,checkout/pack-5h-boite-automatique,0,0,0,0,0,0,0,0,0
2026-01-23,product/rendez-vous-pedagogiques,4,2,2,2,0,100.0,100.0,0.0,0.0
2026-01-23,checkout/pack-10h,1,1,1,1,0,100.0,100.0,0.0,0.0
2026-01-23,checkout/pack-permis-complet-boite-automatique-revolut,0,0,0,0,0,0,0,0,0
2026-01-23,chatbot_support,0,0,0,0,0,0,0,0,0
2026-01-23,product/pack-permis-casa-nord-france,0,0,0,0,0,0,0,0,0
2026-01-23,home_widget,1,1,1,1,0,100.0,100.0,0.0,0.0
2026-01-23,checkout/pack-10h-boite-automatique,0,0,0,0,0,0,0,0,0
2026-01-23,checkout/pack-20h,0,0,0,0,0,0,0,0,0
2026-01-23,checkout/conduite-accompagnee-boite-automatique-first,0,0,0,0,0,0,0,0,0
2026-01-23,product/pack-permis-boite-automatique-casa-nord-france,0,0,0,0,0,0,0,0,0
2026-01-23,product/rendez-vous-pedagogiques-automatique,0,0,0,0,0,0,0,0,0
2026-01-23,checkout/pack-permis-complet-boite-automatique-sans-code-et-reussite-conduite-plus,0,0,0,0,0,0,0,0,0
2026-01-23,checkout/pack-permis-complet-et-reussite-code-plus,0,0,0,0,0,0,0,0,0
2026-01-23,checkout/pack-permis-casa-nord-france,0,0,0,0,0,0,0,0,0
2026-01-23,checkout/pack-permis-complet-boite-automatique-et-reussite-code-plus,0,0,0,0,0,0,0,0,0
2026-01-23,checkout/rendez-vous-pedagogiques,0,0,0,0,0,0,0,0,0
2026-01-23,checkout/pack-permis-complet-boite-automatique-sans-code-et-reussite-conduite-plus-lead,0,0,0,0,0,0,0,0,0
2026-01-23,checkout/pack-permis-boite-automatique-casa-nord-france,0,0,0,0,0,0,0,0,0
2026-01-23,emailcrm&utm_medium=email&utm_source=crm&utm_campaign=3b74f603-2f61-4df1-9869-4dff5e11d8e9,0,0,0,0,0,0,0,0,0
2026-01-23,permis_widget,0,0,0,0,0,0,0,0,0
2026-01-24,shop,155,115,87,72,28,75.7,82.8,24.3,38.9
2026-01-24,unknown,7,7,5,4,3,71.4,80.0,42.9,75.0
2026-01-24,product/pack-permis-complet,27,23,17,12,4,73.9,70.6,17.4,33.3
2026-01-24,product/pack-permis-complet-sans-code,15,13,9,6,2,69.2,66.7,15.4,33.3
2026-01-24,product/pack-permis-complet-sans-code-lead,15,13,7,4,4,53.8,57.1,30.8,100.0
2026-01-24,product/pack-permis-complet-revolut,0,0,0,0,0,0,0,0,0
2026-01-24,product/pack-permis-complet-boite-automatique,15,14,10,6,5,71.4,60.0,35.7,83.3
2026-01-24,emailcrm,2,2,1,1,1,50.0,100.0,50.0,100.0
2026-01-24,product/pack-permis-complet-boite-automatique-sans-code,13,11,9,6,3,81.8,66.7,27.3,50.0
2026-01-24,product/pack-permis-complet-boite-automatique-sans-code-lead,8,6,5,5,2,83.3,100.0,33.3,40.0
2026-01-24,product/pack-5h,5,5,4,0,0,80.0,0.0,0.0,0
2026-01-24,product/pack-10h,15,10,7,5,2,70.0,71.4,20.0,40.0
2026-01-24,product/conduite-accompagnee-first,9,8,5,4,2,62.5,80.0,25.0,50.0
2026-01-24,product/pack-20h,0,0,0,0,0,0,0,0,0
2026-01-24,product/pack-permis-complet-boite-automatique-revolut,0,0,0,0,0,0,0,0,0
2026-01-24,emailcrmheader,0,0,0,0,0,0,0,0,0
2026-01-24,product/pack-5h-boite-automatique,1,1,1,0,0,100.0,0.0,0.0,0
2026-01-24,product/pack-10h-boite-automatique,3,3,3,2,0,100.0,66.7,0.0,0.0
2026-01-24,checkout/pack-permis-complet,3,2,1,1,0,50.0,100.0,0.0,0.0
2026-01-24,product/conduite-accompagnee-boite-automatique-first,4,3,3,0,0,100.0,0.0,0.0,0
2026-01-24,checkout/pack-permis-complet-sans-code,5,3,1,0,0,33.3,0.0,0.0,0
2026-01-24,infocards,0,0,0,0,0,0,0,0,0
2026-01-24,checkout/pack-permis-complet-sans-code-lead,1,1,1,0,0,100.0,0.0,0.0,0
2026-01-24,checkout/pack-permis-complet-boite-automatique,1,1,0,0,0,0.0,0,0.0,0
2026-01-24,checkout/pack-permis-complet-revolut,0,0,0,0,0,0,0,0,0
2026-01-24,checkout/pack-permis-complet-boite-automatique-sans-code-lead,0,0,0,0,0,0,0,0,0
2026-01-24,checkout/pack-5h,1,1,1,1,0,100.0,100.0,0.0,0.0
2026-01-24,checkout/conduite-accompagnee-first,0,0,0,0,0,0,0,0,0
2026-01-24,checkout/pack-permis-complet-boite-automatique-sans-code,0,0,0,0,0,0,0,0,0
2026-01-24,checkout/pack-5h-boite-automatique,0,0,0,0,0,0,0,0,0
2026-01-24,product/rendez-vous-pedagogiques,0,0,0,0,0,0,0,0,0
2026-01-24,checkout/pack-10h,0,0,0,0,0,0,0,0,0
2026-01-24,checkout/pack-permis-complet-boite-automatique-revolut,0,0,0,0,0,0,0,0,0
2026-01-24,chatbot_support,0,0,0,0,0,0,0,0,0
2026-01-24,product/pack-permis-casa-nord-france,0,0,0,0,0,0,0,0,0
2026-01-24,home_widget,0,0,0,0,0,0,0,0,0
2026-01-24,checkout/pack-10h-boite-automatique,0,0,0,0,0,0,0,0,0
2026-01-24,checkout/pack-20h,0,0,0,0,0,0,0,0,0
2026-01-24,checkout/conduite-accompagnee-boite-automatique-first,0,0,0,0,0,0,0,0,0
2026-01-24,product/pack-permis-boite-automatique-casa-nord-france,0,0,0,0,0,0,0,0,0
2026-01-24,product/rendez-vous-pedagogiques-automatique,0,0,0,0,0,0,0,0,0
2026-01-24,checkout/pack-permis-complet-boite-automatique-sans-code-et-reussite-conduite-plus,0,0,0,0,0,0,0,0,0
2026-01-24,checkout/pack-permis-complet-et-reussite-code-plus,0,0,0,0,0,0,0,0,0
2026-01-24,checkout/pack-permis-casa-nord-france,0,0,0,0,0,0,0,0,0
2026-01-24,checkout/pack-permis-complet-boite-automatique-et-reussite-code-plus,1,1,1,1,0,100.0,100.0,0.0,0.0
2026-01-24,checkout/rendez-vous-pedagogiques,0,0,0,0,0,0,0,0,0
2026-01-24,checkout/pack-permis-complet-boite-automatique-sans-code-et-reussite-conduite-plus-lead,0,0,0,0,0,0,0,0,0
2026-01-24,checkout/pack-permis-boite-automatique-casa-nord-france,0,0,0,0,0,0,0,0,0
2026-01-24,emailcrm&utm_medium=email&utm_source=crm&utm_campaign=3b74f603-2f61-4df1-9869-4dff5e11d8e9,0,0,0,0,0,0,0,0,0
2026-01-24,permis_widget,0,0,0,0,0,0,0,0,0
2026-01-25,shop,0,0,0,0,0,0,0,0,0
2026-01-25,unknown,0,0,0,0,0,0,0,0,0
2026-01-25,product/pack-permis-complet,0,0,0,0,0,0,0,0,0
2026-01-25,product/pack-permis-complet-sans-code,0,0,0,0,0,0,0,0,0
2026-01-25,product/pack-permis-complet-sans-code-lead,0,0,0,0,0,0,0,0,0
2026-01-25,product/pack-permis-complet-revolut,0,0,0,0,0,0,0,0,0
2026-01-25,product/pack-permis-complet-boite-automatique,0,0,0,0,0,0,0,0,0
2026-01-25,emailcrm,0,0,0,0,0,0,0,0,0
2026-01-25,product/pack-permis-complet-boite-automatique-sans-code,0,0,0,0,0,0,0,0,0
2026-01-25,product/pack-permis-complet-boite-automatique-sans-code-lead,0,0,0,0,0,0,0,0,0
2026-01-25,product/pack-5h,0,0,0,0,0,0,0,0,0
2026-01-25,product/pack-10h,0,0,0,0,0,0,0,0,0
2026-01-25,product/conduite-accompagnee-first,0,0,0,0,0,0,0,0,0
2026-01-25,product/pack-20h,0,0,0,0,0,0,0,0,0
2026-01-25,product/pack-permis-complet-boite-automatique-revolut,0,0,0,0,0,0,0,0,0
2026-01-25,emailcrmheader,0,0,0,0,0,0,0,0,0
2026-01-25,product/pack-5h-boite-automatique,0,0,0,0,0,0,0,0,0
2026-01-25,product/pack-10h-boite-automatique,0,0,0,0,0,0,0,0,0
2026-01-25,checkout/pack-permis-complet,0,0,0,0,0,0,0,0,0
2026-01-25,product/conduite-accompagnee-boite-automatique-first,0,0,0,0,0,0,0,0,0
2026-01-25,checkout/pack-permis-complet-sans-code,0,0,0,0,0,0,0,0,0
2026-01-25,infocards,0,0,0,0,0,0,0,0,0
2026-01-25,checkout/pack-permis-complet-sans-code-lead,0,0,0,0,0,0,0,0,0
2026-01-25,checkout/pack-permis-complet-boite-automatique,0,0,0,0,0,0,0,0,0
2026-01-25,checkout/pack-permis-complet-revolut,0,0,0,0,0,0,0,0,0
2026-01-25,checkout/pack-permis-complet-boite-automatique-sans-code-lead,0,0,0,0,0,0,0,0,0
2026-01-25,checkout/pack-5h,0,0,0,0,0,0,0,0,0
2026-01-25,checkout/conduite-accompagnee-first,0,0,0,0,0,0,0,0,0
2026-01-25,checkout/pack-permis-complet-boite-automatique-sans-code,0,0,0,0,0,0,0,0,0
2026-01-25,checkout/pack-5h-boite-automatique,0,0,0,0,0,0,0,0,0
2026-01-25,product/rendez-vous-pedagogiques,0,0,0,0,0,0,0,0,0
2026-01-25,checkout/pack-10h,0,0,0,0,0,0,0,0,0
2026-01-25,checkout/pack-permis-complet-boite-automatique-revolut,0,0,0,0,0,0,0,0,0
2026-01-25,chatbot_support,0,0,0,0,0,0,0,0,0
2026-01-25,product/pack-permis-casa-nord-france,0,0,0,0,0,0,0,0,0
2026-01-25,home_widget,0,0,0,0,0,0,0,0,0
2026-01-25,checkout/pack-10h-boite-automatique,0,0,0,0,0,0,0,0,0
2026-01-25,checkout/pack-20h,0,0,0,0,0,0,0,0,0
2026-01-25,checkout/conduite-accompagnee-boite-automatique-first,0,0,0,0,0,0,0,0,0
2026-01-25,product/pack-permis-boite-automatique-casa-nord-france,0,0,0,0,0,0,0,0,0
2026-01-25,product/rendez-vous-pedagogiques-automatique,0,0,0,0,0,0,0,0,0
2026-01-25,checkout/pack-permis-complet-boite-automatique-sans-code-et-reussite-conduite-plus,0,0,0,0,0,0,0,0,0
2026-01-25,checkout/pack-permis-complet-et-reussite-code-plus,0,0,0,0,0,0,0,0,0
2026-01-25,checkout/pack-permis-casa-nord-france,0,0,0,0,0,0,0,0,0
2026-01-25,checkout/pack-permis-complet-boite-automatique-et-reussite-code-plus,0,0,0,0,0,0,0,0,0
2026-01-25,checkout/rendez-vous-pedagogiques,0,0,0,0,0,0,0,0,0
2026-01-25,checkout/pack-permis-complet-boite-automatique-sans-code-et-reussite-conduite-plus-lead,0,0,0,0,0,0,0,0,0
2026-01-25,checkout/pack-permis-boite-automatique-casa-nord-france,0,0,0,0,0,0,0,0,0
2026-01-25,emailcrm&utm_medium=email&utm_source=crm&utm_campaign=3b74f603-2f61-4df1-9869-4dff5e11d8e9,0,0,0,0,0,0,0,0,0
2026-01-25,permis_widget,0,0,0,0,0,0,0,0,0
2026-01-26,shop,427,331,156,127,68,47.1,81.4,20.5,53.5
2026-01-26,unknown,28,26,8,6,10,30.8,75.0,38.5,166.7
2026-01-26,product/pack-permis-complet,79,62,27,21,7,43.5,77.8,11.3,33.3
2026-01-26,product/pack-permis-complet-sans-code,78,63,26,20,14,41.3,76.9,22.2,70.0
2026-01-26,product/pack-permis-complet-sans-code-lead,44,37,11,9,11,29.7,81.8,29.7,122.2
2026-01-26,product/pack-permis-complet-revolut,0,0,0,0,0,0,0,0,0
2026-01-26,product/pack-permis-complet-boite-automatique,21,16,10,8,4,62.5,80.0,25.0,50.0
2026-01-26,emailcrm,13,10,2,1,1,20.0,50.0,10.0,100.0
2026-01-26,product/pack-permis-complet-boite-automatique-sans-code,29,25,6,4,3,24.0,66.7,12.0,75.0
2026-01-26,product/pack-permis-complet-boite-automatique-sans-code-lead,27,19,9,8,6,47.4,88.9,31.6,75.0
2026-01-26,product/pack-5h,14,11,6,2,0,54.5,33.3,0.0,0.0
2026-01-26,product/pack-10h,12,10,4,4,1,40.0,100.0,10.0,25.0
2026-01-26,product/conduite-accompagnee-first,19,17,4,3,5,23.5,75.0,29.4,166.7
2026-01-26,product/pack-20h,0,0,0,0,0,0,0,0,0
2026-01-26,product/pack-permis-complet-boite-automatique-revolut,0,0,0,0,0,0,0,0,0
2026-01-26,emailcrmheader,0,0,0,0,0,0,0,0,0
2026-01-26,product/pack-5h-boite-automatique,4,3,2,2,0,66.7,100.0,0.0,0.0
2026-01-26,product/pack-10h-boite-automatique,6,6,3,1,0,50.0,33.3,0.0,0.0
2026-01-26,checkout/pack-permis-complet,4,4,2,1,0,50.0,50.0,0.0,0.0
2026-01-26,product/conduite-accompagnee-boite-automatique-first,4,4,0,0,0,0.0,0,0.0,0
2026-01-26,checkout/pack-permis-complet-sans-code,7,7,2,2,2,28.6,100.0,28.6,100.0
2026-01-26,infocards,0,0,0,0,0,0,0,0,0
2026-01-26,checkout/pack-permis-complet-sans-code-lead,1,1,1,0,0,100.0,0.0,0.0,0
2026-01-26,checkout/pack-permis-complet-boite-automatique,3,3,0,0,0,0.0,0,0.0,0
2026-01-26,checkout/pack-permis-complet-revolut,0,0,0,0,0,0,0,0,0
2026-01-26,checkout/pack-permis-complet-boite-automatique-sans-code-lead,2,2,1,0,0,50.0,0.0,0.0,0
2026-01-26,checkout/pack-5h,0,0,0,0,0,0,0,0,0
2026-01-26,checkout/conduite-accompagnee-first,1,1,0,0,0,0.0,0,0.0,0
2026-01-26,checkout/pack-permis-complet-boite-automatique-sans-code,4,4,0,0,2,0.0,0,50.0,0
2026-01-26,checkout/pack-5h-boite-automatique,0,0,0,0,0,0,0,0,0
2026-01-26,product/rendez-vous-pedagogiques,0,0,0,0,0,0,0,0,0
2026-01-26,checkout/pack-10h,0,0,0,0,0,0,0,0,0
2026-01-26,checkout/pack-permis-complet-boite-automatique-revolut,0,0,0,0,0,0,0,0,0
2026-01-26,chatbot_support,0,0,0,0,0,0,0,0,0
2026-01-26,product/pack-permis-casa-nord-france,0,0,0,0,0,0,0,0,0
2026-01-26,home_widget,0,0,0,0,0,0,0,0,0
2026-01-26,checkout/pack-10h-boite-automatique,0,0,0,0,0,0,0,0,0
2026-01-26,checkout/pack-20h,0,0,0,0,0,0,0,0,0
2026-01-26,checkout/conduite-accompagnee-boite-automatique-first,0,0,0,0,0,0,0,0,0
2026-01-26,product/pack-permis-boite-automatique-casa-nord-france,0,0,0,0,0,0,0,0,0
2026-01-26,product/rendez-vous-pedagogiques-automatique,0,0,0,0,0,0,0,0,0
2026-01-26,checkout/pack-permis-complet-boite-automatique-sans-code-et-reussite-conduite-plus,0,0,0,0,0,0,0,0,0
2026-01-26,checkout/pack-permis-complet-et-reussite-code-plus,1,1,0,0,0,0.0,0,0.0,0
2026-01-26,checkout/pack-permis-casa-nord-france,0,0,0,0,0,0,0,0,0
2026-01-26,checkout/pack-permis-complet-boite-automatique-et-reussite-code-plus,0,0,0,0,0,0,0,0,0
2026-01-26,checkout/rendez-vous-pedagogiques,0,0,0,0,0,0,0,0,0
2026-01-26,checkout/pack-permis-complet-boite-automatique-sans-code-et-reussite-conduite-plus-lead,0,0,0,0,0,0,0,0,0
2026-01-26,checkout/pack-permis-boite-automatique-casa-nord-france,0,0,0,0,0,0,0,0,0
2026-01-26,emailcrm&utm_medium=email&utm_source=crm&utm_campaign=3b74f603-2f61-4df1-9869-4dff5e11d8e9,0,0,0,0,0,0,0,0,0
2026-01-26,permis_widget,0,0,0,0,0,0,0,0,0
2026-01-27,shop,376,274,185,148,81,67.5,80.0,29.6,54.7
2026-01-27,unknown,24,21,14,10,12,66.7,71.4,57.1,120.0
2026-01-27,product/pack-permis-complet,79,60,35,25,10,58.3,71.4,16.7,40.0
2026-01-27,product/pack-permis-complet-sans-code,42,28,21,12,9,75.0,57.1,32.1,75.0
2026-01-27,product/pack-permis-complet-sans-code-lead,27,23,13,11,5,56.5,84.6,21.7,45.5
2026-01-27,product/pack-permis-complet-revolut,0,0,0,0,0,0,0,0,0
2026-01-27,product/pack-permis-complet-boite-automatique,21,17,10,8,5,58.8,80.0,29.4,62.5
2026-01-27,emailcrm,8,8,4,2,2,50.0,50.0,25.0,100.0
2026-01-27,product/pack-permis-complet-boite-automatique-sans-code,23,17,9,4,4,52.9,44.4,23.5,100.0
2026-01-27,product/pack-permis-complet-boite-automatique-sans-code-lead,11,10,7,6,3,70.0,85.7,30.0,50.0
2026-01-27,product/pack-5h,11,9,5,4,0,55.6,80.0,0.0,0.0
2026-01-27,product/pack-10h,3,3,2,2,0,66.7,100.0,0.0,0.0
2026-01-27,product/conduite-accompagnee-first,14,14,9,7,4,64.3,77.8,28.6,57.1
2026-01-27,product/pack-20h,0,0,0,0,0,0,0,0,0
2026-01-27,product/pack-permis-complet-boite-automatique-revolut,0,0,0,0,0,0,0,0,0
2026-01-27,emailcrmheader,0,0,0,0,0,0,0,0,0
2026-01-27,product/pack-5h-boite-automatique,5,4,3,2,1,75.0,66.7,25.0,50.0
2026-01-27,product/pack-10h-boite-automatique,7,7,3,3,1,42.9,100.0,14.3,33.3
2026-01-27,checkout/pack-permis-complet,5,5,4,2,1,80.0,50.0,20.0,50.0
2026-01-27,product/conduite-accompagnee-boite-automatique-first,3,3,1,0,0,33.3,0.0,0.0,0
2026-01-27,checkout/pack-permis-complet-sans-code,4,4,1,0,1,25.0,0.0,25.0,0
2026-01-27,infocards,0,0,0,0,0,0,0,0,0
2026-01-27,checkout/pack-permis-complet-sans-code-lead,1,1,1,0,0,100.0,0.0,0.0,0
2026-01-27,checkout/pack-permis-complet-boite-automatique,1,1,1,1,1,100.0,100.0,100.0,100.0
2026-01-27,checkout/pack-permis-complet-revolut,0,0,0,0,0,0,0,0,0
2026-01-27,checkout/pack-permis-complet-boite-automatique-sans-code-lead,0,0,0,0,0,0,0,0,0
2026-01-27,checkout/pack-5h,0,0,0,0,0,0,0,0,0
2026-01-27,checkout/conduite-accompagnee-first,0,0,0,0,0,0,0,0,0
2026-01-27,checkout/pack-permis-complet-boite-automatique-sans-code,1,1,1,0,0,100.0,0.0,0.0,0
2026-01-27,checkout/pack-5h-boite-automatique,0,0,0,0,0,0,0,0,0
2026-01-27,product/rendez-vous-pedagogiques,1,1,1,1,0,100.0,100.0,0.0,0.0
2026-01-27,checkout/pack-10h,1,1,0,0,0,0.0,0,0.0,0
2026-01-27,checkout/pack-permis-complet-boite-automatique-revolut,0,0,0,0,0,0,0,0,0
2026-01-27,chatbot_support,0,0,0,0,0,0,0,0,0
2026-01-27,product/pack-permis-casa-nord-france,0,0,0,0,0,0,0,0,0
2026-01-27,home_widget,0,0,0,0,0,0,0,0,0
2026-01-27,checkout/pack-10h-boite-automatique,0,0,0,0,0,0,0,0,0
2026-01-27,checkout/pack-20h,0,0,0,0,0,0,0,0,0
2026-01-27,checkout/conduite-accompagnee-boite-automatique-first,0,0,0,0,0,0,0,0,0
2026-01-27,product/pack-permis-boite-automatique-casa-nord-france,0,0,0,0,0,0,0,0,0
2026-01-27,product/rendez-vous-pedagogiques-automatique,0,0,0,0,0,0,0,0,0
2026-01-27,checkout/pack-permis-complet-boite-automatique-sans-code-et-reussite-conduite-plus,0,0,0,0,0,0,0,0,0
2026-01-27,checkout/pack-permis-complet-et-reussite-code-plus,0,0,0,0,0,0,0,0,0
2026-01-27,checkout/pack-permis-casa-nord-france,0,0,0,0,0,0,0,0,0
2026-01-27,checkout/pack-permis-complet-boite-automatique-et-reussite-code-plus,0,0,0,0,0,0,0,0,0
2026-01-27,checkout/rendez-vous-pedagogiques,0,0,0,0,0,0,0,0,0
2026-01-27,checkout/pack-permis-complet-boite-automatique-sans-code-et-reussite-conduite-plus-lead,0,0,0,0,0,0,0,0,0
2026-01-27,checkout/pack-permis-boite-automatique-casa-nord-france,0,0,0,0,0,0,0,0,0
2026-01-27,emailcrm&utm_medium=email&utm_source=crm&utm_campaign=3b74f603-2f61-4df1-9869-4dff5e11d8e9,0,0,0,0,0,0,0,0,0
2026-01-27,permis_widget,0,0,0,0,0,0,0,0,0
2026-01-28,shop,461,332,161,133,90,48.5,82.6,27.1,67.7
2026-01-28,unknown,15,13,3,2,7,23.1,66.7,53.8,350.0
2026-01-28,product/pack-permis-complet,58,48,22,18,3,45.8,81.8,6.2,16.7
2026-01-28,product/pack-permis-complet-sans-code,56,45,22,16,12,48.9,72.7,26.7,75.0
2026-01-28,product/pack-permis-complet-sans-code-lead,21,19,9,7,5,47.4,77.8,26.3,71.4
2026-01-28,product/pack-permis-complet-revolut,0,0,0,0,0,0,0,0,0
2026-01-28,product/pack-permis-complet-boite-automatique,28,22,7,6,4,31.8,85.7,18.2,66.7
2026-01-28,emailcrm,6,5,3,2,1,60.0,66.7,20.0,50.0
2026-01-28,product/pack-permis-complet-boite-automatique-sans-code,18,17,9,7,2,52.9,77.8,11.8,28.6
2026-01-28,product/pack-permis-complet-boite-automatique-sans-code-lead,20,20,10,9,6,50.0,90.0,30.0,66.7
2026-01-28,product/pack-5h,12,10,6,6,5,60.0,100.0,50.0,83.3
2026-01-28,product/pack-10h,15,11,3,3,2,27.3,100.0,18.2,66.7
2026-01-28,product/conduite-accompagnee-first,20,16,4,4,2,25.0,100.0,12.5,50.0
2026-01-28,product/pack-20h,0,0,0,0,0,0,0,0,0
2026-01-28,product/pack-permis-complet-boite-automatique-revolut,0,0,0,0,0,0,0,0,0
2026-01-28,emailcrmheader,0,0,0,0,0,0,0,0,0
2026-01-28,product/pack-5h-boite-automatique,12,8,3,3,2,37.5,100.0,25.0,66.7
2026-01-28,product/pack-10h-boite-automatique,10,9,1,1,2,11.1,100.0,22.2,200.0
2026-01-28,checkout/pack-permis-complet,11,11,7,7,3,63.6,100.0,27.3,42.9
2026-01-28,product/conduite-accompagnee-boite-automatique-first,5,5,3,2,0,60.0,66.7,0.0,0.0
2026-01-28,checkout/pack-permis-complet-sans-code,1,1,0,0,0,0.0,0,0.0,0
2026-01-28,infocards,0,0,0,0,0,0,0,0,0
2026-01-28,checkout/pack-permis-complet-sans-code-lead,1,1,1,0,0,100.0,0.0,0.0,0
2026-01-28,checkout/pack-permis-complet-boite-automatique,3,3,2,1,0,66.7,50.0,0.0,0.0
2026-01-28,checkout/pack-permis-complet-revolut,0,0,0,0,0,0,0,0,0
2026-01-28,checkout/pack-permis-complet-boite-automatique-sans-code-lead,0,0,0,0,0,0,0,0,0
2026-01-28,checkout/pack-5h,2,2,0,0,0,0.0,0,0.0,0
2026-01-28,checkout/conduite-accompagnee-first,4,4,0,0,1,0.0,0,25.0,0
2026-01-28,checkout/pack-permis-complet-boite-automatique-sans-code,1,1,0,0,0,0.0,0,0.0,0
2026-01-28,checkout/pack-5h-boite-automatique,1,1,0,0,0,0.0,0,0.0,0
2026-01-28,product/rendez-vous-pedagogiques,0,0,0,0,0,0,0,0,0
2026-01-28,checkout/pack-10h,1,1,1,1,0,100.0,100.0,0.0,0.0
2026-01-28,checkout/pack-permis-complet-boite-automatique-revolut,0,0,0,0,0,0,0,0,0
2026-01-28,chatbot_support,0,0,0,0,0,0,0,0,0
2026-01-28,product/pack-permis-casa-nord-france,0,0,0,0,0,0,0,0,0
2026-01-28,home_widget,0,0,0,0,0,0,0,0,0
2026-01-28,checkout/pack-10h-boite-automatique,0,0,0,0,0,0,0,0,0
2026-01-28,checkout/pack-20h,0,0,0,0,0,0,0,0,0
2026-01-28,checkout/conduite-accompagnee-boite-automatique-first,0,0,0,0,0,0,0,0,0
2026-01-28,product/pack-permis-boite-automatique-casa-nord-france,0,0,0,0,0,0,0,0,0
2026-01-28,product/rendez-vous-pedagogiques-automatique,0,0,0,0,0,0,0,0,0
2026-01-28,checkout/pack-permis-complet-boite-automatique-sans-code-et-reussite-conduite-plus,0,0,0,0,0,0,0,0,0
2026-01-28,checkout/pack-permis-complet-et-reussite-code-plus,0,0,0,0,0,0,0,0,0
2026-01-28,checkout/pack-permis-casa-nord-france,0,0,0,0,0,0,0,0,0
2026-01-28,checkout/pack-permis-complet-boite-automatique-et-reussite-code-plus,0,0,0,0,0,0,0,0,0
2026-01-28,checkout/rendez-vous-pedagogiques,0,0,0,0,0,0,0,0,0
2026-01-28,checkout/pack-permis-complet-boite-automatique-sans-code-et-reussite-conduite-plus-lead,0,0,0,0,0,0,0,0,0
2026-01-28,checkout/pack-permis-boite-automatique-casa-nord-france,0,0,0,0,0,0,0,0,0
2026-01-28,emailcrm&utm_medium=email&utm_source=crm&utm_campaign=3b74f603-2f61-4df1-9869-4dff5e11d8e9,0,0,0,0,0,0,0,0,0
2026-01-28,permis_widget,0,0,0,0,0,0,0,0,0
2026-01-29,shop,466,331,177,144,91,53.5,81.4,27.5,63.2
2026-01-29,unknown,27,22,10,8,10,45.5,80.0,45.5,125.0
2026-01-29,product/pack-permis-complet,51,43,17,9,6,39.5,52.9,14.0,66.7
2026-01-29,product/pack-permis-complet-sans-code,65,53,26,16,9,49.1,61.5,17.0,56.2
2026-01-29,product/pack-permis-complet-sans-code-lead,25,20,6,6,3,30.0,100.0,15.0,50.0
2026-01-29,product/pack-permis-complet-revolut,0,0,0,0,0,0,0,0,0
2026-01-29,product/pack-permis-complet-boite-automatique,18,14,3,1,0,21.4,33.3,0.0,0.0
2026-01-29,emailcrm,9,7,4,4,3,57.1,100.0,42.9,75.0
2026-01-29,product/pack-permis-complet-boite-automatique-sans-code,16,12,7,6,2,58.3,85.7,16.7,33.3
2026-01-29,product/pack-permis-complet-boite-automatique-sans-code-lead,19,13,7,6,2,53.8,85.7,15.4,33.3
2026-01-29,product/pack-5h,13,12,5,4,0,41.7,80.0,0.0,0.0
2026-01-29,product/pack-10h,8,8,7,6,0,87.5,85.7,0.0,0.0
2026-01-29,product/conduite-accompagnee-first,13,8,5,3,1,62.5,60.0,12.5,33.3
2026-01-29,product/pack-20h,0,0,0,0,0,0,0,0,0
2026-01-29,product/pack-permis-complet-boite-automatique-revolut,0,0,0,0,0,0,0,0,0
2026-01-29,emailcrmheader,0,0,0,0,0,0,0,0,0
2026-01-29,product/pack-5h-boite-automatique,7,5,2,1,1,40.0,50.0,20.0,100.0
2026-01-29,product/pack-10h-boite-automatique,6,6,3,3,0,50.0,100.0,0.0,0.0
2026-01-29,checkout/pack-permis-complet,7,6,2,1,0,33.3,50.0,0.0,0.0
2026-01-29,product/conduite-accompagnee-boite-automatique-first,1,1,0,0,0,0.0,0,0.0,0
2026-01-29,checkout/pack-permis-complet-sans-code,3,2,0,0,0,0.0,0,0.0,0
2026-01-29,infocards,0,0,0,0,0,0,0,0,0
2026-01-29,checkout/pack-permis-complet-sans-code-lead,2,2,0,0,0,0.0,0,0.0,0
2026-01-29,checkout/pack-permis-complet-boite-automatique,4,3,0,0,1,0.0,0,33.3,0
2026-01-29,checkout/pack-permis-complet-revolut,0,0,0,0,0,0,0,0,0
2026-01-29,checkout/pack-permis-complet-boite-automatique-sans-code-lead,0,0,0,0,0,0,0,0,0
2026-01-29,checkout/pack-5h,0,0,0,0,0,0,0,0,0
2026-01-29,checkout/conduite-accompagnee-first,2,1,1,0,0,100.0,0.0,0.0,0
2026-01-29,checkout/pack-permis-complet-boite-automatique-sans-code,2,2,0,0,0,0.0,0,0.0,0
2026-01-29,checkout/pack-5h-boite-automatique,2,2,0,0,0,0.0,0,0.0,0
2026-01-29,product/rendez-vous-pedagogiques,1,1,1,1,0,100.0,100.0,0.0,0.0
2026-01-29,checkout/pack-10h,1,1,1,1,0,100.0,100.0,0.0,0.0
2026-01-29,checkout/pack-permis-complet-boite-automatique-revolut,0,0,0,0,0,0,0,0,0
2026-01-29,chatbot_support,0,0,0,0,0,0,0,0,0
2026-01-29,product/pack-permis-casa-nord-france,0,0,0,0,0,0,0,0,0
2026-01-29,home_widget,0,0,0,0,0,0,0,0,0
2026-01-29,checkout/pack-10h-boite-automatique,0,0,0,0,0,0,0,0,0
2026-01-29,checkout/pack-20h,0,0,0,0,0,0,0,0,0
2026-01-29,checkout/conduite-accompagnee-boite-automatique-first,0,0,0,0,0,0,0,0,0
2026-01-29,product/pack-permis-boite-automatique-casa-nord-france,0,0,0,0,0,0,0,0,0
2026-01-29,product/rendez-vous-pedagogiques-automatique,0,0,0,0,0,0,0,0,0
2026-01-29,checkout/pack-permis-complet-boite-automatique-sans-code-et-reussite-conduite-plus,0,0,0,0,0,0,0,0,0
2026-01-29,checkout/pack-permis-complet-et-reussite-code-plus,0,0,0,0,0,0,0,0,0
2026-01-29,checkout/pack-permis-casa-nord-france,0,0,0,0,0,0,0,0,0
2026-01-29,checkout/pack-permis-complet-boite-automatique-et-reussite-code-plus,0,0,0,0,0,0,0,0,0
2026-01-29,checkout/rendez-vous-pedagogiques,0,0,0,0,0,0,0,0,0
2026-01-29,checkout/pack-permis-complet-boite-automatique-sans-code-et-reussite-conduite-plus-lead,0,0,0,0,0,0,0,0,0
2026-01-29,checkout/pack-permis-boite-automatique-casa-nord-france,0,0,0,0,0,0,0,0,0
2026-01-29,emailcrm&utm_medium=email&utm_source=crm&utm_campaign=3b74f603-2f61-4df1-9869-4dff5e11d8e9,0,0,0,0,0,0,0,0,0
2026-01-29,permis_widget,0,0,0,0,0,0,0,0,0
2026-01-30,shop,651,460,25,17,93,5.4,68.0,20.2,547.1
2026-01-30,unknown,51,46,1,1,10,2.2,100.0,21.7,1000.0
2026-01-30,product/pack-permis-complet,77,62,3,0,5,4.8,0.0,8.1,0
2026-01-30,product/pack-permis-complet-sans-code,51,41,0,0,7,0.0,0,17.1,0
2026-01-30,product/pack-permis-complet-sans-code-lead,31,26,1,1,4,3.8,100.0,15.4,400.0
2026-01-30,product/pack-permis-complet-revolut,0,0,0,0,0,0,0,0,0
2026-01-30,product/pack-permis-complet-boite-automatique,23,17,0,0,2,0.0,0,11.8,0
2026-01-30,emailcrm,25,23,3,2,3,13.0,66.7,13.0,150.0
2026-01-30,product/pack-permis-complet-boite-automatique-sans-code,22,20,1,1,7,5.0,100.0,35.0,700.0
2026-01-30,product/pack-permis-complet-boite-automatique-sans-code-lead,15,13,0,0,2,0.0,0,15.4,0
2026-01-30,product/pack-5h,13,10,1,1,1,10.0,100.0,10.0,100.0
2026-01-30,product/pack-10h,8,8,0,0,0,0.0,0,0.0,0
2026-01-30,product/conduite-accompagnee-first,25,19,1,1,2,5.3,100.0,10.5,200.0
2026-01-30,product/pack-20h,0,0,0,0,0,0,0,0,0
2026-01-30,product/pack-permis-complet-boite-automatique-revolut,0,0,0,0,0,0,0,0,0
2026-01-30,emailcrmheader,0,0,0,0,0,0,0,0,0
2026-01-30,product/pack-5h-boite-automatique,4,3,0,0,0,0.0,0,0.0,0
2026-01-30,product/pack-10h-boite-automatique,4,4,0,0,0,0.0,0,0.0,0
2026-01-30,checkout/pack-permis-complet,3,2,0,0,0,0.0,0,0.0,0
2026-01-30,product/conduite-accompagnee-boite-automatique-first,7,7,0,0,0,0.0,0,0.0,0
2026-01-30,checkout/pack-permis-complet-sans-code,10,8,0,0,2,0.0,0,25.0,0
2026-01-30,infocards,0,0,0,0,0,0,0,0,0
2026-01-30,checkout/pack-permis-complet-sans-code-lead,5,4,0,0,0,0.0,0,0.0,0
2026-01-30,checkout/pack-permis-complet-boite-automatique,7,6,0,0,1,0.0,0,16.7,0
2026-01-30,checkout/pack-permis-complet-revolut,0,0,0,0,0,0,0,0,0
2026-01-30,checkout/pack-permis-complet-boite-automatique-sans-code-lead,0,0,0,0,0,0,0,0,0
2026-01-30,checkout/pack-5h,1,1,0,0,0,0.0,0,0.0,0
2026-01-30,checkout/conduite-accompagnee-first,3,2,0,0,0,0.0,0,0.0,0
2026-01-30,checkout/pack-permis-complet-boite-automatique-sans-code,0,0,0,0,0,0,0,0,0
2026-01-30,checkout/pack-5h-boite-automatique,1,1,0,0,0,0.0,0,0.0,0
2026-01-30,product/rendez-vous-pedagogiques,0,0,0,0,0,0,0,0,0
2026-01-30,checkout/pack-10h,0,0,0,0,0,0,0,0,0
2026-01-30,checkout/pack-permis-complet-boite-automatique-revolut,0,0,0,0,0,0,0,0,0
2026-01-30,chatbot_support,0,0,0,0,0,0,0,0,0
2026-01-30,product/pack-permis-casa-nord-france,0,0,0,0,0,0,0,0,0
2026-01-30,home_widget,2,1,0,0,0,0.0,0,0.0,0
2026-01-30,checkout/pack-10h-boite-automatique,0,0,0,0,0,0,0,0,0
2026-01-30,checkout/pack-20h,0,0,0,0,0,0,0,0,0
2026-01-30,checkout/conduite-accompagnee-boite-automatique-first,0,0,0,0,0,0,0,0,0
2026-01-30,product/pack-permis-boite-automatique-casa-nord-france,0,0,0,0,0,0,0,0,0
2026-01-30,product/rendez-vous-pedagogiques-automatique,0,0,0,0,0,0,0,0,0
2026-01-30,checkout/pack-permis-complet-boite-automatique-sans-code-et-reussite-conduite-plus,0,0,0,0,0,0,0,0,0
2026-01-30,checkout/pack-permis-complet-et-reussite-code-plus,0,0,0,0,0,0,0,0,0
2026-01-30,checkout/pack-permis-casa-nord-france,0,0,0,0,0,0,0,0,0
2026-01-30,checkout/pack-permis-complet-boite-automatique-et-reussite-code-plus,0,0,0,0,0,0,0,0,0
2026-01-30,checkout/rendez-vous-pedagogiques,0,0,0,0,0,0,0,0,0
2026-01-30,checkout/pack-permis-complet-boite-automatique-sans-code-et-reussite-conduite-plus-lead,0,0,0,0,0,0,0,0,0
2026-01-30,checkout/pack-permis-boite-automatique-casa-nord-france,0,0,0,0,0,0,0,0,0
2026-01-30,emailcrm&utm_medium=email&utm_source=crm&utm_campaign=3b74f603-2f61-4df1-9869-4dff5e11d8e9,0,0,0,0,0,0,0,0,0
2026-01-30,permis_widget,0,0,0,0,0,0,0,0,0
2026-01-31,shop,401,258,59,50,56,22.9,84.7,21.7,112.0
2026-01-31,unknown,25,21,5,4,13,23.8,80.0,61.9,325.0
2026-01-31,product/pack-permis-complet,45,37,6,4,2,16.2,66.7,5.4,50.0
2026-01-31,product/pack-permis-complet-sans-code,39,31,3,3,8,9.7,100.0,25.8,266.7
2026-01-31,product/pack-permis-complet-sans-code-lead,20,15,1,1,4,6.7,100.0,26.7,400.0
2026-01-31,product/pack-permis-complet-revolut,0,0,0,0,0,0,0,0,0
2026-01-31,product/pack-permis-complet-boite-automatique,22,17,0,0,2,0.0,0,11.8,0
2026-01-31,emailcrm,9,9,1,0,1,11.1,0.0,11.1,0
2026-01-31,product/pack-permis-complet-boite-automatique-sans-code,18,14,0,0,3,0.0,0,21.4,0
2026-01-31,product/pack-permis-complet-boite-automatique-sans-code-lead,8,6,2,2,3,33.3,100.0,50.0,150.0
2026-01-31,product/pack-5h,21,14,2,2,1,14.3,100.0,7.1,50.0
2026-01-31,product/pack-10h,12,10,0,0,1,0.0,0,10.0,0
2026-01-31,product/conduite-accompagnee-first,9,8,1,1,1,12.5,100.0,12.5,100.0
2026-01-31,product/pack-20h,0,0,0,0,0,0,0,0,0
2026-01-31,product/pack-permis-complet-boite-automatique-revolut,0,0,0,0,0,0,0,0,0
2026-01-31,emailcrmheader,0,0,0,0,0,0,0,0,0
2026-01-31,product/pack-5h-boite-automatique,7,5,1,1,0,20.0,100.0,0.0,0.0
2026-01-31,product/pack-10h-boite-automatique,3,3,0,0,0,0.0,0,0.0,0
2026-01-31,checkout/pack-permis-complet,2,2,0,0,1,0.0,0,50.0,0
2026-01-31,product/conduite-accompagnee-boite-automatique-first,4,4,1,0,0,25.0,0.0,0.0,0
2026-01-31,checkout/pack-permis-complet-sans-code,4,4,2,2,1,50.0,100.0,25.0,50.0
2026-01-31,infocards,0,0,0,0,0,0,0,0,0
2026-01-31,checkout/pack-permis-complet-sans-code-lead,0,0,0,0,0,0,0,0,0
2026-01-31,checkout/pack-permis-complet-boite-automatique,3,3,1,1,0,33.3,100.0,0.0,0.0
2026-01-31,checkout/pack-permis-complet-revolut,0,0,0,0,0,0,0,0,0
2026-01-31,checkout/pack-permis-complet-boite-automatique-sans-code-lead,1,1,0,0,0,0.0,0,0.0,0
2026-01-31,checkout/pack-5h,0,0,0,0,0,0,0,0,0
2026-01-31,checkout/conduite-accompagnee-first,1,1,0,0,1,0.0,0,100.0,0
2026-01-31,checkout/pack-permis-complet-boite-automatique-sans-code,2,2,1,1,1,50.0,100.0,50.0,100.0
2026-01-31,checkout/pack-5h-boite-automatique,1,1,0,0,0,0.0,0,0.0,0
2026-01-31,product/rendez-vous-pedagogiques,0,0,0,0,0,0,0,0,0
2026-01-31,checkout/pack-10h,2,2,0,0,0,0.0,0,0.0,0
2026-01-31,checkout/pack-permis-complet-boite-automatique-revolut,0,0,0,0,0,0,0,0,0
2026-01-31,chatbot_support,0,0,0,0,0,0,0,0,0
2026-01-31,product/pack-permis-casa-nord-france,0,0,0,0,0,0,0,0,0
2026-01-31,home_widget,0,0,0,0,0,0,0,0,0
2026-01-31,checkout/pack-10h-boite-automatique,0,0,0,0,0,0,0,0,0
2026-01-31,checkout/pack-20h,0,0,0,0,0,0,0,0,0
2026-01-31,checkout/conduite-accompagnee-boite-automatique-first,0,0,0,0,0,0,0,0,0
2026-01-31,product/pack-permis-boite-automatique-casa-nord-france,0,0,0,0,0,0,0,0,0
2026-01-31,product/rendez-vous-pedagogiques-automatique,0,0,0,0,0,0,0,0,0
2026-01-31,checkout/pack-permis-complet-boite-automatique-sans-code-et-reussite-conduite-plus,0,0,0,0,0,0,0,0,0
2026-01-31,checkout/pack-permis-complet-et-reussite-code-plus,0,0,0,0,0,0,0,0,0
2026-01-31,checkout/pack-permis-casa-nord-france,0,0,0,0,0,0,0,0,0
2026-01-31,checkout/pack-permis-complet-boite-automatique-et-reussite-code-plus,0,0,0,0,0,0,0,0,0
2026-01-31,checkout/rendez-vous-pedagogiques,0,0,0,0,0,0,0,0,0
2026-01-31,checkout/pack-permis-complet-boite-automatique-sans-code-et-reussite-conduite-plus-lead,0,0,0,0,0,0,0,0,0
2026-01-31,checkout/pack-permis-boite-automatique-casa-nord-france,0,0,0,0,0,0,0,0,0
2026-01-31,emailcrm&utm_medium=email&utm_source=crm&utm_campaign=3b74f603-2f61-4df1-9869-4dff5e11d8e9,0,0,0,0,0,0,0,0,0
2026-01-31,permis_widget,0,0,0,0,0,0,0,0,0
2026-02-01,shop,0,0,0,0,0,0,0,0,0
2026-02-01,unknown,0,0,0,0,0,0,0,0,0
2026-02-01,product/pack-permis-complet,0,0,0,0,0,0,0,0,0
2026-02-01,product/pack-permis-complet-sans-code,0,0,0,0,0,0,0,0,0
2026-02-01,product/pack-permis-complet-sans-code-lead,0,0,0,0,0,0,0,0,0
2026-02-01,product/pack-permis-complet-revolut,0,0,0,0,0,0,0,0,0
2026-02-01,product/pack-permis-complet-boite-automatique,0,0,0,0,0,0,0,0,0
2026-02-01,emailcrm,0,0,0,0,0,0,0,0,0
2026-02-01,product/pack-permis-complet-boite-automatique-sans-code,0,0,0,0,0,0,0,0,0
2026-02-01,product/pack-permis-complet-boite-automatique-sans-code-lead,0,0,0,0,0,0,0,0,0
2026-02-01,product/pack-5h,0,0,0,0,0,0,0,0,0
2026-02-01,product/pack-10h,0,0,0,0,0,0,0,0,0
2026-02-01,product/conduite-accompagnee-first,0,0,0,0,0,0,0,0,0
2026-02-01,product/pack-20h,0,0,0,0,0,0,0,0,0
2026-02-01,product/pack-permis-complet-boite-automatique-revolut,0,0,0,0,0,0,0,0,0
2026-02-01,emailcrmheader,0,0,0,0,0,0,0,0,0
2026-02-01,product/pack-5h-boite-automatique,0,0,0,0,0,0,0,0,0
2026-02-01,product/pack-10h-boite-automatique,0,0,0,0,0,0,0,0,0
2026-02-01,checkout/pack-permis-complet,0,0,0,0,0,0,0,0,0
2026-02-01,product/conduite-accompagnee-boite-automatique-first,0,0,0,0,0,0,0,0,0
2026-02-01,checkout/pack-permis-complet-sans-code,0,0,0,0,0,0,0,0,0
2026-02-01,infocards,0,0,0,0,0,0,0,0,0
2026-02-01,checkout/pack-permis-complet-sans-code-lead,0,0,0,0,0,0,0,0,0
2026-02-01,checkout/pack-permis-complet-boite-automatique,0,0,0,0,0,0,0,0,0
2026-02-01,checkout/pack-permis-complet-revolut,0,0,0,0,0,0,0,0,0
2026-02-01,checkout/pack-permis-complet-boite-automatique-sans-code-lead,0,0,0,0,0,0,0,0,0
2026-02-01,checkout/pack-5h,0,0,0,0,0,0,0,0,0
2026-02-01,checkout/conduite-accompagnee-first,0,0,0,0,0,0,0,0,0
2026-02-01,checkout/pack-permis-complet-boite-automatique-sans-code,0,0,0,0,0,0,0,0,0
2026-02-01,checkout/pack-5h-boite-automatique,0,0,0,0,0,0,0,0,0
2026-02-01,product/rendez-vous-pedagogiques,0,0,0,0,0,0,0,0,0
2026-02-01,checkout/pack-10h,0,0,0,0,0,0,0,0,0
2026-02-01,checkout/pack-permis-complet-boite-automatique-revolut,0,0,0,0,0,0,0,0,0
2026-02-01,chatbot_support,0,0,0,0,0,0,0,0,0
2026-02-01,product/pack-permis-casa-nord-france,0,0,0,0,0,0,0,0,0
2026-02-01,home_widget,0,0,0,0,0,0,0,0,0
2026-02-01,checkout/pack-10h-boite-automatique,0,0,0,0,0,0,0,0,0
2026-02-01,checkout/pack-20h,0,0,0,0,0,0,0,0,0
2026-02-01,checkout/conduite-accompagnee-boite-automatique-first,0,0,0,0,0,0,0,0,0
2026-02-01,product/pack-permis-boite-automatique-casa-nord-france,0,0,0,0,0,0,0,0,0
2026-02-01,product/rendez-vous-pedagogiques-automatique,0,0,0,0,0,0,0,0,0
2026-02-01,checkout/pack-permis-complet-boite-automatique-sans-code-et-reussite-conduite-plus,0,0,0,0,0,0,0,0,0
2026-02-01,checkout/pack-permis-complet-et-reussite-code-plus,0,0,0,0,0,0,0,0,0
2026-02-01,checkout/pack-permis-casa-nord-france,0,0,0,0,0,0,0,0,0
2026-02-01,checkout/pack-permis-complet-boite-automatique-et-reussite-code-plus,0,0,0,0,0,0,0,0,0
2026-02-01,checkout/rendez-vous-pedagogiques,0,0,0,0,0,0,0,0,0
2026-02-01,checkout/pack-permis-complet-boite-automatique-sans-code-et-reussite-conduite-plus-lead,0,0,0,0,0,0,0,0,0
2026-02-01,checkout/pack-permis-boite-automatique-casa-nord-france,0,0,0,0,0,0,0,0,0
2026-02-01,emailcrm&utm_medium=email&utm_source=crm&utm_campaign=3b74f603-2f61-4df1-9869-4dff5e11d8e9,0,0,0,0,0,0,0,0,0
2026-02-01,permis_widget,0,0,0,0,0,0,0,0,0
2026-02-02,shop,649,476,66,50,69,13.9,75.8,14.5,138.0
2026-02-02,unknown,37,33,3,1,7,9.1,33.3,21.2,700.0
2026-02-02,product/pack-permis-complet,161,117,12,8,10,10.3,66.7,8.5,125.0
2026-02-02,product/pack-permis-complet-sans-code,93,66,10,7,11,15.2,70.0,16.7,157.1
2026-02-02,product/pack-permis-complet-sans-code-lead,66,51,11,7,11,21.6,63.6,21.6,157.1
2026-02-02,product/pack-permis-complet-revolut,0,0,0,0,0,0,0,0,0
2026-02-02,product/pack-permis-complet-boite-automatique,66,52,6,3,5,11.5,50.0,9.6,166.7
2026-02-02,emailcrm,22,21,1,1,5,4.8,100.0,23.8,500.0
2026-02-02,product/pack-permis-complet-boite-automatique-sans-code,34,24,2,1,3,8.3,50.0,12.5,300.0
2026-02-02,product/pack-permis-complet-boite-automatique-sans-code-lead,41,29,4,3,8,13.8,75.0,27.6,266.7
2026-02-02,product/pack-5h,18,17,2,1,1,11.8,50.0,5.9,100.0
2026-02-02,product/pack-10h,29,26,8,7,4,30.8,87.5,15.4,57.1
2026-02-02,product/conduite-accompagnee-first,30,27,3,1,3,11.1,33.3,11.1,300.0
2026-02-02,product/pack-20h,0,0,0,0,0,0,0,0,0
2026-02-02,product/pack-permis-complet-boite-automatique-revolut,0,0,0,0,0,0,0,0,0
2026-02-02,emailcrmheader,0,0,0,0,0,0,0,0,0
2026-02-02,product/pack-5h-boite-automatique,6,5,0,0,0,0.0,0,0.0,0
2026-02-02,product/pack-10h-boite-automatique,15,10,2,2,1,20.0,100.0,10.0,50.0
2026-02-02,checkout/pack-permis-complet,13,13,1,1,3,7.7,100.0,23.1,300.0
2026-02-02,product/conduite-accompagnee-boite-automatique-first,13,11,1,1,2,9.1,100.0,18.2,200.0
2026-02-02,checkout/pack-permis-complet-sans-code,10,9,2,2,4,22.2,100.0,44.4,200.0
2026-02-02,infocards,0,0,0,0,0,0,0,0,0
2026-02-02,checkout/pack-permis-complet-sans-code-lead,5,5,0,0,1,0.0,0,20.0,0
2026-02-02,checkout/pack-permis-complet-boite-automatique,4,4,0,0,0,0.0,0,0.0,0
2026-02-02,checkout/pack-permis-complet-revolut,0,0,0,0,0,0,0,0,0
2026-02-02,checkout/pack-permis-complet-boite-automatique-sans-code-lead,3,3,0,0,2,0.0,0,66.7,0
2026-02-02,checkout/pack-5h,1,1,0,0,1,0.0,0,100.0,0
2026-02-02,checkout/conduite-accompagnee-first,1,1,0,0,0,0.0,0,0.0,0
2026-02-02,checkout/pack-permis-complet-boite-automatique-sans-code,2,2,1,0,1,50.0,0.0,50.0,0
2026-02-02,checkout/pack-5h-boite-automatique,1,1,0,0,1,0.0,0,100.0,0
2026-02-02,product/rendez-vous-pedagogiques,0,0,0,0,0,0,0,0,0
2026-02-02,checkout/pack-10h,2,2,0,0,0,0.0,0,0.0,0
2026-02-02,checkout/pack-permis-complet-boite-automatique-revolut,0,0,0,0,0,0,0,0,0
2026-02-02,chatbot_support,0,0,0,0,0,0,0,0,0
2026-02-02,product/pack-permis-casa-nord-france,0,0,0,0,0,0,0,0,0
2026-02-02,home_widget,3,2,0,0,0,0.0,0,0.0,0
2026-02-02,checkout/pack-10h-boite-automatique,1,1,0,0,1,0.0,0,100.0,0
2026-02-02,checkout/pack-20h,0,0,0,0,0,0,0,0,0
2026-02-02,checkout/conduite-accompagnee-boite-automatique-first,2,2,1,1,2,50.0,100.0,100.0,200.0
2026-02-02,product/pack-permis-boite-automatique-casa-nord-france,0,0,0,0,0,0,0,0,0
2026-02-02,product/rendez-vous-pedagogiques-automatique,0,0,0,0,0,0,0,0,0
2026-02-02,checkout/pack-permis-complet-boite-automatique-sans-code-et-reussite-conduite-plus,0,0,0,0,0,0,0,0,0
2026-02-02,checkout/pack-permis-complet-et-reussite-code-plus,0,0,0,0,0,0,0,0,0
2026-02-02,checkout/pack-permis-casa-nord-france,0,0,0,0,0,0,0,0,0
2026-02-02,checkout/pack-permis-complet-boite-automatique-et-reussite-code-plus,0,0,0,0,0,0,0,0,0
2026-02-02,checkout/rendez-vous-pedagogiques,0,0,0,0,0,0,0,0,0
2026-02-02,checkout/pack-permis-complet-boite-automatique-sans-code-et-reussite-conduite-plus-lead,0,0,0,0,0,0,0,0,0
2026-02-02,checkout/pack-permis-boite-automatique-casa-nord-france,0,0,0,0,0,0,0,0,0
2026-02-02,emailcrm&utm_medium=email&utm_source=crm&utm_campaign=3b74f603-2f61-4df1-9869-4dff5e11d8e9,0,0,0,0,0,0,0,0,0
2026-02-02,permis_widget,0,0,0,0,0,0,0,0,0
2026-02-03,shop,512,354,32,21,54,9.0,65.6,15.3,257.1
2026-02-03,unknown,26,20,1,0,4,5.0,0.0,20.0,0
2026-02-03,product/pack-permis-complet,107,72,9,5,12,12.5,55.6,16.7,240.0
2026-02-03,product/pack-permis-complet-sans-code,89,65,7,2,15,10.8,28.6,23.1,750.0
2026-02-03,product/pack-permis-complet-sans-code-lead,37,30,2,2,4,6.7,100.0,13.3,200.0
2026-02-03,product/pack-permis-complet-revolut,0,0,0,0,0,0,0,0,0
2026-02-03,product/pack-permis-complet-boite-automatique,28,25,1,0,2,4.0,0.0,8.0,0
2026-02-03,emailcrm,32,29,0,0,6,0.0,0,20.7,0
2026-02-03,product/pack-permis-complet-boite-automatique-sans-code,30,22,2,2,2,9.1,100.0,9.1,100.0
2026-02-03,product/pack-permis-complet-boite-automatique-sans-code-lead,34,25,2,0,6,8.0,0.0,24.0,0
2026-02-03,product/pack-5h,17,13,0,0,0,0.0,0,0.0,0
2026-02-03,product/pack-10h,19,15,1,1,3,6.7,100.0,20.0,300.0
2026-02-03,product/conduite-accompagnee-first,23,19,1,0,3,5.3,0.0,15.8,0
2026-02-03,product/pack-20h,0,0,0,0,0,0,0,0,0
2026-02-03,product/pack-permis-complet-boite-automatique-revolut,0,0,0,0,0,0,0,0,0
2026-02-03,emailcrmheader,0,0,0,0,0,0,0,0,0
2026-02-03,product/pack-5h-boite-automatique,8,6,0,0,0,0.0,0,0.0,0
2026-02-03,product/pack-10h-boite-automatique,6,5,2,1,0,40.0,50.0,0.0,0.0
2026-02-03,checkout/pack-permis-complet,8,8,1,1,3,12.5,100.0,37.5,300.0
2026-02-03,product/conduite-accompagnee-boite-automatique-first,7,4,0,0,1,0.0,0,25.0,0
2026-02-03,checkout/pack-permis-complet-sans-code,3,3,0,0,1,0.0,0,33.3,0
2026-02-03,infocards,0,0,0,0,0,0,0,0,0
2026-02-03,checkout/pack-permis-complet-sans-code-lead,3,3,0,0,1,0.0,0,33.3,0
2026-02-03,checkout/pack-permis-complet-boite-automatique,2,2,0,0,0,0.0,0,0.0,0
2026-02-03,checkout/pack-permis-complet-revolut,0,0,0,0,0,0,0,0,0
2026-02-03,checkout/pack-permis-complet-boite-automatique-sans-code-lead,1,1,0,0,1,0.0,0,100.0,0
2026-02-03,checkout/pack-5h,0,0,0,0,0,0,0,0,0
2026-02-03,checkout/conduite-accompagnee-first,2,2,1,0,0,50.0,0.0,0.0,0
2026-02-03,checkout/pack-permis-complet-boite-automatique-sans-code,1,1,0,0,1,0.0,0,100.0,0
2026-02-03,checkout/pack-5h-boite-automatique,2,2,0,0,0,0.0,0,0.0,0
2026-02-03,product/rendez-vous-pedagogiques,0,0,0,0,0,0,0,0,0
2026-02-03,checkout/pack-10h,1,1,0,0,0,0.0,0,0.0,0
2026-02-03,checkout/pack-permis-complet-boite-automatique-revolut,0,0,0,0,0,0,0,0,0
2026-02-03,chatbot_support,0,0,0,0,0,0,0,0,0
2026-02-03,product/pack-permis-casa-nord-france,0,0,0,0,0,0,0,0,0
2026-02-03,home_widget,3,3,0,0,0,0.0,0,0.0,0
2026-02-03,checkout/pack-10h-boite-automatique,0,0,0,0,0,0,0,0,0
2026-02-03,checkout/pack-20h,0,0,0,0,0,0,0,0,0
2026-02-03,checkout/conduite-accompagnee-boite-automatique-first,0,0,0,0,0,0,0,0,0
2026-02-03,product/pack-permis-boite-automatique-casa-nord-france,0,0,0,0,0,0,0,0,0
2026-02-03,product/rendez-vous-pedagogiques-automatique,0,0,0,0,0,0,0,0,0
2026-02-03,checkout/pack-permis-complet-boite-automatique-sans-code-et-reussite-conduite-plus,0,0,0,0,0,0,0,0,0
2026-02-03,checkout/pack-permis-complet-et-reussite-code-plus,0,0,0,0,0,0,0,0,0
2026-02-03,checkout/pack-permis-casa-nord-france,0,0,0,0,0,0,0,0,0
2026-02-03,checkout/pack-permis-complet-boite-automatique-et-reussite-code-plus,0,0,0,0,0,0,0,0,0
2026-02-03,checkout/rendez-vous-pedagogiques,0,0,0,0,0,0,0,0,0
2026-02-03,checkout/pack-permis-complet-boite-automatique-sans-code-et-reussite-conduite-plus-lead,0,0,0,0,0,0,0,0,0
2026-02-03,checkout/pack-permis-boite-automatique-casa-nord-france,0,0,0,0,0,0,0,0,0
2026-02-03,emailcrm&utm_medium=email&utm_source=crm&utm_campaign=3b74f603-2f61-4df1-9869-4dff5e11d8e9,0,0,0,0,0,0,0,0,0
2026-02-03,permis_widget,0,0,0,0,0,0,0,0,0
2026-02-04,shop,447,318,121,85,69,38.1,70.2,21.7,81.2
2026-02-04,unknown,12,9,2,1,2,22.2,50.0,22.2,200.0
2026-02-04,product/pack-permis-complet,96,75,23,16,11,30.7,69.6,14.7,68.8
2026-02-04,product/pack-permis-complet-sans-code,62,46,17,11,11,37.0,64.7,23.9,100.0
2026-02-04,product/pack-permis-complet-sans-code-lead,41,33,7,4,2,21.2,57.1,6.1,50.0
2026-02-04,product/pack-permis-complet-revolut,0,0,0,0,0,0,0,0,0
2026-02-04,product/pack-permis-complet-boite-automatique,38,20,7,6,3,35.0,85.7,15.0,50.0
2026-02-04,emailcrm,6,5,2,0,0,40.0,0.0,0.0,0
2026-02-04,product/pack-permis-complet-boite-automatique-sans-code,40,27,12,6,5,44.4,50.0,18.5,83.3
2026-02-04,product/pack-permis-complet-boite-automatique-sans-code-lead,28,24,8,4,6,33.3,50.0,25.0,150.0
2026-02-04,product/pack-5h,21,15,8,5,2,53.3,62.5,13.3,40.0
2026-02-04,product/pack-10h,8,8,1,0,1,12.5,0.0,12.5,0
2026-02-04,product/conduite-accompagnee-first,15,10,2,2,3,20.0,100.0,30.0,150.0
2026-02-04,product/pack-20h,0,0,0,0,0,0,0,0,0
2026-02-04,product/pack-permis-complet-boite-automatique-revolut,0,0,0,0,0,0,0,0,0
2026-02-04,emailcrmheader,0,0,0,0,0,0,0,0,0
2026-02-04,product/pack-5h-boite-automatique,9,6,4,3,0,66.7,75.0,0.0,0.0
2026-02-04,product/pack-10h-boite-automatique,8,5,1,1,1,20.0,100.0,20.0,100.0
2026-02-04,checkout/pack-permis-complet,7,6,3,1,1,50.0,33.3,16.7,100.0
2026-02-04,product/conduite-accompagnee-boite-automatique-first,7,7,2,2,1,28.6,100.0,14.3,50.0
2026-02-04,checkout/pack-permis-complet-sans-code,1,1,0,0,0,0.0,0,0.0,0
2026-02-04,infocards,0,0,0,0,0,0,0,0,0
2026-02-04,checkout/pack-permis-complet-sans-code-lead,2,2,0,0,0,0.0,0,0.0,0
2026-02-04,checkout/pack-permis-complet-boite-automatique,2,2,1,1,0,50.0,100.0,0.0,0.0
2026-02-04,checkout/pack-permis-complet-revolut,0,0,0,0,0,0,0,0,0
2026-02-04,checkout/pack-permis-complet-boite-automatique-sans-code-lead,5,3,1,1,0,33.3,100.0,0.0,0.0
2026-02-04,checkout/pack-5h,0,0,0,0,0,0,0,0,0
2026-02-04,checkout/conduite-accompagnee-first,1,1,0,0,0,0.0,0,0.0,0
2026-02-04,checkout/pack-permis-complet-boite-automatique-sans-code,1,1,1,1,0,100.0,100.0,0.0,0.0
2026-02-04,checkout/pack-5h-boite-automatique,1,1,1,0,0,100.0,0.0,0.0,0
2026-02-04,product/rendez-vous-pedagogiques,0,0,0,0,0,0,0,0,0
2026-02-04,checkout/pack-10h,1,1,0,0,0,0.0,0,0.0,0
2026-02-04,checkout/pack-permis-complet-boite-automatique-revolut,0,0,0,0,0,0,0,0,0
2026-02-04,chatbot_support,0,0,0,0,0,0,0,0,0
2026-02-04,product/pack-permis-casa-nord-france,0,0,0,0,0,0,0,0,0
2026-02-04,home_widget,0,0,0,0,0,0,0,0,0
2026-02-04,checkout/pack-10h-boite-automatique,0,0,0,0,0,0,0,0,0
2026-02-04,checkout/pack-20h,0,0,0,0,0,0,0,0,0
2026-02-04,checkout/conduite-accompagnee-boite-automatique-first,2,2,0,0,0,0.0,0,0.0,0
2026-02-04,product/pack-permis-boite-automatique-casa-nord-france,0,0,0,0,0,0,0,0,0
2026-02-04,product/rendez-vous-pedagogiques-automatique,0,0,0,0,0,0,0,0,0
2026-02-04,checkout/pack-permis-complet-boite-automatique-sans-code-et-reussite-conduite-plus,0,0,0,0,0,0,0,0,0
2026-02-04,checkout/pack-permis-complet-et-reussite-code-plus,0,0,0,0,0,0,0,0,0
2026-02-04,checkout/pack-permis-casa-nord-france,0,0,0,0,0,0,0,0,0
2026-02-04,checkout/pack-permis-complet-boite-automatique-et-reussite-code-plus,0,0,0,0,0,0,0,0,0
2026-02-04,checkout/rendez-vous-pedagogiques,0,0,0,0,0,0,0,0,0
2026-02-04,checkout/pack-permis-complet-boite-automatique-sans-code-et-reussite-conduite-plus-lead,0,0,0,0,0,0,0,0,0
2026-02-04,checkout/pack-permis-boite-automatique-casa-nord-france,0,0,0,0,0,0,0,0,0
2026-02-04,emailcrm&utm_medium=email&utm_source=crm&utm_campaign=3b74f603-2f61-4df1-9869-4dff5e11d8e9,0,0,0,0,0,0,0,0,0
2026-02-04,permis_widget,0,0,0,0,0,0,0,0,0
2026-02-05,shop,452,316,127,88,64,40.2,69.3,20.3,72.7
2026-02-05,unknown,20,19,6,4,10,31.6,66.7,52.6,250.0
2026-02-05,product/pack-permis-complet,101,77,32,17,9,41.6,53.1,11.7,52.9
2026-02-05,product/pack-permis-complet-sans-code,64,39,11,6,12,28.2,54.5,30.8,200.0
2026-02-05,product/pack-permis-complet-sans-code-lead,36,31,14,3,5,45.2,21.4,16.1,166.7
2026-02-05,product/pack-permis-complet-revolut,0,0,0,0,0,0,0,0,0
2026-02-05,product/pack-permis-complet-boite-automatique,41,32,13,9,3,40.6,69.2,9.4,33.3
2026-02-05,emailcrm,25,22,14,9,4,63.6,64.3,18.2,44.4
2026-02-05,product/pack-permis-complet-boite-automatique-sans-code,36,24,10,6,9,41.7,60.0,37.5,150.0
2026-02-05,product/pack-permis-complet-boite-automatique-sans-code-lead,16,12,4,4,1,33.3,100.0,8.3,25.0
2026-02-05,product/pack-5h,9,8,4,3,2,50.0,75.0,25.0,66.7
2026-02-05,product/pack-10h,7,4,1,0,0,25.0,0.0,0.0,0
2026-02-05,product/conduite-accompagnee-first,16,14,5,2,2,35.7,40.0,14.3,100.0
2026-02-05,product/pack-20h,0,0,0,0,0,0,0,0,0
2026-02-05,product/pack-permis-complet-boite-automatique-revolut,0,0,0,0,0,0,0,0,0
2026-02-05,emailcrmheader,0,0,0,0,0,0,0,0,0
2026-02-05,product/pack-5h-boite-automatique,6,6,0,0,2,0.0,0,33.3,0
2026-02-05,product/pack-10h-boite-automatique,11,7,3,3,0,42.9,100.0,0.0,0.0
2026-02-05,checkout/pack-permis-complet,3,3,1,1,2,33.3,100.0,66.7,200.0
2026-02-05,product/conduite-accompagnee-boite-automatique-first,8,5,1,0,0,20.0,0.0,0.0,0
2026-02-05,checkout/pack-permis-complet-sans-code,4,4,2,2,1,50.0,100.0,25.0,50.0
2026-02-05,infocards,0,0,0,0,0,0,0,0,0
2026-02-05,checkout/pack-permis-complet-sans-code-lead,1,1,0,0,0,0.0,0,0.0,0
2026-02-05,checkout/pack-permis-complet-boite-automatique,3,2,1,1,1,50.0,100.0,50.0,100.0
2026-02-05,checkout/pack-permis-complet-revolut,0,0,0,0,0,0,0,0,0
2026-02-05,checkout/pack-permis-complet-boite-automatique-sans-code-lead,0,0,0,0,0,0,0,0,0
2026-02-05,checkout/pack-5h,0,0,0,0,0,0,0,0,0
2026-02-05,checkout/conduite-accompagnee-first,5,5,1,1,1,20.0,100.0,20.0,100.0
2026-02-05,checkout/pack-permis-complet-boite-automatique-sans-code,4,3,1,1,0,33.3,100.0,0.0,0.0
2026-02-05,checkout/pack-5h-boite-automatique,1,1,0,0,0,0.0,0,0.0,0
2026-02-05,product/rendez-vous-pedagogiques,0,0,0,0,0,0,0,0,0
2026-02-05,checkout/pack-10h,1,1,1,1,0,100.0,100.0,0.0,0.0
2026-02-05,checkout/pack-permis-complet-boite-automatique-revolut,0,0,0,0,0,0,0,0,0
2026-02-05,chatbot_support,0,0,0,0,0,0,0,0,0
2026-02-05,product/pack-permis-casa-nord-france,0,0,0,0,0,0,0,0,0
2026-02-05,home_widget,0,0,0,0,0,0,0,0,0
2026-02-05,checkout/pack-10h-boite-automatique,0,0,0,0,0,0,0,0,0
2026-02-05,checkout/pack-20h,0,0,0,0,0,0,0,0,0
2026-02-05,checkout/conduite-accompagnee-boite-automatique-first,0,0,0,0,0,0,0,0,0
2026-02-05,product/pack-permis-boite-automatique-casa-nord-france,0,0,0,0,0,0,0,0,0
2026-02-05,product/rendez-vous-pedagogiques-automatique,0,0,0,0,0,0,0,0,0
2026-02-05,checkout/pack-permis-complet-boite-automatique-sans-code-et-reussite-conduite-plus,0,0,0,0,0,0,0,0,0
2026-02-05,checkout/pack-permis-complet-et-reussite-code-plus,0,0,0,0,0,0,0,0,0
2026-02-05,checkout/pack-permis-casa-nord-france,0,0,0,0,0,0,0,0,0
2026-02-05,checkout/pack-permis-complet-boite-automatique-et-reussite-code-plus,0,0,0,0,0,0,0,0,0
2026-02-05,checkout/rendez-vous-pedagogiques,0,0,0,0,0,0,0,0,0
2026-02-05,checkout/pack-permis-complet-boite-automatique-sans-code-et-reussite-conduite-plus-lead,0,0,0,0,0,0,0,0,0
2026-02-05,checkout/pack-permis-boite-automatique-casa-nord-france,0,0,0,0,0,0,0,0,0
2026-02-05,emailcrm&utm_medium=email&utm_source=crm&utm_campaign=3b74f603-2f61-4df1-9869-4dff5e11d8e9,0,0,0,0,0,0,0,0,0
2026-02-05,permis_widget,1,1,0,0,0,0.0,0,0.0,0
2026-02-06,shop,410,303,113,84,50,37.3,74.3,16.5,59.5
2026-02-06,unknown,30,23,8,7,8,34.8,87.5,34.8,114.3
2026-02-06,product/pack-permis-complet,105,88,26,17,13,29.5,65.4,14.8,76.5
2026-02-06,product/pack-permis-complet-sans-code,53,41,7,3,4,17.1,42.9,9.8,133.3
2026-02-06,product/pack-permis-complet-sans-code-lead,36,30,10,7,2,33.3,70.0,6.7,28.6
2026-02-06,product/pack-permis-complet-revolut,0,0,0,0,0,0,0,0,0
2026-02-06,product/pack-permis-complet-boite-automatique,55,44,17,11,5,38.6,64.7,11.4,45.5
2026-02-06,emailcrm,38,36,11,9,4,30.6,81.8,11.1,44.4
2026-02-06,product/pack-permis-complet-boite-automatique-sans-code,32,26,11,7,6,42.3,63.6,23.1,85.7
2026-02-06,product/pack-permis-complet-boite-automatique-sans-code-lead,24,19,6,5,4,31.6,83.3,21.1,80.0
2026-02-06,product/pack-5h,16,14,5,4,2,35.7,80.0,14.3,50.0
2026-02-06,product/pack-10h,17,14,6,4,0,42.9,66.7,0.0,0.0
2026-02-06,product/conduite-accompagnee-first,8,7,3,1,1,42.9,33.3,14.3,100.0
2026-02-06,product/pack-20h,0,0,0,0,0,0,0,0,0
2026-02-06,product/pack-permis-complet-boite-automatique-revolut,0,0,0,0,0,0,0,0,0
2026-02-06,emailcrmheader,0,0,0,0,0,0,0,0,0
2026-02-06,product/pack-5h-boite-automatique,16,10,6,5,1,60.0,83.3,10.0,20.0
2026-02-06,product/pack-10h-boite-automatique,8,7,2,0,1,28.6,0.0,14.3,0
2026-02-06,checkout/pack-permis-complet,7,7,4,3,3,57.1,75.0,42.9,100.0
2026-02-06,product/conduite-accompagnee-boite-automatique-first,10,7,4,3,0,57.1,75.0,0.0,0.0
2026-02-06,checkout/pack-permis-complet-sans-code,6,6,2,0,0,33.3,0.0,0.0,0
2026-02-06,infocards,0,0,0,0,0,0,0,0,0
2026-02-06,checkout/pack-permis-complet-sans-code-lead,1,1,0,0,0,0.0,0,0.0,0
2026-02-06,checkout/pack-permis-complet-boite-automatique,4,4,1,0,0,25.0,0.0,0.0,0
2026-02-06,checkout/pack-permis-complet-revolut,0,0,0,0,0,0,0,0,0
2026-02-06,checkout/pack-permis-complet-boite-automatique-sans-code-lead,5,5,1,0,0,20.0,0.0,0.0,0
2026-02-06,checkout/pack-5h,2,1,0,0,0,0.0,0,0.0,0
2026-02-06,checkout/conduite-accompagnee-first,1,1,1,1,1,100.0,100.0,100.0,100.0
2026-02-06,checkout/pack-permis-complet-boite-automatique-sans-code,3,2,2,1,1,100.0,50.0,50.0,100.0
2026-02-06,checkout/pack-5h-boite-automatique,0,0,0,0,0,0,0,0,0
2026-02-06,product/rendez-vous-pedagogiques,0,0,0,0,0,0,0,0,0
2026-02-06,checkout/pack-10h,0,0,0,0,0,0,0,0,0
2026-02-06,checkout/pack-permis-complet-boite-automatique-revolut,0,0,0,0,0,0,0,0,0
2026-02-06,chatbot_support,0,0,0,0,0,0,0,0,0
2026-02-06,product/pack-permis-casa-nord-france,0,0,0,0,0,0,0,0,0
2026-02-06,home_widget,0,0,0,0,0,0,0,0,0
2026-02-06,checkout/pack-10h-boite-automatique,0,0,0,0,0,0,0,0,0
2026-02-06,checkout/pack-20h,0,0,0,0,0,0,0,0,0
2026-02-06,checkout/conduite-accompagnee-boite-automatique-first,1,1,1,1,0,100.0,100.0,0.0,0.0
2026-02-06,product/pack-permis-boite-automatique-casa-nord-france,0,0,0,0,0,0,0,0,0
2026-02-06,product/rendez-vous-pedagogiques-automatique,1,1,1,1,0,100.0,100.0,0.0,0.0
2026-02-06,checkout/pack-permis-complet-boite-automatique-sans-code-et-reussite-conduite-plus,0,0,0,0,0,0,0,0,0
2026-02-06,checkout/pack-permis-complet-et-reussite-code-plus,0,0,0,0,0,0,0,0,0
2026-02-06,checkout/pack-permis-casa-nord-france,0,0,0,0,0,0,0,0,0
2026-02-06,checkout/pack-permis-complet-boite-automatique-et-reussite-code-plus,0,0,0,0,0,0,0,0,0
2026-02-06,checkout/rendez-vous-pedagogiques,0,0,0,0,0,0,0,0,0
2026-02-06,checkout/pack-permis-complet-boite-automatique-sans-code-et-reussite-conduite-plus-lead,0,0,0,0,0,0,0,0,0
2026-02-06,checkout/pack-permis-boite-automatique-casa-nord-france,0,0,0,0,0,0,0,0,0
2026-02-06,emailcrm&utm_medium=email&utm_source=crm&utm_campaign=3b74f603-2f61-4df1-9869-4dff5e11d8e9,0,0,0,0,0,0,0,0,0
2026-02-06,permis_widget,0,0,0,0,0,0,0,0,0
2026-02-07,shop,302,218,72,45,30,33.0,62.5,13.8,66.7
2026-02-07,unknown,22,20,5,1,2,25.0,20.0,10.0,200.0
2026-02-07,product/pack-permis-complet,56,45,12,7,6,26.7,58.3,13.3,85.7
2026-02-07,product/pack-permis-complet-sans-code,35,29,10,6,9,34.5,60.0,31.0,150.0
2026-02-07,product/pack-permis-complet-sans-code-lead,39,25,7,2,3,28.0,28.6,12.0,150.0
2026-02-07,product/pack-permis-complet-revolut,0,0,0,0,0,0,0,0,0
2026-02-07,product/pack-permis-complet-boite-automatique,15,13,4,2,0,30.8,50.0,0.0,0.0
2026-02-07,emailcrm,21,20,5,2,5,25.0,40.0,25.0,250.0
2026-02-07,product/pack-permis-complet-boite-automatique-sans-code,18,13,7,4,4,53.8,57.1,30.8,100.0
2026-02-07,product/pack-permis-complet-boite-automatique-sans-code-lead,8,7,3,2,2,42.9,66.7,28.6,100.0
2026-02-07,product/pack-5h,5,5,0,0,0,0.0,0,0.0,0
2026-02-07,product/pack-10h,10,9,4,1,1,44.4,25.0,11.1,100.0
2026-02-07,product/conduite-accompagnee-first,15,11,5,1,0,45.5,20.0,0.0,0.0
2026-02-07,product/pack-20h,0,0,0,0,0,0,0,0,0
2026-02-07,product/pack-permis-complet-boite-automatique-revolut,0,0,0,0,0,0,0,0,0
2026-02-07,emailcrmheader,0,0,0,0,0,0,0,0,0
2026-02-07,product/pack-5h-boite-automatique,1,1,1,1,0,100.0,100.0,0.0,0.0
2026-02-07,product/pack-10h-boite-automatique,2,2,0,0,0,0.0,0,0.0,0
2026-02-07,checkout/pack-permis-complet,4,4,0,0,1,0.0,0,25.0,0
2026-02-07,product/conduite-accompagnee-boite-automatique-first,8,6,1,0,0,16.7,0.0,0.0,0
2026-02-07,checkout/pack-permis-complet-sans-code,7,7,1,0,1,14.3,0.0,14.3,0
2026-02-07,infocards,0,0,0,0,0,0,0,0,0
2026-02-07,checkout/pack-permis-complet-sans-code-lead,0,0,0,0,0,0,0,0,0
2026-02-07,checkout/pack-permis-complet-boite-automatique,4,4,2,2,0,50.0,100.0,0.0,0.0
2026-02-07,checkout/pack-permis-complet-revolut,0,0,0,0,0,0,0,0,0
2026-02-07,checkout/pack-permis-complet-boite-automatique-sans-code-lead,0,0,0,0,0,0,0,0,0
2026-02-07,checkout/pack-5h,0,0,0,0,0,0,0,0,0
2026-02-07,checkout/conduite-accompagnee-first,5,3,2,2,2,66.7,100.0,66.7,100.0
2026-02-07,checkout/pack-permis-complet-boite-automatique-sans-code,1,1,0,0,0,0.0,0,0.0,0
2026-02-07,checkout/pack-5h-boite-automatique,0,0,0,0,0,0,0,0,0
2026-02-07,product/rendez-vous-pedagogiques,0,0,0,0,0,0,0,0,0
2026-02-07,checkout/pack-10h,0,0,0,0,0,0,0,0,0
2026-02-07,checkout/pack-permis-complet-boite-automatique-revolut,0,0,0,0,0,0,0,0,0
2026-02-07,chatbot_support,0,0,0,0,0,0,0,0,0
2026-02-07,product/pack-permis-casa-nord-france,0,0,0,0,0,0,0,0,0
2026-02-07,home_widget,0,0,0,0,0,0,0,0,0
2026-02-07,checkout/pack-10h-boite-automatique,1,1,1,0,0,100.0,0.0,0.0,0
2026-02-07,checkout/pack-20h,0,0,0,0,0,0,0,0,0
2026-02-07,checkout/conduite-accompagnee-boite-automatique-first,0,0,0,0,0,0,0,0,0
2026-02-07,product/pack-permis-boite-automatique-casa-nord-france,0,0,0,0,0,0,0,0,0
2026-02-07,product/rendez-vous-pedagogiques-automatique,0,0,0,0,0,0,0,0,0
2026-02-07,checkout/pack-permis-complet-boite-automatique-sans-code-et-reussite-conduite-plus,0,0,0,0,0,0,0,0,0
2026-02-07,checkout/pack-permis-complet-et-reussite-code-plus,0,0,0,0,0,0,0,0,0
2026-02-07,checkout/pack-permis-casa-nord-france,0,0,0,0,0,0,0,0,0
2026-02-07,checkout/pack-permis-complet-boite-automatique-et-reussite-code-plus,0,0,0,0,0,0,0,0,0
2026-02-07,checkout/rendez-vous-pedagogiques,0,0,0,0,0,0,0,0,0
2026-02-07,checkout/pack-permis-complet-boite-automatique-sans-code-et-reussite-conduite-plus-lead,1,1,1,1,1,100.0,100.0,100.0,100.0
2026-02-07,checkout/pack-permis-boite-automatique-casa-nord-france,0,0,0,0,0,0,0,0,0
2026-02-07,emailcrm&utm_medium=email&utm_source=crm&utm_campaign=3b74f603-2f61-4df1-9869-4dff5e11d8e9,0,0,0,0,0,0,0,0,0
2026-02-07,permis_widget,0,0,0,0,0,0,0,0,0
2026-02-08,shop,0,0,0,0,0,0,0,0,0
2026-02-08,unknown,0,0,0,0,0,0,0,0,0
2026-02-08,product/pack-permis-complet,0,0,0,0,0,0,0,0,0
2026-02-08,product/pack-permis-complet-sans-code,0,0,0,0,0,0,0,0,0
2026-02-08,product/pack-permis-complet-sans-code-lead,0,0,0,0,0,0,0,0,0
2026-02-08,product/pack-permis-complet-revolut,0,0,0,0,0,0,0,0,0
2026-02-08,product/pack-permis-complet-boite-automatique,0,0,0,0,0,0,0,0,0
2026-02-08,emailcrm,0,0,0,0,0,0,0,0,0
2026-02-08,product/pack-permis-complet-boite-automatique-sans-code,0,0,0,0,0,0,0,0,0
2026-02-08,product/pack-permis-complet-boite-automatique-sans-code-lead,0,0,0,0,0,0,0,0,0
2026-02-08,product/pack-5h,0,0,0,0,0,0,0,0,0
2026-02-08,product/pack-10h,0,0,0,0,0,0,0,0,0
2026-02-08,product/conduite-accompagnee-first,0,0,0,0,0,0,0,0,0
2026-02-08,product/pack-20h,0,0,0,0,0,0,0,0,0
2026-02-08,product/pack-permis-complet-boite-automatique-revolut,0,0,0,0,0,0,0,0,0
2026-02-08,emailcrmheader,0,0,0,0,0,0,0,0,0
2026-02-08,product/pack-5h-boite-automatique,0,0,0,0,0,0,0,0,0
2026-02-08,product/pack-10h-boite-automatique,0,0,0,0,0,0,0,0,0
2026-02-08,checkout/pack-permis-complet,0,0,0,0,0,0,0,0,0
2026-02-08,product/conduite-accompagnee-boite-automatique-first,0,0,0,0,0,0,0,0,0
2026-02-08,checkout/pack-permis-complet-sans-code,0,0,0,0,0,0,0,0,0
2026-02-08,infocards,0,0,0,0,0,0,0,0,0
2026-02-08,checkout/pack-permis-complet-sans-code-lead,0,0,0,0,0,0,0,0,0
2026-02-08,checkout/pack-permis-complet-boite-automatique,0,0,0,0,0,0,0,0,0
2026-02-08,checkout/pack-permis-complet-revolut,0,0,0,0,0,0,0,0,0
2026-02-08,checkout/pack-permis-complet-boite-automatique-sans-code-lead,0,0,0,0,0,0,0,0,0
2026-02-08,checkout/pack-5h,0,0,0,0,0,0,0,0,0
2026-02-08,checkout/conduite-accompagnee-first,0,0,0,0,0,0,0,0,0
2026-02-08,checkout/pack-permis-complet-boite-automatique-sans-code,0,0,0,0,0,0,0,0,0
2026-02-08,checkout/pack-5h-boite-automatique,0,0,0,0,0,0,0,0,0
2026-02-08,product/rendez-vous-pedagogiques,0,0,0,0,0,0,0,0,0
2026-02-08,checkout/pack-10h,0,0,0,0,0,0,0,0,0
2026-02-08,checkout/pack-permis-complet-boite-automatique-revolut,0,0,0,0,0,0,0,0,0
2026-02-08,chatbot_support,0,0,0,0,0,0,0,0,0
2026-02-08,product/pack-permis-casa-nord-france,0,0,0,0,0,0,0,0,0
2026-02-08,home_widget,0,0,0,0,0,0,0,0,0
2026-02-08,checkout/pack-10h-boite-automatique,0,0,0,0,0,0,0,0,0
2026-02-08,checkout/pack-20h,0,0,0,0,0,0,0,0,0
2026-02-08,checkout/conduite-accompagnee-boite-automatique-first,0,0,0,0,0,0,0,0,0
2026-02-08,product/pack-permis-boite-automatique-casa-nord-france,0,0,0,0,0,0,0,0,0
2026-02-08,product/rendez-vous-pedagogiques-automatique,0,0,0,0,0,0,0,0,0
2026-02-08,checkout/pack-permis-complet-boite-automatique-sans-code-et-reussite-conduite-plus,0,0,0,0,0,0,0,0,0
2026-02-08,checkout/pack-permis-complet-et-reussite-code-plus,0,0,0,0,0,0,0,0,0
2026-02-08,checkout/pack-permis-casa-nord-france,0,0,0,0,0,0,0,0,0
2026-02-08,checkout/pack-permis-complet-boite-automatique-et-reussite-code-plus,0,0,0,0,0,0,0,0,0
2026-02-08,checkout/rendez-vous-pedagogiques,0,0,0,0,0,0,0,0,0
2026-02-08,checkout/pack-permis-complet-boite-automatique-sans-code-et-reussite-conduite-plus-lead,0,0,0,0,0,0,0,0,0
2026-02-08,checkout/pack-permis-boite-automatique-casa-nord-france,0,0,0,0,0,0,0,0,0
2026-02-08,emailcrm&utm_medium=email&utm_source=crm&utm_campaign=3b74f603-2f61-4df1-9869-4dff5e11d8e9,0,0,0,0,0,0,0,0,0
2026-02-08,permis_widget,0,0,0,0,0,0,0,0,0
2026-02-09,shop,613,435,47,34,40,10.8,72.3,9.2,117.6
2026-02-09,unknown,80,68,5,3,11,7.4,60.0,16.2,366.7
2026-02-09,product/pack-permis-complet,132,95,10,4,5,10.5,40.0,5.3,125.0
2026-02-09,product/pack-permis-complet-sans-code,52,43,6,4,5,14.0,66.7,11.6,125.0
2026-02-09,product/pack-permis-complet-sans-code-lead,58,42,5,5,9,11.9,100.0,21.4,180.0
2026-02-09,product/pack-permis-complet-revolut,0,0,0,0,0,0,0,0,0
2026-02-09,product/pack-permis-complet-boite-automatique,60,46,1,0,3,2.2,0.0,6.5,0
2026-02-09,emailcrm,78,65,7,4,6,10.8,57.1,9.2,150.0
2026-02-09,product/pack-permis-complet-boite-automatique-sans-code,38,29,3,3,7,10.3,100.0,24.1,233.3
2026-02-09,product/pack-permis-complet-boite-automatique-sans-code-lead,23,21,4,4,4,19.0,100.0,19.0,100.0
2026-02-09,product/pack-5h,16,11,0,0,2,0.0,0,18.2,0
2026-02-09,product/pack-10h,22,16,1,0,3,6.2,0.0,18.8,0
2026-02-09,product/conduite-accompagnee-first,16,10,0,0,0,0.0,0,0.0,0
2026-02-09,product/pack-20h,2,2,0,0,0,0.0,0,0.0,0
2026-02-09,product/pack-permis-complet-boite-automatique-revolut,0,0,0,0,0,0,0,0,0
2026-02-09,emailcrmheader,0,0,0,0,0,0,0,0,0
2026-02-09,product/pack-5h-boite-automatique,7,5,1,0,1,20.0,0.0,20.0,0
2026-02-09,product/pack-10h-boite-automatique,6,6,0,0,1,0.0,0,16.7,0
2026-02-09,checkout/pack-permis-complet,8,7,1,0,0,14.3,0.0,0.0,0
2026-02-09,product/conduite-accompagnee-boite-automatique-first,9,7,2,2,2,28.6,100.0,28.6,100.0
2026-02-09,checkout/pack-permis-complet-sans-code,2,2,0,0,0,0.0,0,0.0,0
2026-02-09,infocards,0,0,0,0,0,0,0,0,0
2026-02-09,checkout/pack-permis-complet-sans-code-lead,3,3,0,0,0,0.0,0,0.0,0
2026-02-09,checkout/pack-permis-complet-boite-automatique,3,3,0,0,0,0.0,0,0.0,0
2026-02-09,checkout/pack-permis-complet-revolut,0,0,0,0,0,0,0,0,0
2026-02-09,checkout/pack-permis-complet-boite-automatique-sans-code-lead,0,0,0,0,0,0,0,0,0
2026-02-09,checkout/pack-5h,1,1,0,0,0,0.0,0,0.0,0
2026-02-09,checkout/conduite-accompagnee-first,6,6,0,0,0,0.0,0,0.0,0
2026-02-09,checkout/pack-permis-complet-boite-automatique-sans-code,2,2,0,0,0,0.0,0,0.0,0
2026-02-09,checkout/pack-5h-boite-automatique,0,0,0,0,0,0,0,0,0
2026-02-09,product/rendez-vous-pedagogiques,2,1,0,0,0,0.0,0,0.0,0
2026-02-09,checkout/pack-10h,0,0,0,0,0,0,0,0,0
2026-02-09,checkout/pack-permis-complet-boite-automatique-revolut,0,0,0,0,0,0,0,0,0
2026-02-09,chatbot_support,0,0,0,0,0,0,0,0,0
2026-02-09,product/pack-permis-casa-nord-france,0,0,0,0,0,0,0,0,0
2026-02-09,home_widget,1,1,1,1,1,100.0,100.0,100.0,100.0
2026-02-09,checkout/pack-10h-boite-automatique,0,0,0,0,0,0,0,0,0
2026-02-09,checkout/pack-20h,0,0,0,0,0,0,0,0,0
2026-02-09,checkout/conduite-accompagnee-boite-automatique-first,0,0,0,0,0,0,0,0,0
2026-02-09,product/pack-permis-boite-automatique-casa-nord-france,0,0,0,0,0,0,0,0,0
2026-02-09,product/rendez-vous-pedagogiques-automatique,0,0,0,0,0,0,0,0,0
2026-02-09,checkout/pack-permis-complet-boite-automatique-sans-code-et-reussite-conduite-plus,0,0,0,0,0,0,0,0,0
2026-02-09,checkout/pack-permis-complet-et-reussite-code-plus,0,0,0,0,0,0,0,0,0
2026-02-09,checkout/pack-permis-casa-nord-france,0,0,0,0,0,0,0,0,0
2026-02-09,checkout/pack-permis-complet-boite-automatique-et-reussite-code-plus,0,0,0,0,0,0,0,0,0
2026-02-09,checkout/rendez-vous-pedagogiques,0,0,0,0,0,0,0,0,0
2026-02-09,checkout/pack-permis-complet-boite-automatique-sans-code-et-reussite-conduite-plus-lead,0,0,0,0,0,0,0,0,0
2026-02-09,checkout/pack-permis-boite-automatique-casa-nord-france,0,0,0,0,0,0,0,0,0
2026-02-09,emailcrm&utm_medium=email&utm_source=crm&utm_campaign=3b74f603-2f61-4df1-9869-4dff5e11d8e9,0,0,0,0,0,0,0,0,0
2026-02-09,permis_widget,0,0,0,0,0,0,0,0,0
2026-02-10,shop,424,295,110,70,50,37.3,63.6,16.9,71.4
2026-02-10,unknown,26,20,4,3,8,20.0,75.0,40.0,266.7
2026-02-10,product/pack-permis-complet,81,59,16,7,4,27.1,43.8,6.8,57.1
2026-02-10,product/pack-permis-complet-sans-code,44,33,7,5,3,21.2,71.4,9.1,60.0
2026-02-10,product/pack-permis-complet-sans-code-lead,39,23,5,0,3,21.7,0.0,13.0,0
2026-02-10,product/pack-permis-complet-revolut,0,0,0,0,0,0,0,0,0
2026-02-10,product/pack-permis-complet-boite-automatique,28,18,6,5,1,33.3,83.3,5.6,20.0
2026-02-10,emailcrm,31,25,7,7,11,28.0,100.0,44.0,157.1
2026-02-10,product/pack-permis-complet-boite-automatique-sans-code,20,11,4,3,4,36.4,75.0,36.4,133.3
2026-02-10,product/pack-permis-complet-boite-automatique-sans-code-lead,30,17,5,4,5,29.4,80.0,29.4,125.0
2026-02-10,product/pack-5h,11,11,1,0,0,9.1,0.0,0.0,0
2026-02-10,product/pack-10h,11,9,4,4,3,44.4,100.0,33.3,75.0
2026-02-10,product/conduite-accompagnee-first,12,7,4,3,1,57.1,75.0,14.3,33.3
2026-02-10,product/pack-20h,7,5,2,1,0,40.0,50.0,0.0,0.0
2026-02-10,product/pack-permis-complet-boite-automatique-revolut,0,0,0,0,0,0,0,0,0
2026-02-10,emailcrmheader,0,0,0,0,0,0,0,0,0
2026-02-10,product/pack-5h-boite-automatique,11,7,1,1,2,14.3,100.0,28.6,200.0
2026-02-10,product/pack-10h-boite-automatique,4,3,1,1,0,33.3,100.0,0.0,0.0
2026-02-10,checkout/pack-permis-complet,11,10,0,0,0,0.0,0,0.0,0
2026-02-10,product/conduite-accompagnee-boite-automatique-first,3,3,2,0,0,66.7,0.0,0.0,0
2026-02-10,checkout/pack-permis-complet-sans-code,6,5,1,1,1,20.0,100.0,20.0,100.0
2026-02-10,infocards,0,0,0,0,0,0,0,0,0
2026-02-10,checkout/pack-permis-complet-sans-code-lead,3,2,1,0,1,50.0,0.0,50.0,0
2026-02-10,checkout/pack-permis-complet-boite-automatique,1,1,0,0,0,0.0,0,0.0,0
2026-02-10,checkout/pack-permis-complet-revolut,0,0,0,0,0,0,0,0,0
2026-02-10,checkout/pack-permis-complet-boite-automatique-sans-code-lead,0,0,0,0,0,0,0,0,0
2026-02-10,checkout/pack-5h,1,1,1,0,0,100.0,0.0,0.0,0
2026-02-10,checkout/conduite-accompagnee-first,3,2,2,1,0,100.0,50.0,0.0,0.0
2026-02-10,checkout/pack-permis-complet-boite-automatique-sans-code,3,3,0,0,0,0.0,0,0.0,0
2026-02-10,checkout/pack-5h-boite-automatique,0,0,0,0,0,0,0,0,0
2026-02-10,product/rendez-vous-pedagogiques,2,2,0,0,0,0.0,0,0.0,0
2026-02-10,checkout/pack-10h,1,1,0,0,0,0.0,0,0.0,0
2026-02-10,checkout/pack-permis-complet-boite-automatique-revolut,0,0,0,0,0,0,0,0,0
2026-02-10,chatbot_support,0,0,0,0,0,0,0,0,0
2026-02-10,product/pack-permis-casa-nord-france,0,0,0,0,0,0,0,0,0
2026-02-10,home_widget,1,1,0,0,0,0.0,0,0.0,0
2026-02-10,checkout/pack-10h-boite-automatique,0,0,0,0,0,0,0,0,0
2026-02-10,checkout/pack-20h,0,0,0,0,0,0,0,0,0
2026-02-10,checkout/conduite-accompagnee-boite-automatique-first,0,0,0,0,0,0,0,0,0
2026-02-10,product/pack-permis-boite-automatique-casa-nord-france,0,0,0,0,0,0,0,0,0
2026-02-10,product/rendez-vous-pedagogiques-automatique,0,0,0,0,0,0,0,0,0
2026-02-10,checkout/pack-permis-complet-boite-automatique-sans-code-et-reussite-conduite-plus,0,0,0,0,0,0,0,0,0
2026-02-10,checkout/pack-permis-complet-et-reussite-code-plus,0,0,0,0,0,0,0,0,0
2026-02-10,checkout/pack-permis-casa-nord-france,0,0,0,0,0,0,0,0,0
2026-02-10,checkout/pack-permis-complet-boite-automatique-et-reussite-code-plus,0,0,0,0,0,0,0,0,0
2026-02-10,checkout/rendez-vous-pedagogiques,0,0,0,0,0,0,0,0,0
2026-02-10,checkout/pack-permis-complet-boite-automatique-sans-code-et-reussite-conduite-plus-lead,0,0,0,0,0,0,0,0,0
2026-02-10,checkout/pack-permis-boite-automatique-casa-nord-france,0,0,0,0,0,0,0,0,0
2026-02-10,emailcrm&utm_medium=email&utm_source=crm&utm_campaign=3b74f603-2f61-4df1-9869-4dff5e11d8e9,1,1,1,1,1,100.0,100.0,100.0,100.0
2026-02-10,permis_widget,0,0,0,0,0,0,0,0,0
2026-02-11,shop,295,217,182,142,53,83.9,78.0,24.4,37.3
2026-02-11,unknown,24,22,20,14,8,90.9,70.0,36.4,57.1
2026-02-11,product/pack-permis-complet,51,47,41,31,14,87.2,75.6,29.8,45.2
2026-02-11,product/pack-permis-complet-sans-code,40,31,24,21,10,77.4,87.5,32.3,47.6
2026-02-11,product/pack-permis-complet-sans-code-lead,42,35,28,16,8,80.0,57.1,22.9,50.0
2026-02-11,product/pack-permis-complet-revolut,0,0,0,0,0,0,0,0,0
2026-02-11,product/pack-permis-complet-boite-automatique,20,16,13,10,2,81.2,76.9,12.5,20.0
2026-02-11,emailcrm,19,17,14,9,3,82.4,64.3,17.6,33.3
2026-02-11,product/pack-permis-complet-boite-automatique-sans-code,18,15,15,11,4,100.0,73.3,26.7,36.4
2026-02-11,product/pack-permis-complet-boite-automatique-sans-code-lead,15,11,9,7,5,81.8,77.8,45.5,71.4
2026-02-11,product/pack-5h,9,8,7,5,0,87.5,71.4,0.0,0.0
2026-02-11,product/pack-10h,9,9,7,5,2,77.8,71.4,22.2,40.0
2026-02-11,product/conduite-accompagnee-first,9,9,9,6,4,100.0,66.7,44.4,66.7
2026-02-11,product/pack-20h,5,4,4,2,0,100.0,50.0,0.0,0.0
2026-02-11,product/pack-permis-complet-boite-automatique-revolut,0,0,0,0,0,0,0,0,0
2026-02-11,emailcrmheader,0,0,0,0,0,0,0,0,0
2026-02-11,product/pack-5h-boite-automatique,6,5,4,1,0,80.0,25.0,0.0,0.0
2026-02-11,product/pack-10h-boite-automatique,5,5,5,3,0,100.0,60.0,0.0,0.0
2026-02-11,checkout/pack-permis-complet,6,6,3,3,0,50.0,100.0,0.0,0.0
2026-02-11,product/conduite-accompagnee-boite-automatique-first,4,4,2,1,1,50.0,50.0,25.0,100.0
2026-02-11,checkout/pack-permis-complet-sans-code,2,2,2,0,0,100.0,0.0,0.0,0
2026-02-11,infocards,0,0,0,0,0,0,0,0,0
2026-02-11,checkout/pack-permis-complet-sans-code-lead,0,0,0,0,0,0,0,0,0
2026-02-11,checkout/pack-permis-complet-boite-automatique,1,1,1,0,0,100.0,0.0,0.0,0
2026-02-11,checkout/pack-permis-complet-revolut,0,0,0,0,0,0,0,0,0
2026-02-11,checkout/pack-permis-complet-boite-automatique-sans-code-lead,6,6,4,3,1,66.7,75.0,16.7,33.3
2026-02-11,checkout/pack-5h,1,1,1,1,1,100.0,100.0,100.0,100.0
2026-02-11,checkout/conduite-accompagnee-first,2,2,2,1,1,100.0,50.0,50.0,100.0
2026-02-11,checkout/pack-permis-complet-boite-automatique-sans-code,1,1,0,0,0,0.0,0,0.0,0
2026-02-11,checkout/pack-5h-boite-automatique,0,0,0,0,0,0,0,0,0
2026-02-11,product/rendez-vous-pedagogiques,1,1,1,1,0,100.0,100.0,0.0,0.0
2026-02-11,checkout/pack-10h,0,0,0,0,0,0,0,0,0
2026-02-11,checkout/pack-permis-complet-boite-automatique-revolut,0,0,0,0,0,0,0,0,0
2026-02-11,chatbot_support,0,0,0,0,0,0,0,0,0
2026-02-11,product/pack-permis-casa-nord-france,0,0,0,0,0,0,0,0,0
2026-02-11,home_widget,2,1,1,1,0,100.0,100.0,0.0,0.0
2026-02-11,checkout/pack-10h-boite-automatique,0,0,0,0,0,0,0,0,0
2026-02-11,checkout/pack-20h,0,0,0,0,0,0,0,0,0
2026-02-11,checkout/conduite-accompagnee-boite-automatique-first,1,1,1,1,0,100.0,100.0,0.0,0.0
2026-02-11,product/pack-permis-boite-automatique-casa-nord-france,0,0,0,0,0,0,0,0,0
2026-02-11,product/rendez-vous-pedagogiques-automatique,0,0,0,0,0,0,0,0,0
2026-02-11,checkout/pack-permis-complet-boite-automatique-sans-code-et-reussite-conduite-plus,0,0,0,0,0,0,0,0,0
2026-02-11,checkout/pack-permis-complet-et-reussite-code-plus,0,0,0,0,0,0,0,0,0
2026-02-11,checkout/pack-permis-casa-nord-france,0,0,0,0,0,0,0,0,0
2026-02-11,checkout/pack-permis-complet-boite-automatique-et-reussite-code-plus,0,0,0,0,0,0,0,0,0
2026-02-11,checkout/rendez-vous-pedagogiques,0,0,0,0,0,0,0,0,0
2026-02-11,checkout/pack-permis-complet-boite-automatique-sans-code-et-reussite-conduite-plus-lead,0,0,0,0,0,0,0,0,0
2026-02-11,checkout/pack-permis-boite-automatique-casa-nord-france,0,0,0,0,0,0,0,0,0
2026-02-11,emailcrm&utm_medium=email&utm_source=crm&utm_campaign=3b74f603-2f61-4df1-9869-4dff5e11d8e9,0,0,0,0,0,0,0,0,0
2026-02-11,permis_widget,0,0,0,0,0,0,0,0,0
2026-02-12,shop,260,200,185,125,47,92.5,67.6,23.5,37.6
2026-02-12,unknown,30,25,21,13,8,84.0,61.9,32.0,61.5
2026-02-12,product/pack-permis-complet,68,54,51,33,9,94.4,64.7,16.7,27.3
2026-02-12,product/pack-permis-complet-sans-code,43,38,35,27,12,92.1,77.1,31.6,44.4
2026-02-12,product/pack-permis-complet-sans-code-lead,22,20,18,11,6,90.0,61.1,30.0,54.5
2026-02-12,product/pack-permis-complet-revolut,0,0,0,0,0,0,0,0,0
2026-02-12,product/pack-permis-complet-boite-automatique,22,20,18,8,0,90.0,44.4,0.0,0.0
2026-02-12,emailcrm,32,30,26,18,6,86.7,69.2,20.0,33.3
2026-02-12,product/pack-permis-complet-boite-automatique-sans-code,18,15,15,12,8,100.0,80.0,53.3,66.7
2026-02-12,product/pack-permis-complet-boite-automatique-sans-code-lead,15,12,9,8,5,75.0,88.9,41.7,62.5
2026-02-12,product/pack-5h,11,9,9,5,1,100.0,55.6,11.1,20.0
2026-02-12,product/pack-10h,19,11,10,6,2,90.9,60.0,18.2,33.3
2026-02-12,product/conduite-accompagnee-first,7,5,4,3,1,80.0,75.0,20.0,33.3
2026-02-12,product/pack-20h,3,2,2,2,0,100.0,100.0,0.0,0.0
2026-02-12,product/pack-permis-complet-boite-automatique-revolut,0,0,0,0,0,0,0,0,0
2026-02-12,emailcrmheader,0,0,0,0,0,0,0,0,0
2026-02-12,product/pack-5h-boite-automatique,4,4,4,2,2,100.0,50.0,50.0,100.0
2026-02-12,product/pack-10h-boite-automatique,7,6,5,2,1,83.3,40.0,16.7,50.0
2026-02-12,checkout/pack-permis-complet,9,8,6,6,2,75.0,100.0,25.0,33.3
2026-02-12,product/conduite-accompagnee-boite-automatique-first,2,2,2,2,0,100.0,100.0,0.0,0.0
2026-02-12,checkout/pack-permis-complet-sans-code,2,2,1,1,0,50.0,100.0,0.0,0.0
2026-02-12,infocards,0,0,0,0,0,0,0,0,0
2026-02-12,checkout/pack-permis-complet-sans-code-lead,2,2,2,2,1,100.0,100.0,50.0,50.0
2026-02-12,checkout/pack-permis-complet-boite-automatique,2,2,2,2,0,100.0,100.0,0.0,0.0
2026-02-12,checkout/pack-permis-complet-revolut,0,0,0,0,0,0,0,0,0
2026-02-12,checkout/pack-permis-complet-boite-automatique-sans-code-lead,0,0,0,0,0,0,0,0,0
2026-02-12,checkout/pack-5h,0,0,0,0,0,0,0,0,0
2026-02-12,checkout/conduite-accompagnee-first,3,3,3,1,0,100.0,33.3,0.0,0.0
2026-02-12,checkout/pack-permis-complet-boite-automatique-sans-code,0,0,0,0,0,0,0,0,0
2026-02-12,checkout/pack-5h-boite-automatique,0,0,0,0,0,0,0,0,0
2026-02-12,product/rendez-vous-pedagogiques,0,0,0,0,0,0,0,0,0
2026-02-12,checkout/pack-10h,0,0,0,0,0,0,0,0,0
2026-02-12,checkout/pack-permis-complet-boite-automatique-revolut,0,0,0,0,0,0,0,0,0
2026-02-12,chatbot_support,0,0,0,0,0,0,0,0,0
2026-02-12,product/pack-permis-casa-nord-france,0,0,0,0,0,0,0,0,0
2026-02-12,home_widget,0,0,0,0,0,0,0,0,0
2026-02-12,checkout/pack-10h-boite-automatique,1,1,1,1,0,100.0,100.0,0.0,0.0
2026-02-12,checkout/pack-20h,0,0,0,0,0,0,0,0,0
2026-02-12,checkout/conduite-accompagnee-boite-automatique-first,0,0,0,0,0,0,0,0,0
2026-02-12,product/pack-permis-boite-automatique-casa-nord-france,0,0,0,0,0,0,0,0,0
2026-02-12,product/rendez-vous-pedagogiques-automatique,0,0,0,0,0,0,0,0,0
2026-02-12,checkout/pack-permis-complet-boite-automatique-sans-code-et-reussite-conduite-plus,5,1,1,1,0,100.0,100.0,0.0,0.0
2026-02-12,checkout/pack-permis-complet-et-reussite-code-plus,0,0,0,0,0,0,0,0,0
2026-02-12,checkout/pack-permis-casa-nord-france,0,0,0,0,0,0,0,0,0
2026-02-12,checkout/pack-permis-complet-boite-automatique-et-reussite-code-plus,0,0,0,0,0,0,0,0,0
2026-02-12,checkout/rendez-vous-pedagogiques,0,0,0,0,0,0,0,0,0
2026-02-12,checkout/pack-permis-complet-boite-automatique-sans-code-et-reussite-conduite-plus-lead,0,0,0,0,0,0,0,0,0
2026-02-12,checkout/pack-permis-boite-automatique-casa-nord-france,0,0,0,0,0,0,0,0,0
2026-02-12,emailcrm&utm_medium=email&utm_source=crm&utm_campaign=3b74f603-2f61-4df1-9869-4dff5e11d8e9,0,0,0,0,0,0,0,0,0
2026-02-12,permis_widget,0,0,0,0,0,0,0,0,0
2026-02-13,shop,222,168,133,110,37,79.2,82.7,22.0,33.6
2026-02-13,unknown,9,8,4,3,2,50.0,75.0,25.0,66.7
2026-02-13,product/pack-permis-complet,52,40,30,18,8,75.0,60.0,20.0,44.4
2026-02-13,product/pack-permis-complet-sans-code,15,14,10,5,4,71.4,50.0,28.6,80.0
2026-02-13,product/pack-permis-complet-sans-code-lead,27,19,16,11,8,84.2,68.8,42.1,72.7
2026-02-13,product/pack-permis-complet-revolut,0,0,0,0,0,0,0,0,0
2026-02-13,product/pack-permis-complet-boite-automatique,13,13,9,8,2,69.2,88.9,15.4,25.0
2026-02-13,emailcrm,20,17,11,4,3,64.7,36.4,17.6,75.0
2026-02-13,product/pack-permis-complet-boite-automatique-sans-code,22,14,11,8,4,78.6,72.7,28.6,50.0
2026-02-13,product/pack-permis-complet-boite-automatique-sans-code-lead,4,4,4,4,2,100.0,100.0,50.0,50.0
2026-02-13,product/pack-5h,8,6,5,3,1,83.3,60.0,16.7,33.3
2026-02-13,product/pack-10h,5,5,4,3,0,80.0,75.0,0.0,0.0
2026-02-13,product/conduite-accompagnee-first,8,7,7,5,1,100.0,71.4,14.3,20.0
2026-02-13,product/pack-20h,4,2,2,2,0,100.0,100.0,0.0,0.0
2026-02-13,product/pack-permis-complet-boite-automatique-revolut,0,0,0,0,0,0,0,0,0
2026-02-13,emailcrmheader,0,0,0,0,0,0,0,0,0
2026-02-13,product/pack-5h-boite-automatique,3,3,2,1,1,66.7,50.0,33.3,100.0
2026-02-13,product/pack-10h-boite-automatique,6,5,3,3,0,60.0,100.0,0.0,0.0
2026-02-13,checkout/pack-permis-complet,3,2,2,1,0,100.0,50.0,0.0,0.0
2026-02-13,product/conduite-accompagnee-boite-automatique-first,0,0,0,0,0,0,0,0,0
2026-02-13,checkout/pack-permis-complet-sans-code,1,1,1,1,1,100.0,100.0,100.0,100.0
2026-02-13,infocards,0,0,0,0,0,0,0,0,0
2026-02-13,checkout/pack-permis-complet-sans-code-lead,2,2,2,2,0,100.0,100.0,0.0,0.0
2026-02-13,checkout/pack-permis-complet-boite-automatique,0,0,0,0,0,0,0,0,0
2026-02-13,checkout/pack-permis-complet-revolut,0,0,0,0,0,0,0,0,0
2026-02-13,checkout/pack-permis-complet-boite-automatique-sans-code-lead,1,1,1,1,1,100.0,100.0,100.0,100.0
2026-02-13,checkout/pack-5h,1,1,1,0,0,100.0,0.0,0.0,0
2026-02-13,checkout/conduite-accompagnee-first,0,0,0,0,0,0,0,0,0
2026-02-13,checkout/pack-permis-complet-boite-automatique-sans-code,1,1,1,0,0,100.0,0.0,0.0,0
2026-02-13,checkout/pack-5h-boite-automatique,1,1,0,0,0,0.0,0,0.0,0
2026-02-13,product/rendez-vous-pedagogiques,0,0,0,0,0,0,0,0,0
2026-02-13,checkout/pack-10h,2,2,2,2,1,100.0,100.0,50.0,50.0
2026-02-13,checkout/pack-permis-complet-boite-automatique-revolut,0,0,0,0,0,0,0,0,0
2026-02-13,chatbot_support,0,0,0,0,0,0,0,0,0
2026-02-13,product/pack-permis-casa-nord-france,0,0,0,0,0,0,0,0,0
2026-02-13,home_widget,1,1,1,1,1,100.0,100.0,100.0,100.0
2026-02-13,checkout/pack-10h-boite-automatique,0,0,0,0,0,0,0,0,0
2026-02-13,checkout/pack-20h,0,0,0,0,0,0,0,0,0
2026-02-13,checkout/conduite-accompagnee-boite-automatique-first,0,0,0,0,0,0,0,0,0
2026-02-13,product/pack-permis-boite-automatique-casa-nord-france,0,0,0,0,0,0,0,0,0
2026-02-13,product/rendez-vous-pedagogiques-automatique,0,0,0,0,0,0,0,0,0
2026-02-13,checkout/pack-permis-complet-boite-automatique-sans-code-et-reussite-conduite-plus,0,0,0,0,0,0,0,0,0
2026-02-13,checkout/pack-permis-complet-et-reussite-code-plus,0,0,0,0,0,0,0,0,0
2026-02-13,checkout/pack-permis-casa-nord-france,0,0,0,0,0,0,0,0,0
2026-02-13,checkout/pack-permis-complet-boite-automatique-et-reussite-code-plus,0,0,0,0,0,0,0,0,0
2026-02-13,checkout/rendez-vous-pedagogiques,0,0,0,0,0,0,0,0,0
2026-02-13,checkout/pack-permis-complet-boite-automatique-sans-code-et-reussite-conduite-plus-lead,0,0,0,0,0,0,0,0,0
2026-02-13,checkout/pack-permis-boite-automatique-casa-nord-france,0,0,0,0,0,0,0,0,0
2026-02-13,emailcrm&utm_medium=email&utm_source=crm&utm_campaign=3b74f603-2f61-4df1-9869-4dff5e11d8e9,0,0,0,0,0,0,0,0,0
2026-02-13,permis_widget,0,0,0,0,0,0,0,0,0
2026-02-14,shop,117,81,67,55,24,82.7,82.1,29.6,43.6
2026-02-14,unknown,12,11,10,5,2,90.9,50.0,18.2,40.0
2026-02-14,product/pack-permis-complet,13,9,8,7,6,88.9,87.5,66.7,85.7
2026-02-14,product/pack-permis-complet-sans-code,15,11,10,9,4,90.9,90.0,36.4,44.4
2026-02-14,product/pack-permis-complet-sans-code-lead,12,7,6,3,3,85.7,50.0,42.9,100.0
2026-02-14,product/pack-permis-complet-revolut,0,0,0,0,0,0,0,0,0
2026-02-14,product/pack-permis-complet-boite-automatique,6,6,3,1,0,50.0,33.3,0.0,0.0
2026-02-14,emailcrm,14,12,10,10,4,83.3,100.0,33.3,40.0
2026-02-14,product/pack-permis-complet-boite-automatique-sans-code,1,1,1,1,0,100.0,100.0,0.0,0.0
2026-02-14,product/pack-permis-complet-boite-automatique-sans-code-lead,4,3,3,3,1,100.0,100.0,33.3,33.3
2026-02-14,product/pack-5h,10,7,5,3,1,71.4,60.0,14.3,33.3
2026-02-14,product/pack-10h,7,5,3,3,1,60.0,100.0,20.0,33.3
2026-02-14,product/conduite-accompagnee-first,3,3,3,3,2,100.0,100.0,66.7,66.7
2026-02-14,product/pack-20h,2,2,2,2,1,100.0,100.0,50.0,50.0
2026-02-14,product/pack-permis-complet-boite-automatique-revolut,0,0,0,0,0,0,0,0,0
2026-02-14,emailcrmheader,0,0,0,0,0,0,0,0,0
2026-02-14,product/pack-5h-boite-automatique,0,0,0,0,0,0,0,0,0
2026-02-14,product/pack-10h-boite-automatique,1,1,1,1,1,100.0,100.0,100.0,100.0
2026-02-14,checkout/pack-permis-complet,3,2,1,0,0,50.0,0.0,0.0,0
2026-02-14,product/conduite-accompagnee-boite-automatique-first,0,0,0,0,0,0,0,0,0
2026-02-14,checkout/pack-permis-complet-sans-code,0,0,0,0,0,0,0,0,0
2026-02-14,infocards,0,0,0,0,0,0,0,0,0
2026-02-14,checkout/pack-permis-complet-sans-code-lead,4,3,2,2,2,66.7,100.0,66.7,100.0
2026-02-14,checkout/pack-permis-complet-boite-automatique,0,0,0,0,0,0,0,0,0
2026-02-14,checkout/pack-permis-complet-revolut,0,0,0,0,0,0,0,0,0
2026-02-14,checkout/pack-permis-complet-boite-automatique-sans-code-lead,0,0,0,0,0,0,0,0,0
2026-02-14,checkout/pack-5h,0,0,0,0,0,0,0,0,0
2026-02-14,checkout/conduite-accompagnee-first,0,0,0,0,0,0,0,0,0
2026-02-14,checkout/pack-permis-complet-boite-automatique-sans-code,0,0,0,0,0,0,0,0,0
2026-02-14,checkout/pack-5h-boite-automatique,1,1,1,1,0,100.0,100.0,0.0,0.0
2026-02-14,product/rendez-vous-pedagogiques,0,0,0,0,0,0,0,0,0
2026-02-14,checkout/pack-10h,0,0,0,0,0,0,0,0,0
2026-02-14,checkout/pack-permis-complet-boite-automatique-revolut,0,0,0,0,0,0,0,0,0
2026-02-14,chatbot_support,0,0,0,0,0,0,0,0,0
2026-02-14,product/pack-permis-casa-nord-france,0,0,0,0,0,0,0,0,0
2026-02-14,home_widget,0,0,0,0,0,0,0,0,0
2026-02-14,checkout/pack-10h-boite-automatique,0,0,0,0,0,0,0,0,0
2026-02-14,checkout/pack-20h,0,0,0,0,0,0,0,0,0
2026-02-14,checkout/conduite-accompagnee-boite-automatique-first,0,0,0,0,0,0,0,0,0
2026-02-14,product/pack-permis-boite-automatique-casa-nord-france,0,0,0,0,0,0,0,0,0
2026-02-14,product/rendez-vous-pedagogiques-automatique,0,0,0,0,0,0,0,0,0
2026-02-14,checkout/pack-permis-complet-boite-automatique-sans-code-et-reussite-conduite-plus,0,0,0,0,0,0,0,0,0
2026-02-14,checkout/pack-permis-complet-et-reussite-code-plus,0,0,0,0,0,0,0,0,0
2026-02-14,checkout/pack-permis-casa-nord-france,0,0,0,0,0,0,0,0,0
2026-02-14,checkout/pack-permis-complet-boite-automatique-et-reussite-code-plus,0,0,0,0,0,0,0,0,0
2026-02-14,checkout/rendez-vous-pedagogiques,0,0,0,0,0,0,0,0,0
2026-02-14,checkout/pack-permis-complet-boite-automatique-sans-code-et-reussite-conduite-plus-lead,0,0,0,0,0,0,0,0,0
2026-02-14,checkout/pack-permis-boite-automatique-casa-nord-france,0,0,0,0,0,0,0,0,0
2026-02-14,emailcrm&utm_medium=email&utm_source=crm&utm_campaign=3b74f603-2f61-4df1-9869-4dff5e11d8e9,0,0,0,0,0,0,0,0,0
2026-02-14,permis_widget,0,0,0,0,0,0,0,0,0
2026-02-15,shop,0,0,0,0,0,0,0,0,0
2026-02-15,unknown,0,0,0,0,0,0,0,0,0
2026-02-15,product/pack-permis-complet,0,0,0,0,0,0,0,0,0
2026-02-15,product/pack-permis-complet-sans-code,0,0,0,0,0,0,0,0,0
2026-02-15,product/pack-permis-complet-sans-code-lead,0,0,0,0,0,0,0,0,0
2026-02-15,product/pack-permis-complet-revolut,0,0,0,0,0,0,0,0,0
2026-02-15,product/pack-permis-complet-boite-automatique,0,0,0,0,0,0,0,0,0
2026-02-15,emailcrm,0,0,0,0,0,0,0,0,0
2026-02-15,product/pack-permis-complet-boite-automatique-sans-code,0,0,0,0,0,0,0,0,0
2026-02-15,product/pack-permis-complet-boite-automatique-sans-code-lead,0,0,0,0,0,0,0,0,0
2026-02-15,product/pack-5h,0,0,0,0,0,0,0,0,0
2026-02-15,product/pack-10h,0,0,0,0,0,0,0,0,0
2026-02-15,product/conduite-accompagnee-first,0,0,0,0,0,0,0,0,0
2026-02-15,product/pack-20h,0,0,0,0,0,0,0,0,0
2026-02-15,product/pack-permis-complet-boite-automatique-revolut,0,0,0,0,0,0,0,0,0
2026-02-15,emailcrmheader,0,0,0,0,0,0,0,0,0
2026-02-15,product/pack-5h-boite-automatique,0,0,0,0,0,0,0,0,0
2026-02-15,product/pack-10h-boite-automatique,0,0,0,0,0,0,0,0,0
2026-02-15,checkout/pack-permis-complet,0,0,0,0,0,0,0,0,0
2026-02-15,product/conduite-accompagnee-boite-automatique-first,0,0,0,0,0,0,0,0,0
2026-02-15,checkout/pack-permis-complet-sans-code,0,0,0,0,0,0,0,0,0
2026-02-15,infocards,0,0,0,0,0,0,0,0,0
2026-02-15,checkout/pack-permis-complet-sans-code-lead,0,0,0,0,0,0,0,0,0
2026-02-15,checkout/pack-permis-complet-boite-automatique,0,0,0,0,0,0,0,0,0
2026-02-15,checkout/pack-permis-complet-revolut,0,0,0,0,0,0,0,0,0
2026-02-15,checkout/pack-permis-complet-boite-automatique-sans-code-lead,0,0,0,0,0,0,0,0,0
2026-02-15,checkout/pack-5h,0,0,0,0,0,0,0,0,0
2026-02-15,checkout/conduite-accompagnee-first,0,0,0,0,0,0,0,0,0
2026-02-15,checkout/pack-permis-complet-boite-automatique-sans-code,0,0,0,0,0,0,0,0,0
2026-02-15,checkout/pack-5h-boite-automatique,0,0,0,0,0,0,0,0,0
2026-02-15,product/rendez-vous-pedagogiques,0,0,0,0,0,0,0,0,0
2026-02-15,checkout/pack-10h,0,0,0,0,0,0,0,0,0
2026-02-15,checkout/pack-permis-complet-boite-automatique-revolut,0,0,0,0,0,0,0,0,0
2026-02-15,chatbot_support,0,0,0,0,0,0,0,0,0
2026-02-15,product/pack-permis-casa-nord-france,0,0,0,0,0,0,0,0,0
2026-02-15,home_widget,0,0,0,0,0,0,0,0,0
2026-02-15,checkout/pack-10h-boite-automatique,0,0,0,0,0,0,0,0,0
2026-02-15,checkout/pack-20h,0,0,0,0,0,0,0,0,0
2026-02-15,checkout/conduite-accompagnee-boite-automatique-first,0,0,0,0,0,0,0,0,0
2026-02-15,product/pack-permis-boite-automatique-casa-nord-france,0,0,0,0,0,0,0,0,0
2026-02-15,product/rendez-vous-pedagogiques-automatique,0,0,0,0,0,0,0,0,0
2026-02-15,checkout/pack-permis-complet-boite-automatique-sans-code-et-reussite-conduite-plus,0,0,0,0,0,0,0,0,0
2026-02-15,checkout/pack-permis-complet-et-reussite-code-plus,0,0,0,0,0,0,0,0,0
2026-02-15,checkout/pack-permis-casa-nord-france,0,0,0,0,0,0,0,0,0
2026-02-15,checkout/pack-permis-complet-boite-automatique-et-reussite-code-plus,0,0,0,0,0,0,0,0,0
2026-02-15,checkout/rendez-vous-pedagogiques,0,0,0,0,0,0,0,0,0
2026-02-15,checkout/pack-permis-complet-boite-automatique-sans-code-et-reussite-conduite-plus-lead,0,0,0,0,0,0,0,0,0
2026-02-15,checkout/pack-permis-boite-automatique-casa-nord-france,0,0,0,0,0,0,0,0,0
2026-02-15,emailcrm&utm_medium=email&utm_source=crm&utm_campaign=3b74f603-2f61-4df1-9869-4dff5e11d8e9,0,0,0,0,0,0,0,0,0
2026-02-15,permis_widget,0,0,0,0,0,0,0,0,0
2026-02-16,shop,264,210,165,130,43,78.6,78.8,20.5,33.1
2026-02-16,unknown,25,23,9,6,6,39.1,66.7,26.1,100.0
2026-02-16,product/pack-permis-complet,62,44,32,20,8,72.7,62.5,18.2,40.0
2026-02-16,product/pack-permis-complet-sans-code,37,25,19,16,9,76.0,84.2,36.0,56.2
2026-02-16,product/pack-permis-complet-sans-code-lead,33,30,23,15,7,76.7,65.2,23.3,46.7
2026-02-16,product/pack-permis-complet-revolut,0,0,0,0,0,0,0,0,0
2026-02-16,product/pack-permis-complet-boite-automatique,18,15,13,6,3,86.7,46.2,20.0,50.0
2026-02-16,emailcrm,16,14,10,9,4,71.4,90.0,28.6,44.4
2026-02-16,product/pack-permis-complet-boite-automatique-sans-code,19,12,6,5,3,50.0,83.3,25.0,60.0
2026-02-16,product/pack-permis-complet-boite-automatique-sans-code-lead,13,10,6,5,3,60.0,83.3,30.0,60.0
2026-02-16,product/pack-5h,18,15,13,10,2,86.7,76.9,13.3,20.0
2026-02-16,product/pack-10h,13,10,7,3,2,70.0,42.9,20.0,66.7
2026-02-16,product/conduite-accompagnee-first,3,3,2,0,0,66.7,0.0,0.0,0
2026-02-16,product/pack-20h,11,9,8,6,0,88.9,75.0,0.0,0.0
2026-02-16,product/pack-permis-complet-boite-automatique-revolut,0,0,0,0,0,0,0,0,0
2026-02-16,emailcrmheader,0,0,0,0,0,0,0,0,0
2026-02-16,product/pack-5h-boite-automatique,6,6,3,1,0,50.0,33.3,0.0,0.0
2026-02-16,product/pack-10h-boite-automatique,10,8,6,2,1,75.0,33.3,12.5,50.0
2026-02-16,checkout/pack-permis-complet,1,1,1,0,0,100.0,0.0,0.0,0
2026-02-16,product/conduite-accompagnee-boite-automatique-first,0,0,0,0,0,0,0,0,0
2026-02-16,checkout/pack-permis-complet-sans-code,2,2,0,0,0,0.0,0,0.0,0
2026-02-16,infocards,0,0,0,0,0,0,0,0,0
2026-02-16,checkout/pack-permis-complet-sans-code-lead,5,4,4,2,1,100.0,50.0,25.0,50.0
2026-02-16,checkout/pack-permis-complet-boite-automatique,0,0,0,0,0,0,0,0,0
2026-02-16,checkout/pack-permis-complet-revolut,0,0,0,0,0,0,0,0,0
2026-02-16,checkout/pack-permis-complet-boite-automatique-sans-code-lead,0,0,0,0,0,0,0,0,0
2026-02-16,checkout/pack-5h,3,3,3,2,0,100.0,66.7,0.0,0.0
2026-02-16,checkout/conduite-accompagnee-first,2,2,0,0,0,0.0,0,0.0,0
2026-02-16,checkout/pack-permis-complet-boite-automatique-sans-code,0,0,0,0,0,0,0,0,0
2026-02-16,checkout/pack-5h-boite-automatique,0,0,0,0,0,0,0,0,0
2026-02-16,product/rendez-vous-pedagogiques,1,1,1,1,0,100.0,100.0,0.0,0.0
2026-02-16,checkout/pack-10h,2,2,2,1,1,100.0,50.0,50.0,100.0
2026-02-16,checkout/pack-permis-complet-boite-automatique-revolut,0,0,0,0,0,0,0,0,0
2026-02-16,chatbot_support,0,0,0,0,0,0,0,0,0
2026-02-16,product/pack-permis-casa-nord-france,0,0,0,0,0,0,0,0,0
2026-02-16,home_widget,1,1,1,1,0,100.0,100.0,0.0,0.0
2026-02-16,checkout/pack-10h-boite-automatique,1,1,1,0,0,100.0,0.0,0.0,0
2026-02-16,checkout/pack-20h,0,0,0,0,0,0,0,0,0
2026-02-16,checkout/conduite-accompagnee-boite-automatique-first,0,0,0,0,0,0,0,0,0
2026-02-16,product/pack-permis-boite-automatique-casa-nord-france,0,0,0,0,0,0,0,0,0
2026-02-16,product/rendez-vous-pedagogiques-automatique,0,0,0,0,0,0,0,0,0
2026-02-16,checkout/pack-permis-complet-boite-automatique-sans-code-et-reussite-conduite-plus,1,1,1,1,0,100.0,100.0,0.0,0.0
2026-02-16,checkout/pack-permis-complet-et-reussite-code-plus,0,0,0,0,0,0,0,0,0
2026-02-16,checkout/pack-permis-casa-nord-france,0,0,0,0,0,0,0,0,0
2026-02-16,checkout/pack-permis-complet-boite-automatique-et-reussite-code-plus,0,0,0,0,0,0,0,0,0
2026-02-16,checkout/rendez-vous-pedagogiques,0,0,0,0,0,0,0,0,0
2026-02-16,checkout/pack-permis-complet-boite-automatique-sans-code-et-reussite-conduite-plus-lead,0,0,0,0,0,0,0,0,0
2026-02-16,checkout/pack-permis-boite-automatique-casa-nord-france,0,0,0,0,0,0,0,0,0
2026-02-16,emailcrm&utm_medium=email&utm_source=crm&utm_campaign=3b74f603-2f61-4df1-9869-4dff5e11d8e9,0,0,0,0,0,0,0,0,0
2026-02-16,permis_widget,0,0,0,0,0,0,0,0,0
2026-02-17,shop,265,199,168,130,47,84.4,77.4,23.6,36.2
2026-02-17,unknown,19,17,16,14,6,94.1,87.5,35.3,42.9
2026-02-17,product/pack-permis-complet,31,24,20,16,4,83.3,80.0,16.7,25.0
2026-02-17,product/pack-permis-complet-sans-code,25,22,19,16,7,86.4,84.2,31.8,43.8
2026-02-17,product/pack-permis-complet-sans-code-lead,15,13,11,10,2,84.6,90.9,15.4,20.0
2026-02-17,product/pack-permis-complet-revolut,26,23,18,14,4,78.3,77.8,17.4,28.6
2026-02-17,product/pack-permis-complet-boite-automatique,7,7,6,4,1,85.7,66.7,14.3,25.0
2026-02-17,emailcrm,11,7,3,1,1,42.9,33.3,14.3,100.0
2026-02-17,product/pack-permis-complet-boite-automatique-sans-code,10,9,8,5,0,88.9,62.5,0.0,0.0
2026-02-17,product/pack-permis-complet-boite-automatique-sans-code-lead,7,7,5,3,0,71.4,60.0,0.0,0.0
2026-02-17,product/pack-5h,10,7,6,5,2,85.7,83.3,28.6,40.0
2026-02-17,product/pack-10h,18,15,10,8,2,66.7,80.0,13.3,25.0
2026-02-17,product/conduite-accompagnee-first,3,3,2,1,0,66.7,50.0,0.0,0.0
2026-02-17,product/pack-20h,5,5,5,5,0,100.0,100.0,0.0,0.0
2026-02-17,product/pack-permis-complet-boite-automatique-revolut,5,5,4,3,0,80.0,75.0,0.0,0.0
2026-02-17,emailcrmheader,0,0,0,0,0,0,0,0,0
2026-02-17,product/pack-5h-boite-automatique,3,3,3,3,0,100.0,100.0,0.0,0.0
2026-02-17,product/pack-10h-boite-automatique,5,3,2,0,0,66.7,0.0,0.0,0
2026-02-17,checkout/pack-permis-complet,1,1,1,1,1,100.0,100.0,100.0,100.0
2026-02-17,product/conduite-accompagnee-boite-automatique-first,1,1,1,1,1,100.0,100.0,100.0,100.0
2026-02-17,checkout/pack-permis-complet-sans-code,0,0,0,0,0,0,0,0,0
2026-02-17,infocards,0,0,0,0,0,0,0,0,0
2026-02-17,checkout/pack-permis-complet-sans-code-lead,1,1,1,1,1,100.0,100.0,100.0,100.0
2026-02-17,checkout/pack-permis-complet-boite-automatique,1,1,1,1,0,100.0,100.0,0.0,0.0
2026-02-17,checkout/pack-permis-complet-revolut,1,1,1,1,1,100.0,100.0,100.0,100.0
2026-02-17,checkout/pack-permis-complet-boite-automatique-sans-code-lead,0,0,0,0,0,0,0,0,0
2026-02-17,checkout/pack-5h,2,2,1,1,1,50.0,100.0,50.0,100.0
2026-02-17,checkout/conduite-accompagnee-first,0,0,0,0,0,0,0,0,0
2026-02-17,checkout/pack-permis-complet-boite-automatique-sans-code,0,0,0,0,0,0,0,0,0
2026-02-17,checkout/pack-5h-boite-automatique,1,1,0,0,0,0.0,0,0.0,0
2026-02-17,product/rendez-vous-pedagogiques,3,1,1,1,0,100.0,100.0,0.0,0.0
2026-02-17,checkout/pack-10h,1,1,0,0,0,0.0,0,0.0,0
2026-02-17,checkout/pack-permis-complet-boite-automatique-revolut,0,0,0,0,0,0,0,0,0
2026-02-17,chatbot_support,0,0,0,0,0,0,0,0,0
2026-02-17,product/pack-permis-casa-nord-france,0,0,0,0,0,0,0,0,0
2026-02-17,home_widget,0,0,0,0,0,0,0,0,0
2026-02-17,checkout/pack-10h-boite-automatique,0,0,0,0,0,0,0,0,0
2026-02-17,checkout/pack-20h,0,0,0,0,0,0,0,0,0
2026-02-17,checkout/conduite-accompagnee-boite-automatique-first,0,0,0,0,0,0,0,0,0
2026-02-17,product/pack-permis-boite-automatique-casa-nord-france,0,0,0,0,0,0,0,0,0
2026-02-17,product/rendez-vous-pedagogiques-automatique,0,0,0,0,0,0,0,0,0
2026-02-17,checkout/pack-permis-complet-boite-automatique-sans-code-et-reussite-conduite-plus,0,0,0,0,0,0,0,0,0
2026-02-17,checkout/pack-permis-complet-et-reussite-code-plus,0,0,0,0,0,0,0,0,0
2026-02-17,checkout/pack-permis-casa-nord-france,0,0,0,0,0,0,0,0,0
2026-02-17,checkout/pack-permis-complet-boite-automatique-et-reussite-code-plus,0,0,0,0,0,0,0,0,0
2026-02-17,checkout/rendez-vous-pedagogiques,0,0,0,0,0,0,0,0,0
2026-02-17,checkout/pack-permis-complet-boite-automatique-sans-code-et-reussite-conduite-plus-lead,0,0,0,0,0,0,0,0,0
2026-02-17,checkout/pack-permis-boite-automatique-casa-nord-france,0,0,0,0,0,0,0,0,0
2026-02-17,emailcrm&utm_medium=email&utm_source=crm&utm_campaign=3b74f603-2f61-4df1-9869-4dff5e11d8e9,0,0,0,0,0,0,0,0,0
2026-02-17,permis_widget,0,0,0,0,0,0,0,0,0
2026-02-18,shop,267,200,141,120,52,70.5,85.1,26.0,43.3
2026-02-18,unknown,15,13,9,5,2,69.2,55.6,15.4,40.0
2026-02-18,product/pack-permis-complet,17,14,9,5,4,64.3,55.6,28.6,80.0
2026-02-18,product/pack-permis-complet-sans-code,17,15,11,10,6,73.3,90.9,40.0,60.0
2026-02-18,product/pack-permis-complet-sans-code-lead,11,11,10,7,3,90.9,70.0,27.3,42.9
2026-02-18,product/pack-permis-complet-revolut,29,22,16,12,4,72.7,75.0,18.2,33.3
2026-02-18,product/pack-permis-complet-boite-automatique,4,4,3,2,2,75.0,66.7,50.0,100.0
2026-02-18,emailcrm,11,11,5,5,1,45.5,100.0,9.1,20.0
2026-02-18,product/pack-permis-complet-boite-automatique-sans-code,5,4,1,1,0,25.0,100.0,0.0,0.0
2026-02-18,product/pack-permis-complet-boite-automatique-sans-code-lead,6,5,3,2,1,60.0,66.7,20.0,50.0
2026-02-18,product/pack-5h,7,7,5,3,1,71.4,60.0,14.3,33.3
2026-02-18,product/pack-10h,11,10,5,3,1,50.0,60.0,10.0,33.3
2026-02-18,product/conduite-accompagnee-first,0,0,0,0,0,0,0,0,0
2026-02-18,product/pack-20h,9,7,6,6,0,85.7,100.0,0.0,0.0
2026-02-18,product/pack-permis-complet-boite-automatique-revolut,6,5,5,3,0,100.0,60.0,0.0,0.0
2026-02-18,emailcrmheader,0,0,0,0,0,0,0,0,0
2026-02-18,product/pack-5h-boite-automatique,7,5,4,4,0,80.0,100.0,0.0,0.0
2026-02-18,product/pack-10h-boite-automatique,5,3,2,1,1,66.7,50.0,33.3,100.0
2026-02-18,checkout/pack-permis-complet,1,1,1,1,0,100.0,100.0,0.0,0.0
2026-02-18,product/conduite-accompagnee-boite-automatique-first,0,0,0,0,0,0,0,0,0
2026-02-18,checkout/pack-permis-complet-sans-code,2,2,1,1,0,50.0,100.0,0.0,0.0
2026-02-18,infocards,0,0,0,0,0,0,0,0,0
2026-02-18,checkout/pack-permis-complet-sans-code-lead,2,2,2,1,1,100.0,50.0,50.0,100.0
2026-02-18,checkout/pack-permis-complet-boite-automatique,1,1,1,1,0,100.0,100.0,0.0,0.0
2026-02-18,checkout/pack-permis-complet-revolut,1,1,1,1,0,100.0,100.0,0.0,0.0
2026-02-18,checkout/pack-permis-complet-boite-automatique-sans-code-lead,0,0,0,0,0,0,0,0,0
2026-02-18,checkout/pack-5h,0,0,0,0,0,0,0,0,0
2026-02-18,checkout/conduite-accompagnee-first,1,1,1,1,0,100.0,100.0,0.0,0.0
2026-02-18,checkout/pack-permis-complet-boite-automatique-sans-code,0,0,0,0,0,0,0,0,0
2026-02-18,checkout/pack-5h-boite-automatique,0,0,0,0,0,0,0,0,0
2026-02-18,product/rendez-vous-pedagogiques,0,0,0,0,0,0,0,0,0
2026-02-18,checkout/pack-10h,0,0,0,0,0,0,0,0,0
2026-02-18,checkout/pack-permis-complet-boite-automatique-revolut,1,1,1,1,0,100.0,100.0,0.0,0.0
2026-02-18,chatbot_support,0,0,0,0,0,0,0,0,0
2026-02-18,product/pack-permis-casa-nord-france,0,0,0,0,0,0,0,0,0
2026-02-18,home_widget,1,1,0,0,0,0.0,0,0.0,0
2026-02-18,checkout/pack-10h-boite-automatique,0,0,0,0,0,0,0,0,0
2026-02-18,checkout/pack-20h,0,0,0,0,0,0,0,0,0
2026-02-18,checkout/conduite-accompagnee-boite-automatique-first,0,0,0,0,0,0,0,0,0
2026-02-18,product/pack-permis-boite-automatique-casa-nord-france,0,0,0,0,0,0,0,0,0
2026-02-18,product/rendez-vous-pedagogiques-automatique,0,0,0,0,0,0,0,0,0
2026-02-18,checkout/pack-permis-complet-boite-automatique-sans-code-et-reussite-conduite-plus,0,0,0,0,0,0,0,0,0
2026-02-18,checkout/pack-permis-complet-et-reussite-code-plus,0,0,0,0,0,0,0,0,0
2026-02-18,checkout/pack-permis-casa-nord-france,0,0,0,0,0,0,0,0,0
2026-02-18,checkout/pack-permis-complet-boite-automatique-et-reussite-code-plus,0,0,0,0,0,0,0,0,0
2026-02-18,checkout/rendez-vous-pedagogiques,0,0,0,0,0,0,0,0,0
2026-02-18,checkout/pack-permis-complet-boite-automatique-sans-code-et-reussite-conduite-plus-lead,0,0,0,0,0,0,0,0,0
2026-02-18,checkout/pack-permis-boite-automatique-casa-nord-france,0,0,0,0,0,0,0,0,0
2026-02-18,emailcrm&utm_medium=email&utm_source=crm&utm_campaign=3b74f603-2f61-4df1-9869-4dff5e11d8e9,0,0,0,0,0,0,0,0,0
2026-02-18,permis_widget,0,0,0,0,0,0,0,0,0
2026-02-19,shop,258,209,164,132,43,78.5,80.5,20.6,32.6
2026-02-19,unknown,32,28,19,14,4,67.9,73.7,14.3,28.6
2026-02-19,product/pack-permis-complet,23,18,14,11,2,77.8,78.6,11.1,18.2
2026-02-19,product/pack-permis-complet-sans-code,19,17,12,9,5,70.6,75.0,29.4,55.6
2026-02-19,product/pack-permis-complet-sans-code-lead,26,24,17,12,7,70.8,70.6,29.2,58.3
2026-02-19,product/pack-permis-complet-revolut,23,21,13,11,4,61.9,84.6,19.0,36.4
2026-02-19,product/pack-permis-complet-boite-automatique,14,13,11,5,2,84.6,45.5,15.4,40.0
2026-02-19,emailcrm,13,10,9,7,3,90.0,77.8,30.0,42.9
2026-02-19,product/pack-permis-complet-boite-automatique-sans-code,15,11,8,7,4,72.7,87.5,36.4,57.1
2026-02-19,product/pack-permis-complet-boite-automatique-sans-code-lead,4,4,4,3,1,100.0,75.0,25.0,33.3
2026-02-19,product/pack-5h,13,11,7,4,0,63.6,57.1,0.0,0.0
2026-02-19,product/pack-10h,14,10,9,7,1,90.0,77.8,10.0,14.3
2026-02-19,product/conduite-accompagnee-first,4,3,3,2,1,100.0,66.7,33.3,50.0
2026-02-19,product/pack-20h,9,5,5,4,0,100.0,80.0,0.0,0.0
2026-02-19,product/pack-permis-complet-boite-automatique-revolut,8,6,5,3,1,83.3,60.0,16.7,33.3
2026-02-19,emailcrmheader,0,0,0,0,0,0,0,0,0
2026-02-19,product/pack-5h-boite-automatique,4,2,2,2,1,100.0,100.0,50.0,50.0
2026-02-19,product/pack-10h-boite-automatique,4,4,4,4,2,100.0,100.0,50.0,50.0
2026-02-19,checkout/pack-permis-complet,1,1,1,1,1,100.0,100.0,100.0,100.0
2026-02-19,product/conduite-accompagnee-boite-automatique-first,0,0,0,0,0,0,0,0,0
2026-02-19,checkout/pack-permis-complet-sans-code,3,3,1,1,1,33.3,100.0,33.3,100.0
2026-02-19,infocards,0,0,0,0,0,0,0,0,0
2026-02-19,checkout/pack-permis-complet-sans-code-lead,1,1,1,1,1,100.0,100.0,100.0,100.0
2026-02-19,checkout/pack-permis-complet-boite-automatique,1,1,1,0,0,100.0,0.0,0.0,0
2026-02-19,checkout/pack-permis-complet-revolut,1,1,1,1,0,100.0,100.0,0.0,0.0
2026-02-19,checkout/pack-permis-complet-boite-automatique-sans-code-lead,0,0,0,0,0,0,0,0,0
2026-02-19,checkout/pack-5h,0,0,0,0,0,0,0,0,0
2026-02-19,checkout/conduite-accompagnee-first,1,1,1,1,1,100.0,100.0,100.0,100.0
2026-02-19,checkout/pack-permis-complet-boite-automatique-sans-code,2,2,1,1,1,50.0,100.0,50.0,100.0
2026-02-19,checkout/pack-5h-boite-automatique,0,0,0,0,0,0,0,0,0
2026-02-19,product/rendez-vous-pedagogiques,0,0,0,0,0,0,0,0,0
2026-02-19,checkout/pack-10h,0,0,0,0,0,0,0,0,0
2026-02-19,checkout/pack-permis-complet-boite-automatique-revolut,2,2,2,2,1,100.0,100.0,50.0,50.0
2026-02-19,chatbot_support,0,0,0,0,0,0,0,0,0
2026-02-19,product/pack-permis-casa-nord-france,0,0,0,0,0,0,0,0,0
2026-02-19,home_widget,0,0,0,0,0,0,0,0,0
2026-02-19,checkout/pack-10h-boite-automatique,0,0,0,0,0,0,0,0,0
2026-02-19,checkout/pack-20h,0,0,0,0,0,0,0,0,0
2026-02-19,checkout/conduite-accompagnee-boite-automatique-first,0,0,0,0,0,0,0,0,0
2026-02-19,product/pack-permis-boite-automatique-casa-nord-france,0,0,0,0,0,0,0,0,0
2026-02-19,product/rendez-vous-pedagogiques-automatique,0,0,0,0,0,0,0,0,0
2026-02-19,checkout/pack-permis-complet-boite-automatique-sans-code-et-reussite-conduite-plus,0,0,0,0,0,0,0,0,0
2026-02-19,checkout/pack-permis-complet-et-reussite-code-plus,0,0,0,0,0,0,0,0,0
2026-02-19,checkout/pack-permis-casa-nord-france,0,0,0,0,0,0,0,0,0
2026-02-19,checkout/pack-permis-complet-boite-automatique-et-reussite-code-plus,0,0,0,0,0,0,0,0,0
2026-02-19,checkout/rendez-vous-pedagogiques,0,0,0,0,0,0,0,0,0
2026-02-19,checkout/pack-permis-complet-boite-automatique-sans-code-et-reussite-conduite-plus-lead,0,0,0,0,0,0,0,0,0
2026-02-19,checkout/pack-permis-boite-automatique-casa-nord-france,0,0,0,0,0,0,0,0,0
2026-02-19,emailcrm&utm_medium=email&utm_source=crm&utm_campaign=3b74f603-2f61-4df1-9869-4dff5e11d8e9,0,0,0,0,0,0,0,0,0
2026-02-19,permis_widget,0,0,0,0,0,0,0,0,0
2026-02-20,shop,216,162,144,120,44,88.9,83.3,27.2,36.7
2026-02-20,unknown,18,16,16,15,7,100.0,93.8,43.8,46.7
2026-02-20,product/pack-permis-complet,19,17,15,11,2,88.2,73.3,11.8,18.2
2026-02-20,product/pack-permis-complet-sans-code,20,15,14,13,7,93.3,92.9,46.7,53.8
2026-02-20,product/pack-permis-complet-sans-code-lead,14,13,12,11,4,92.3,91.7,30.8,36.4
2026-02-20,product/pack-permis-complet-revolut,20,16,15,11,5,93.8,73.3,31.2,45.5
2026-02-20,product/pack-permis-complet-boite-automatique,11,9,8,6,2,88.9,75.0,22.2,33.3
2026-02-20,emailcrm,11,9,8,6,3,88.9,75.0,33.3,50.0
2026-02-20,product/pack-permis-complet-boite-automatique-sans-code,8,7,7,5,2,100.0,71.4,28.6,40.0
2026-02-20,product/pack-permis-complet-boite-automatique-sans-code-lead,5,5,4,3,0,80.0,75.0,0.0,0.0
2026-02-20,product/pack-5h,11,11,11,7,4,100.0,63.6,36.4,57.1
2026-02-20,product/pack-10h,15,12,12,6,2,100.0,50.0,16.7,33.3
2026-02-20,product/conduite-accompagnee-first,0,0,0,0,0,0,0,0,0
2026-02-20,product/pack-20h,8,5,5,5,0,100.0,100.0,0.0,0.0
2026-02-20,product/pack-permis-complet-boite-automatique-revolut,5,5,4,2,1,80.0,50.0,20.0,50.0
2026-02-20,emailcrmheader,0,0,0,0,0,0,0,0,0
2026-02-20,product/pack-5h-boite-automatique,2,2,2,2,0,100.0,100.0,0.0,0.0
2026-02-20,product/pack-10h-boite-automatique,2,2,1,1,0,50.0,100.0,0.0,0.0
2026-02-20,checkout/pack-permis-complet,0,0,0,0,0,0,0,0,0
2026-02-20,product/conduite-accompagnee-boite-automatique-first,1,1,1,0,0,100.0,0.0,0.0,0
2026-02-20,checkout/pack-permis-complet-sans-code,3,3,3,2,1,100.0,66.7,33.3,50.0
2026-02-20,infocards,0,0,0,0,0,0,0,0,0
2026-02-20,checkout/pack-permis-complet-sans-code-lead,0,0,0,0,0,0,0,0,0
2026-02-20,checkout/pack-permis-complet-boite-automatique,1,1,1,0,0,100.0,0.0,0.0,0
2026-02-20,checkout/pack-permis-complet-revolut,1,1,1,1,0,100.0,100.0,0.0,0.0
2026-02-20,checkout/pack-permis-complet-boite-automatique-sans-code-lead,1,1,1,1,1,100.0,100.0,100.0,100.0
2026-02-20,checkout/pack-5h,0,0,0,0,0,0,0,0,0
2026-02-20,checkout/conduite-accompagnee-first,0,0,0,0,0,0,0,0,0
2026-02-20,checkout/pack-permis-complet-boite-automatique-sans-code,0,0,0,0,0,0,0,0,0
2026-02-20,checkout/pack-5h-boite-automatique,0,0,0,0,0,0,0,0,0
2026-02-20,product/rendez-vous-pedagogiques,0,0,0,0,0,0,0,0,0
2026-02-20,checkout/pack-10h,2,2,2,2,0,100.0,100.0,0.0,0.0
2026-02-20,checkout/pack-permis-complet-boite-automatique-revolut,0,0,0,0,0,0,0,0,0
2026-02-20,chatbot_support,0,0,0,0,0,0,0,0,0
2026-02-20,product/pack-permis-casa-nord-france,0,0,0,0,0,0,0,0,0
2026-02-20,home_widget,0,0,0,0,0,0,0,0,0
2026-02-20,checkout/pack-10h-boite-automatique,1,1,0,0,0,0.0,0,0.0,0
2026-02-20,checkout/pack-20h,0,0,0,0,0,0,0,0,0
2026-02-20,checkout/conduite-accompagnee-boite-automatique-first,1,1,1,1,0,100.0,100.0,0.0,0.0
2026-02-20,product/pack-permis-boite-automatique-casa-nord-france,0,0,0,0,0,0,0,0,0
2026-02-20,product/rendez-vous-pedagogiques-automatique,0,0,0,0,0,0,0,0,0
2026-02-20,checkout/pack-permis-complet-boite-automatique-sans-code-et-reussite-conduite-plus,0,0,0,0,0,0,0,0,0
2026-02-20,checkout/pack-permis-complet-et-reussite-code-plus,0,0,0,0,0,0,0,0,0
2026-02-20,checkout/pack-permis-casa-nord-france,0,0,0,0,0,0,0,0,0
2026-02-20,checkout/pack-permis-complet-boite-automatique-et-reussite-code-plus,0,0,0,0,0,0,0,0,0
2026-02-20,checkout/rendez-vous-pedagogiques,0,0,0,0,0,0,0,0,0
2026-02-20,checkout/pack-permis-complet-boite-automatique-sans-code-et-reussite-conduite-plus-lead,0,0,0,0,0,0,0,0,0
2026-02-20,checkout/pack-permis-boite-automatique-casa-nord-france,0,0,0,0,0,0,0,0,0
2026-02-20,emailcrm&utm_medium=email&utm_source=crm&utm_campaign=3b74f603-2f61-4df1-9869-4dff5e11d8e9,0,0,0,0,0,0,0,0,0
2026-02-20,permis_widget,0,0,0,0,0,0,0,0,0
2026-02-21,shop,97,73,46,28,15,63.0,60.9,20.5,53.6
2026-02-21,unknown,11,8,3,1,1,37.5,33.3,12.5,100.0
2026-02-21,product/pack-permis-complet,15,14,13,9,5,92.9,69.2,35.7,55.6
2026-02-21,product/pack-permis-complet-sans-code,15,13,6,5,3,46.2,83.3,23.1,60.0
2026-02-21,product/pack-permis-complet-sans-code-lead,16,13,6,5,2,46.2,83.3,15.4,40.0
2026-02-21,product/pack-permis-complet-revolut,28,24,13,5,2,54.2,38.5,8.3,40.0
2026-02-21,product/pack-permis-complet-boite-automatique,3,3,1,0,0,33.3,0.0,0.0,0
2026-02-21,emailcrm,14,8,4,3,1,50.0,75.0,12.5,33.3
2026-02-21,product/pack-permis-complet-boite-automatique-sans-code,9,4,4,2,0,100.0,50.0,0.0,0.0
2026-02-21,product/pack-permis-complet-boite-automatique-sans-code-lead,6,4,1,0,1,25.0,0.0,25.0,0
2026-02-21,product/pack-5h,9,5,2,1,0,40.0,50.0,0.0,0.0
2026-02-21,product/pack-10h,8,6,6,3,1,100.0,50.0,16.7,33.3
2026-02-21,product/conduite-accompagnee-first,1,1,0,0,0,0.0,0,0.0,0
2026-02-21,product/pack-20h,2,1,1,1,0,100.0,100.0,0.0,0.0
2026-02-21,product/pack-permis-complet-boite-automatique-revolut,9,7,3,2,2,42.9,66.7,28.6,100.0
2026-02-21,emailcrmheader,0,0,0,0,0,0,0,0,0
2026-02-21,product/pack-5h-boite-automatique,2,2,1,1,0,50.0,100.0,0.0,0.0
2026-02-21,product/pack-10h-boite-automatique,4,4,1,1,2,25.0,100.0,50.0,200.0
2026-02-21,checkout/pack-permis-complet,5,5,2,0,1,40.0,0.0,20.0,0
2026-02-21,product/conduite-accompagnee-boite-automatique-first,0,0,0,0,0,0,0,0,0
2026-02-21,checkout/pack-permis-complet-sans-code,1,1,1,1,0,100.0,100.0,0.0,0.0
2026-02-21,infocards,0,0,0,0,0,0,0,0,0
2026-02-21,checkout/pack-permis-complet-sans-code-lead,1,1,0,0,1,0.0,0,100.0,0
2026-02-21,checkout/pack-permis-complet-boite-automatique,0,0,0,0,0,0,0,0,0
2026-02-21,checkout/pack-permis-complet-revolut,0,0,0,0,0,0,0,0,0
2026-02-21,checkout/pack-permis-complet-boite-automatique-sans-code-lead,0,0,0,0,0,0,0,0,0
2026-02-21,checkout/pack-5h,1,1,1,1,1,100.0,100.0,100.0,100.0
2026-02-21,checkout/conduite-accompagnee-first,0,0,0,0,0,0,0,0,0
2026-02-21,checkout/pack-permis-complet-boite-automatique-sans-code,0,0,0,0,0,0,0,0,0
2026-02-21,checkout/pack-5h-boite-automatique,1,1,0,0,0,0.0,0,0.0,0
2026-02-21,product/rendez-vous-pedagogiques,4,1,1,1,0,100.0,100.0,0.0,0.0
2026-02-21,checkout/pack-10h,0,0,0,0,0,0,0,0,0
2026-02-21,checkout/pack-permis-complet-boite-automatique-revolut,0,0,0,0,0,0,0,0,0
2026-02-21,chatbot_support,0,0,0,0,0,0,0,0,0
2026-02-21,product/pack-permis-casa-nord-france,0,0,0,0,0,0,0,0,0
2026-02-21,home_widget,0,0,0,0,0,0,0,0,0
2026-02-21,checkout/pack-10h-boite-automatique,0,0,0,0,0,0,0,0,0
2026-02-21,checkout/pack-20h,1,1,0,0,0,0.0,0,0.0,0
2026-02-21,checkout/conduite-accompagnee-boite-automatique-first,0,0,0,0,0,0,0,0,0
2026-02-21,product/pack-permis-boite-automatique-casa-nord-france,0,0,0,0,0,0,0,0,0
2026-02-21,product/rendez-vous-pedagogiques-automatique,0,0,0,0,0,0,0,0,0
2026-02-21,checkout/pack-permis-complet-boite-automatique-sans-code-et-reussite-conduite-plus,0,0,0,0,0,0,0,0,0
2026-02-21,checkout/pack-permis-complet-et-reussite-code-plus,0,0,0,0,0,0,0,0,0
2026-02-21,checkout/pack-permis-casa-nord-france,0,0,0,0,0,0,0,0,0
2026-02-21,checkout/pack-permis-complet-boite-automatique-et-reussite-code-plus,0,0,0,0,0,0,0,0,0
2026-02-21,checkout/rendez-vous-pedagogiques,0,0,0,0,0,0,0,0,0
2026-02-21,checkout/pack-permis-complet-boite-automatique-sans-code-et-reussite-conduite-plus-lead,0,0,0,0,0,0,0,0,0
2026-02-21,checkout/pack-permis-boite-automatique-casa-nord-france,0,0,0,0,0,0,0,0,0
2026-02-21,emailcrm&utm_medium=email&utm_source=crm&utm_campaign=3b74f603-2f61-4df1-9869-4dff5e11d8e9,0,0,0,0,0,0,0,0,0
2026-02-21,permis_widget,0,0,0,0,0,0,0,0,0
2026-02-22,shop,0,0,0,0,0,0,0,0,0
2026-02-22,unknown,0,0,0,0,0,0,0,0,0
2026-02-22,product/pack-permis-complet,0,0,0,0,0,0,0,0,0
2026-02-22,product/pack-permis-complet-sans-code,0,0,0,0,0,0,0,0,0
2026-02-22,product/pack-permis-complet-sans-code-lead,0,0,0,0,0,0,0,0,0
2026-02-22,product/pack-permis-complet-revolut,0,0,0,0,0,0,0,0,0
2026-02-22,product/pack-permis-complet-boite-automatique,0,0,0,0,0,0,0,0,0
2026-02-22,emailcrm,0,0,0,0,0,0,0,0,0
2026-02-22,product/pack-permis-complet-boite-automatique-sans-code,0,0,0,0,0,0,0,0,0
2026-02-22,product/pack-permis-complet-boite-automatique-sans-code-lead,0,0,0,0,0,0,0,0,0
2026-02-22,product/pack-5h,0,0,0,0,0,0,0,0,0
2026-02-22,product/pack-10h,0,0,0,0,0,0,0,0,0
2026-02-22,product/conduite-accompagnee-first,0,0,0,0,0,0,0,0,0
2026-02-22,product/pack-20h,0,0,0,0,0,0,0,0,0
2026-02-22,product/pack-permis-complet-boite-automatique-revolut,0,0,0,0,0,0,0,0,0
2026-02-22,emailcrmheader,0,0,0,0,0,0,0,0,0
2026-02-22,product/pack-5h-boite-automatique,0,0,0,0,0,0,0,0,0
2026-02-22,product/pack-10h-boite-automatique,0,0,0,0,0,0,0,0,0
2026-02-22,checkout/pack-permis-complet,0,0,0,0,0,0,0,0,0
2026-02-22,product/conduite-accompagnee-boite-automatique-first,0,0,0,0,0,0,0,0,0
2026-02-22,checkout/pack-permis-complet-sans-code,0,0,0,0,0,0,0,0,0
2026-02-22,infocards,0,0,0,0,0,0,0,0,0
2026-02-22,checkout/pack-permis-complet-sans-code-lead,0,0,0,0,0,0,0,0,0
2026-02-22,checkout/pack-permis-complet-boite-automatique,0,0,0,0,0,0,0,0,0
2026-02-22,checkout/pack-permis-complet-revolut,0,0,0,0,0,0,0,0,0
2026-02-22,checkout/pack-permis-complet-boite-automatique-sans-code-lead,0,0,0,0,0,0,0,0,0
2026-02-22,checkout/pack-5h,0,0,0,0,0,0,0,0,0
2026-02-22,checkout/conduite-accompagnee-first,0,0,0,0,0,0,0,0,0
2026-02-22,checkout/pack-permis-complet-boite-automatique-sans-code,0,0,0,0,0,0,0,0,0
2026-02-22,checkout/pack-5h-boite-automatique,0,0,0,0,0,0,0,0,0
2026-02-22,product/rendez-vous-pedagogiques,0,0,0,0,0,0,0,0,0
2026-02-22,checkout/pack-10h,0,0,0,0,0,0,0,0,0
2026-02-22,checkout/pack-permis-complet-boite-automatique-revolut,0,0,0,0,0,0,0,0,0
2026-02-22,chatbot_support,0,0,0,0,0,0,0,0,0
2026-02-22,product/pack-permis-casa-nord-france,0,0,0,0,0,0,0,0,0
2026-02-22,home_widget,0,0,0,0,0,0,0,0,0
2026-02-22,checkout/pack-10h-boite-automatique,0,0,0,0,0,0,0,0,0
2026-02-22,checkout/pack-20h,0,0,0,0,0,0,0,0,0
2026-02-22,checkout/conduite-accompagnee-boite-automatique-first,0,0,0,0,0,0,0,0,0
2026-02-22,product/pack-permis-boite-automatique-casa-nord-france,0,0,0,0,0,0,0,0,0
2026-02-22,product/rendez-vous-pedagogiques-automatique,0,0,0,0,0,0,0,0,0
2026-02-22,checkout/pack-permis-complet-boite-automatique-sans-code-et-reussite-conduite-plus,0,0,0,0,0,0,0,0,0
2026-02-22,checkout/pack-permis-complet-et-reussite-code-plus,0,0,0,0,0,0,0,0,0
2026-02-22,checkout/pack-permis-casa-nord-france,0,0,0,0,0,0,0,0,0
2026-02-22,checkout/pack-permis-complet-boite-automatique-et-reussite-code-plus,0,0,0,0,0,0,0,0,0
2026-02-22,checkout/rendez-vous-pedagogiques,0,0,0,0,0,0,0,0,0
2026-02-22,checkout/pack-permis-complet-boite-automatique-sans-code-et-reussite-conduite-plus-lead,0,0,0,0,0,0,0,0,0
2026-02-22,checkout/pack-permis-boite-automatique-casa-nord-france,0,0,0,0,0,0,0,0,0
2026-02-22,emailcrm&utm_medium=email&utm_source=crm&utm_campaign=3b74f603-2f61-4df1-9869-4dff5e11d8e9,0,0,0,0,0,0,0,0,0
2026-02-22,permis_widget,0,0,0,0,0,0,0,0,0
2026-02-23,shop,201,164,157,135,39,95.7,86.0,23.8,28.9
2026-02-23,unknown,36,34,34,23,8,100.0,67.6,23.5,34.8
2026-02-23,product/pack-permis-complet,40,31,27,25,6,87.1,92.6,19.4,24.0
2026-02-23,product/pack-permis-complet-sans-code,30,27,27,18,6,100.0,66.7,22.2,33.3
2026-02-23,product/pack-permis-complet-sans-code-lead,25,23,21,15,7,91.3,71.4,30.4,46.7
2026-02-23,product/pack-permis-complet-revolut,36,31,29,26,8,93.5,89.7,25.8,30.8
2026-02-23,product/pack-permis-complet-boite-automatique,7,7,7,5,3,100.0,71.4,42.9,60.0
2026-02-23,emailcrm,20,18,17,16,6,94.4,94.1,33.3,37.5
2026-02-23,product/pack-permis-complet-boite-automatique-sans-code,17,15,15,15,9,100.0,100.0,60.0,60.0
2026-02-23,product/pack-permis-complet-boite-automatique-sans-code-lead,11,10,10,8,3,100.0,80.0,30.0,37.5
2026-02-23,product/pack-5h,16,14,13,10,3,92.9,76.9,21.4,30.0
2026-02-23,product/pack-10h,17,14,14,12,4,100.0,85.7,28.6,33.3
2026-02-23,product/conduite-accompagnee-first,1,1,1,1,0,100.0,100.0,0.0,0.0
2026-02-23,product/pack-20h,3,3,2,2,0,66.7,100.0,0.0,0.0
2026-02-23,product/pack-permis-complet-boite-automatique-revolut,15,12,11,10,4,91.7,90.9,33.3,40.0
2026-02-23,emailcrmheader,0,0,0,0,0,0,0,0,0
2026-02-23,product/pack-5h-boite-automatique,7,7,7,7,1,100.0,100.0,14.3,14.3
2026-02-23,product/pack-10h-boite-automatique,2,2,1,1,1,50.0,100.0,50.0,100.0
2026-02-23,checkout/pack-permis-complet,0,0,0,0,0,0,0,0,0
2026-02-23,product/conduite-accompagnee-boite-automatique-first,1,1,0,0,0,0.0,0,0.0,0
2026-02-23,checkout/pack-permis-complet-sans-code,1,1,1,0,0,100.0,0.0,0.0,0
2026-02-23,infocards,0,0,0,0,0,0,0,0,0
2026-02-23,checkout/pack-permis-complet-sans-code-lead,0,0,0,0,0,0,0,0,0
2026-02-23,checkout/pack-permis-complet-boite-automatique,0,0,0,0,0,0,0,0,0
2026-02-23,checkout/pack-permis-complet-revolut,0,0,0,0,0,0,0,0,0
2026-02-23,checkout/pack-permis-complet-boite-automatique-sans-code-lead,2,1,1,1,1,100.0,100.0,100.0,100.0
2026-02-23,checkout/pack-5h,1,1,1,1,1,100.0,100.0,100.0,100.0
2026-02-23,checkout/conduite-accompagnee-first,0,0,0,0,0,0,0,0,0
2026-02-23,checkout/pack-permis-complet-boite-automatique-sans-code,0,0,0,0,0,0,0,0,0
2026-02-23,checkout/pack-5h-boite-automatique,0,0,0,0,0,0,0,0,0
2026-02-23,product/rendez-vous-pedagogiques,1,1,1,0,0,100.0,0.0,0.0,0
2026-02-23,checkout/pack-10h,0,0,0,0,0,0,0,0,0
2026-02-23,checkout/pack-permis-complet-boite-automatique-revolut,1,1,1,0,0,100.0,0.0,0.0,0
2026-02-23,chatbot_support,0,0,0,0,0,0,0,0,0
2026-02-23,product/pack-permis-casa-nord-france,0,0,0,0,0,0,0,0,0
2026-02-23,home_widget,1,1,0,0,0,0.0,0,0.0,0
2026-02-23,checkout/pack-10h-boite-automatique,0,0,0,0,0,0,0,0,0
2026-02-23,checkout/pack-20h,0,0,0,0,0,0,0,0,0
2026-02-23,checkout/conduite-accompagnee-boite-automatique-first,0,0,0,0,0,0,0,0,0
2026-02-23,product/pack-permis-boite-automatique-casa-nord-france,0,0,0,0,0,0,0,0,0
2026-02-23,product/rendez-vous-pedagogiques-automatique,0,0,0,0,0,0,0,0,0
2026-02-23,checkout/pack-permis-complet-boite-automatique-sans-code-et-reussite-conduite-plus,0,0,0,0,0,0,0,0,0
2026-02-23,checkout/pack-permis-complet-et-reussite-code-plus,0,0,0,0,0,0,0,0,0
2026-02-23,checkout/pack-permis-casa-nord-france,0,0,0,0,0,0,0,0,0
2026-02-23,checkout/pack-permis-complet-boite-automatique-et-reussite-code-plus,0,0,0,0,0,0,0,0,0
2026-02-23,checkout/rendez-vous-pedagogiques,0,0,0,0,0,0,0,0,0
2026-02-23,checkout/pack-permis-complet-boite-automatique-sans-code-et-reussite-conduite-plus-lead,0,0,0,0,0,0,0,0,0
2026-02-23,checkout/pack-permis-boite-automatique-casa-nord-france,0,0,0,0,0,0,0,0,0
2026-02-23,emailcrm&utm_medium=email&utm_source=crm&utm_campaign=3b74f603-2f61-4df1-9869-4dff5e11d8e9,0,0,0,0,0,0,0,0,0
2026-02-23,permis_widget,0,0,0,0,0,0,0,0,0
2026-02-24,shop,135,109,107,89,30,98.2,83.2,27.5,33.7
2026-02-24,unknown,13,13,13,11,2,100.0,84.6,15.4,18.2
2026-02-24,product/pack-permis-complet,13,12,11,8,5,91.7,72.7,41.7,62.5
2026-02-24,product/pack-permis-complet-sans-code,17,13,13,11,5,100.0,84.6,38.5,45.5
2026-02-24,product/pack-permis-complet-sans-code-lead,24,18,18,15,5,100.0,83.3,27.8,33.3
2026-02-24,product/pack-permis-complet-revolut,27,23,23,16,3,100.0,69.6,13.0,18.8
2026-02-24,product/pack-permis-complet-boite-automatique,5,5,5,4,2,100.0,80.0,40.0,50.0
2026-02-24,emailcrm,9,7,7,6,1,100.0,85.7,14.3,16.7
2026-02-24,product/pack-permis-complet-boite-automatique-sans-code,6,3,3,2,0,100.0,66.7,0.0,0.0
2026-02-24,product/pack-permis-complet-boite-automatique-sans-code-lead,12,11,11,10,5,100.0,90.9,45.5,50.0
2026-02-24,product/pack-5h,10,10,10,9,2,100.0,90.0,20.0,22.2
2026-02-24,product/pack-10h,13,12,12,12,5,100.0,100.0,41.7,41.7
2026-02-24,product/conduite-accompagnee-first,4,2,2,2,2,100.0,100.0,100.0,100.0
2026-02-24,product/pack-20h,9,7,7,7,0,100.0,100.0,0.0,0.0
2026-02-24,product/pack-permis-complet-boite-automatique-revolut,7,3,3,2,0,100.0,66.7,0.0,0.0
2026-02-24,emailcrmheader,0,0,0,0,0,0,0,0,0
2026-02-24,product/pack-5h-boite-automatique,8,8,8,6,3,100.0,75.0,37.5,50.0
2026-02-24,product/pack-10h-boite-automatique,3,2,2,1,1,100.0,50.0,50.0,100.0
2026-02-24,checkout/pack-permis-complet,4,4,4,2,1,100.0,50.0,25.0,50.0
2026-02-24,product/conduite-accompagnee-boite-automatique-first,0,0,0,0,0,0,0,0,0
2026-02-24,checkout/pack-permis-complet-sans-code,1,1,1,1,1,100.0,100.0,100.0,100.0
2026-02-24,infocards,0,0,0,0,0,0,0,0,0
2026-02-24,checkout/pack-permis-complet-sans-code-lead,3,3,3,3,2,100.0,100.0,66.7,66.7
2026-02-24,checkout/pack-permis-complet-boite-automatique,0,0,0,0,0,0,0,0,0
2026-02-24,checkout/pack-permis-complet-revolut,1,1,1,1,0,100.0,100.0,0.0,0.0
2026-02-24,checkout/pack-permis-complet-boite-automatique-sans-code-lead,1,1,1,1,0,100.0,100.0,0.0,0.0
2026-02-24,checkout/pack-5h,2,2,2,2,1,100.0,100.0,50.0,50.0
2026-02-24,checkout/conduite-accompagnee-first,0,0,0,0,0,0,0,0,0
2026-02-24,checkout/pack-permis-complet-boite-automatique-sans-code,0,0,0,0,0,0,0,0,0
2026-02-24,checkout/pack-5h-boite-automatique,1,1,1,0,0,100.0,0.0,0.0,0
2026-02-24,product/rendez-vous-pedagogiques,1,1,1,1,0,100.0,100.0,0.0,0.0
2026-02-24,checkout/pack-10h,0,0,0,0,0,0,0,0,0
2026-02-24,checkout/pack-permis-complet-boite-automatique-revolut,0,0,0,0,0,0,0,0,0
2026-02-24,chatbot_support,0,0,0,0,0,0,0,0,0
2026-02-24,product/pack-permis-casa-nord-france,0,0,0,0,0,0,0,0,0
2026-02-24,home_widget,0,0,0,0,0,0,0,0,0
2026-02-24,checkout/pack-10h-boite-automatique,0,0,0,0,0,0,0,0,0
2026-02-24,checkout/pack-20h,2,2,2,1,0,100.0,50.0,0.0,0.0
2026-02-24,checkout/conduite-accompagnee-boite-automatique-first,0,0,0,0,0,0,0,0,0
2026-02-24,product/pack-permis-boite-automatique-casa-nord-france,0,0,0,0,0,0,0,0,0
2026-02-24,product/rendez-vous-pedagogiques-automatique,0,0,0,0,0,0,0,0,0
2026-02-24,checkout/pack-permis-complet-boite-automatique-sans-code-et-reussite-conduite-plus,0,0,0,0,0,0,0,0,0
2026-02-24,checkout/pack-permis-complet-et-reussite-code-plus,0,0,0,0,0,0,0,0,0
2026-02-24,checkout/pack-permis-casa-nord-france,0,0,0,0,0,0,0,0,0
2026-02-24,checkout/pack-permis-complet-boite-automatique-et-reussite-code-plus,0,0,0,0,0,0,0,0,0
2026-02-24,checkout/rendez-vous-pedagogiques,0,0,0,0,0,0,0,0,0
2026-02-24,checkout/pack-permis-complet-boite-automatique-sans-code-et-reussite-conduite-plus-lead,0,0,0,0,0,0,0,0,0
2026-02-24,checkout/pack-permis-boite-automatique-casa-nord-france,0,0,0,0,0,0,0,0,0
2026-02-24,emailcrm&utm_medium=email&utm_source=crm&utm_campaign=3b74f603-2f61-4df1-9869-4dff5e11d8e9,0,0,0,0,0,0,0,0,0
2026-02-24,permis_widget,0,0,0,0,0,0,0,0,0
2026-02-25,shop,150,119,117,95,27,98.3,81.2,22.7,28.4
2026-02-25,unknown,5,5,5,5,1,100.0,100.0,20.0,20.0
2026-02-25,product/pack-permis-complet,25,19,19,12,4,100.0,63.2,21.1,33.3
2026-02-25,product/pack-permis-complet-sans-code,22,21,21,17,9,100.0,81.0,42.9,52.9
2026-02-25,product/pack-permis-complet-sans-code-lead,21,19,19,16,9,100.0,84.2,47.4,56.2
2026-02-25,product/pack-permis-complet-revolut,29,21,21,16,8,100.0,76.2,38.1,50.0
2026-02-25,product/pack-permis-complet-boite-automatique,5,5,4,4,1,80.0,100.0,20.0,25.0
2026-02-25,emailcrm,3,3,3,3,2,100.0,100.0,66.7,66.7
2026-02-25,product/pack-permis-complet-boite-automatique-sans-code,9,9,8,7,2,88.9,87.5,22.2,28.6
2026-02-25,product/pack-permis-complet-boite-automatique-sans-code-lead,11,10,10,9,8,100.0,90.0,80.0,88.9
2026-02-25,product/pack-5h,8,7,6,4,0,85.7,66.7,0.0,0.0
2026-02-25,product/pack-10h,3,3,3,2,0,100.0,66.7,0.0,0.0
2026-02-25,product/conduite-accompagnee-first,2,2,2,2,0,100.0,100.0,0.0,0.0
2026-02-25,product/pack-20h,4,2,2,2,0,100.0,100.0,0.0,0.0
2026-02-25,product/pack-permis-complet-boite-automatique-revolut,12,9,5,3,2,55.6,60.0,22.2,66.7
2026-02-25,emailcrmheader,0,0,0,0,0,0,0,0,0
2026-02-25,product/pack-5h-boite-automatique,3,3,3,3,3,100.0,100.0,100.0,100.0
2026-02-25,product/pack-10h-boite-automatique,3,3,3,3,0,100.0,100.0,0.0,0.0
2026-02-25,checkout/pack-permis-complet,3,3,3,3,1,100.0,100.0,33.3,33.3
2026-02-25,product/conduite-accompagnee-boite-automatique-first,0,0,0,0,0,0,0,0,0
2026-02-25,checkout/pack-permis-complet-sans-code,0,0,0,0,0,0,0,0,0
2026-02-25,infocards,0,0,0,0,0,0,0,0,0
2026-02-25,checkout/pack-permis-complet-sans-code-lead,2,2,2,2,0,100.0,100.0,0.0,0.0
2026-02-25,checkout/pack-permis-complet-boite-automatique,0,0,0,0,0,0,0,0,0
2026-02-25,checkout/pack-permis-complet-revolut,0,0,0,0,0,0,0,0,0
2026-02-25,checkout/pack-permis-complet-boite-automatique-sans-code-lead,2,1,1,0,0,100.0,0.0,0.0,0
2026-02-25,checkout/pack-5h,1,1,1,0,0,100.0,0.0,0.0,0
2026-02-25,checkout/conduite-accompagnee-first,0,0,0,0,0,0,0,0,0
2026-02-25,checkout/pack-permis-complet-boite-automatique-sans-code,1,1,1,0,0,100.0,0.0,0.0,0
2026-02-25,checkout/pack-5h-boite-automatique,0,0,0,0,0,0,0,0,0
2026-02-25,product/rendez-vous-pedagogiques,0,0,0,0,0,0,0,0,0
2026-02-25,checkout/pack-10h,0,0,0,0,0,0,0,0,0
2026-02-25,checkout/pack-permis-complet-boite-automatique-revolut,0,0,0,0,0,0,0,0,0
2026-02-25,chatbot_support,0,0,0,0,0,0,0,0,0
2026-02-25,product/pack-permis-casa-nord-france,0,0,0,0,0,0,0,0,0
2026-02-25,home_widget,1,1,1,0,0,100.0,0.0,0.0,0
2026-02-25,checkout/pack-10h-boite-automatique,1,1,1,1,0,100.0,100.0,0.0,0.0
2026-02-25,checkout/pack-20h,0,0,0,0,0,0,0,0,0
2026-02-25,checkout/conduite-accompagnee-boite-automatique-first,0,0,0,0,0,0,0,0,0
2026-02-25,product/pack-permis-boite-automatique-casa-nord-france,0,0,0,0,0,0,0,0,0
2026-02-25,product/rendez-vous-pedagogiques-automatique,0,0,0,0,0,0,0,0,0
2026-02-25,checkout/pack-permis-complet-boite-automatique-sans-code-et-reussite-conduite-plus,0,0,0,0,0,0,0,0,0
2026-02-25,checkout/pack-permis-complet-et-reussite-code-plus,0,0,0,0,0,0,0,0,0
2026-02-25,checkout/pack-permis-casa-nord-france,0,0,0,0,0,0,0,0,0
2026-02-25,checkout/pack-permis-complet-boite-automatique-et-reussite-code-plus,0,0,0,0,0,0,0,0,0
2026-02-25,checkout/rendez-vous-pedagogiques,0,0,0,0,0,0,0,0,0
2026-02-25,checkout/pack-permis-complet-boite-automatique-sans-code-et-reussite-conduite-plus-lead,0,0,0,0,0,0,0,0,0
2026-02-25,checkout/pack-permis-boite-automatique-casa-nord-france,0,0,0,0,0,0,0,0,0
2026-02-25,emailcrm&utm_medium=email&utm_source=crm&utm_campaign=3b74f603-2f61-4df1-9869-4dff5e11d8e9,0,0,0,0,0,0,0,0,0
2026-02-25,permis_widget,0,0,0,0,0,0,0,0,0
2026-02-26,shop,133,109,104,91,27,95.4,87.5,24.8,29.7
2026-02-26,unknown,7,7,5,4,1,71.4,80.0,14.3,25.0
2026-02-26,product/pack-permis-complet,32,31,29,20,4,93.5,69.0,12.9,20.0
2026-02-26,product/pack-permis-complet-sans-code,29,26,26,19,10,100.0,73.1,38.5,52.6
2026-02-26,product/pack-permis-complet-sans-code-lead,21,17,15,12,4,88.2,80.0,23.5,33.3
2026-02-26,product/pack-permis-complet-revolut,26,22,20,19,7,90.9,95.0,31.8,36.8
2026-02-26,product/pack-permis-complet-boite-automatique,11,10,9,7,1,90.0,77.8,10.0,14.3
2026-02-26,emailcrm,6,6,6,4,1,100.0,66.7,16.7,25.0
2026-02-26,product/pack-permis-complet-boite-automatique-sans-code,15,13,13,8,6,100.0,61.5,46.2,75.0
2026-02-26,product/pack-permis-complet-boite-automatique-sans-code-lead,4,4,3,3,1,75.0,100.0,25.0,33.3
2026-02-26,product/pack-5h,11,11,10,8,2,90.9,80.0,18.2,25.0
2026-02-26,product/pack-10h,9,7,7,6,1,100.0,85.7,14.3,16.7
2026-02-26,product/conduite-accompagnee-first,1,1,1,1,1,100.0,100.0,100.0,100.0
2026-02-26,product/pack-20h,8,5,4,3,0,80.0,75.0,0.0,0.0
2026-02-26,product/pack-permis-complet-boite-automatique-revolut,8,8,7,6,1,87.5,85.7,12.5,16.7
2026-02-26,emailcrmheader,0,0,0,0,0,0,0,0,0
2026-02-26,product/pack-5h-boite-automatique,3,3,2,2,0,66.7,100.0,0.0,0.0
2026-02-26,product/pack-10h-boite-automatique,1,1,1,1,0,100.0,100.0,0.0,0.0
2026-02-26,checkout/pack-permis-complet,1,1,1,1,0,100.0,100.0,0.0,0.0
2026-02-26,product/conduite-accompagnee-boite-automatique-first,3,3,3,3,2,100.0,100.0,66.7,66.7
2026-02-26,checkout/pack-permis-complet-sans-code,0,0,0,0,0,0,0,0,0
2026-02-26,infocards,0,0,0,0,0,0,0,0,0
2026-02-26,checkout/pack-permis-complet-sans-code-lead,1,1,1,1,0,100.0,100.0,0.0,0.0
2026-02-26,checkout/pack-permis-complet-boite-automatique,0,0,0,0,0,0,0,0,0
2026-02-26,checkout/pack-permis-complet-revolut,0,0,0,0,0,0,0,0,0
2026-02-26,checkout/pack-permis-complet-boite-automatique-sans-code-lead,0,0,0,0,0,0,0,0,0
2026-02-26,checkout/pack-5h,2,2,2,2,1,100.0,100.0,50.0,50.0
2026-02-26,checkout/conduite-accompagnee-first,0,0,0,0,0,0,0,0,0
2026-02-26,checkout/pack-permis-complet-boite-automatique-sans-code,0,0,0,0,0,0,0,0,0
2026-02-26,checkout/pack-5h-boite-automatique,0,0,0,0,0,0,0,0,0
2026-02-26,product/rendez-vous-pedagogiques,0,0,0,0,0,0,0,0,0
2026-02-26,checkout/pack-10h,0,0,0,0,0,0,0,0,0
2026-02-26,checkout/pack-permis-complet-boite-automatique-revolut,0,0,0,0,0,0,0,0,0
2026-02-26,chatbot_support,0,0,0,0,0,0,0,0,0
2026-02-26,product/pack-permis-casa-nord-france,0,0,0,0,0,0,0,0,0
2026-02-26,home_widget,0,0,0,0,0,0,0,0,0
2026-02-26,checkout/pack-10h-boite-automatique,1,1,1,1,1,100.0,100.0,100.0,100.0
2026-02-26,checkout/pack-20h,0,0,0,0,0,0,0,0,0
2026-02-26,checkout/conduite-accompagnee-boite-automatique-first,0,0,0,0,0,0,0,0,0
2026-02-26,product/pack-permis-boite-automatique-casa-nord-france,0,0,0,0,0,0,0,0,0
2026-02-26,product/rendez-vous-pedagogiques-automatique,0,0,0,0,0,0,0,0,0
2026-02-26,checkout/pack-permis-complet-boite-automatique-sans-code-et-reussite-conduite-plus,0,0,0,0,0,0,0,0,0
2026-02-26,checkout/pack-permis-complet-et-reussite-code-plus,0,0,0,0,0,0,0,0,0
2026-02-26,checkout/pack-permis-casa-nord-france,0,0,0,0,0,0,0,0,0
2026-02-26,checkout/pack-permis-complet-boite-automatique-et-reussite-code-plus,0,0,0,0,0,0,0,0,0
2026-02-26,checkout/rendez-vous-pedagogiques,0,0,0,0,0,0,0,0,0
2026-02-26,checkout/pack-permis-complet-boite-automatique-sans-code-et-reussite-conduite-plus-lead,0,0,0,0,0,0,0,0,0
2026-02-26,checkout/pack-permis-boite-automatique-casa-nord-france,0,0,0,0,0,0,0,0,0
2026-02-26,emailcrm&utm_medium=email&utm_source=crm&utm_campaign=3b74f603-2f61-4df1-9869-4dff5e11d8e9,0,0,0,0,0,0,0,0,0
2026-02-26,permis_widget,0,0,0,0,0,0,0,0,0
2026-02-27,shop,142,116,111,94,24,95.7,84.7,20.7,25.5
2026-02-27,unknown,12,10,9,6,0,90.0,66.7,0.0,0.0
2026-02-27,product/pack-permis-complet,18,15,14,13,7,93.3,92.9,46.7,53.8
2026-02-27,product/pack-permis-complet-sans-code,22,20,18,13,6,90.0,72.2,30.0,46.2
2026-02-27,product/pack-permis-complet-sans-code-lead,14,14,13,12,7,92.9,92.3,50.0,58.3
2026-02-27,product/pack-permis-complet-revolut,19,16,16,11,5,100.0,68.8,31.2,45.5
2026-02-27,product/pack-permis-complet-boite-automatique,13,10,8,6,2,80.0,75.0,20.0,33.3
2026-02-27,emailcrm,7,7,6,5,1,85.7,83.3,14.3,20.0
2026-02-27,product/pack-permis-complet-boite-automatique-sans-code,12,10,9,6,3,90.0,66.7,30.0,50.0
2026-02-27,product/pack-permis-complet-boite-automatique-sans-code-lead,13,12,11,10,3,91.7,90.9,25.0,30.0
2026-02-27,product/pack-5h,6,6,5,2,0,83.3,40.0,0.0,0.0
2026-02-27,product/pack-10h,5,5,5,4,2,100.0,80.0,40.0,50.0
2026-02-27,product/conduite-accompagnee-first,0,0,0,0,0,0,0,0,0
2026-02-27,product/pack-20h,10,9,9,8,0,100.0,88.9,0.0,0.0
2026-02-27,product/pack-permis-complet-boite-automatique-revolut,8,4,3,3,2,75.0,100.0,50.0,66.7
2026-02-27,emailcrmheader,0,0,0,0,0,0,0,0,0
2026-02-27,product/pack-5h-boite-automatique,3,3,2,2,1,66.7,100.0,33.3,50.0
2026-02-27,product/pack-10h-boite-automatique,8,3,3,3,2,100.0,100.0,66.7,66.7
2026-02-27,checkout/pack-permis-complet,1,1,1,1,0,100.0,100.0,0.0,0.0
2026-02-27,product/conduite-accompagnee-boite-automatique-first,2,2,2,2,0,100.0,100.0,0.0,0.0
2026-02-27,checkout/pack-permis-complet-sans-code,0,0,0,0,0,0,0,0,0
2026-02-27,infocards,0,0,0,0,0,0,0,0,0
2026-02-27,checkout/pack-permis-complet-sans-code-lead,2,2,2,2,0,100.0,100.0,0.0,0.0
2026-02-27,checkout/pack-permis-complet-boite-automatique,1,1,1,1,0,100.0,100.0,0.0,0.0
2026-02-27,checkout/pack-permis-complet-revolut,0,0,0,0,0,0,0,0,0
2026-02-27,checkout/pack-permis-complet-boite-automatique-sans-code-lead,0,0,0,0,0,0,0,0,0
2026-02-27,checkout/pack-5h,0,0,0,0,0,0,0,0,0
2026-02-27,checkout/conduite-accompagnee-first,0,0,0,0,0,0,0,0,0
2026-02-27,checkout/pack-permis-complet-boite-automatique-sans-code,1,1,1,1,0,100.0,100.0,0.0,0.0
2026-02-27,checkout/pack-5h-boite-automatique,0,0,0,0,0,0,0,0,0
2026-02-27,product/rendez-vous-pedagogiques,0,0,0,0,0,0,0,0,0
2026-02-27,checkout/pack-10h,0,0,0,0,0,0,0,0,0
2026-02-27,checkout/pack-permis-complet-boite-automatique-revolut,0,0,0,0,0,0,0,0,0
2026-02-27,chatbot_support,0,0,0,0,0,0,0,0,0
2026-02-27,product/pack-permis-casa-nord-france,0,0,0,0,0,0,0,0,0
2026-02-27,home_widget,0,0,0,0,0,0,0,0,0
2026-02-27,checkout/pack-10h-boite-automatique,0,0,0,0,0,0,0,0,0
2026-02-27,checkout/pack-20h,0,0,0,0,0,0,0,0,0
2026-02-27,checkout/conduite-accompagnee-boite-automatique-first,0,0,0,0,0,0,0,0,0
2026-02-27,product/pack-permis-boite-automatique-casa-nord-france,0,0,0,0,0,0,0,0,0
2026-02-27,product/rendez-vous-pedagogiques-automatique,0,0,0,0,0,0,0,0,0
2026-02-27,checkout/pack-permis-complet-boite-automatique-sans-code-et-reussite-conduite-plus,0,0,0,0,0,0,0,0,0
2026-02-27,checkout/pack-permis-complet-et-reussite-code-plus,0,0,0,0,0,0,0,0,0
2026-02-27,checkout/pack-permis-casa-nord-france,0,0,0,0,0,0,0,0,0
2026-02-27,checkout/pack-permis-complet-boite-automatique-et-reussite-code-plus,0,0,0,0,0,0,0,0,0
2026-02-27,checkout/rendez-vous-pedagogiques,0,0,0,0,0,0,0,0,0
2026-02-27,checkout/pack-permis-complet-boite-automatique-sans-code-et-reussite-conduite-plus-lead,0,0,0,0,0,0,0,0,0
2026-02-27,checkout/pack-permis-boite-automatique-casa-nord-france,0,0,0,0,0,0,0,0,0
2026-02-27,emailcrm&utm_medium=email&utm_source=crm&utm_campaign=3b74f603-2f61-4df1-9869-4dff5e11d8e9,0,0,0,0,0,0,0,0,0
2026-02-27,permis_widget,0,0,0,0,0,0,0,0,0
2026-02-28,shop,86,70,66,55,16,94.3,83.3,22.9,29.1
2026-02-28,unknown,5,2,2,2,2,100.0,100.0,100.0,100.0
2026-02-28,product/pack-permis-complet,14,14,13,7,1,92.9,53.8,7.1,14.3
2026-02-28,product/pack-permis-complet-sans-code,17,14,14,12,6,100.0,85.7,42.9,50.0
2026-02-28,product/pack-permis-complet-sans-code-lead,9,9,8,8,2,88.9,100.0,22.2,25.0
2026-02-28,product/pack-permis-complet-revolut,18,10,10,6,2,100.0,60.0,20.0,33.3
2026-02-28,product/pack-permis-complet-boite-automatique,5,4,3,2,0,75.0,66.7,0.0,0.0
2026-02-28,emailcrm,8,8,5,4,1,62.5,80.0,12.5,25.0
2026-02-28,product/pack-permis-complet-boite-automatique-sans-code,12,8,8,6,4,100.0,75.0,50.0,66.7
2026-02-28,product/pack-permis-complet-boite-automatique-sans-code-lead,5,5,4,3,0,80.0,75.0,0.0,0.0
2026-02-28,product/pack-5h,5,5,5,4,0,100.0,80.0,0.0,0.0
2026-02-28,product/pack-10h,6,6,6,4,0,100.0,66.7,0.0,0.0
2026-02-28,product/conduite-accompagnee-first,0,0,0,0,0,0,0,0,0
2026-02-28,product/pack-20h,3,2,2,1,0,100.0,50.0,0.0,0.0
2026-02-28,product/pack-permis-complet-boite-automatique-revolut,5,5,4,4,0,80.0,100.0,0.0,0.0
2026-02-28,emailcrmheader,0,0,0,0,0,0,0,0,0
2026-02-28,product/pack-5h-boite-automatique,3,1,1,1,1,100.0,100.0,100.0,100.0
2026-02-28,product/pack-10h-boite-automatique,8,6,5,5,1,83.3,100.0,16.7,20.0
2026-02-28,checkout/pack-permis-complet,1,1,1,0,0,100.0,0.0,0.0,0
2026-02-28,product/conduite-accompagnee-boite-automatique-first,0,0,0,0,0,0,0,0,0
2026-02-28,checkout/pack-permis-complet-sans-code,0,0,0,0,0,0,0,0,0
2026-02-28,infocards,0,0,0,0,0,0,0,0,0
2026-02-28,checkout/pack-permis-complet-sans-code-lead,0,0,0,0,0,0,0,0,0
2026-02-28,checkout/pack-permis-complet-boite-automatique,0,0,0,0,0,0,0,0,0
2026-02-28,checkout/pack-permis-complet-revolut,3,2,1,1,1,50.0,100.0,50.0,100.0
2026-02-28,checkout/pack-permis-complet-boite-automatique-sans-code-lead,1,1,1,1,1,100.0,100.0,100.0,100.0
2026-02-28,checkout/pack-5h,0,0,0,0,0,0,0,0,0
2026-02-28,checkout/conduite-accompagnee-first,0,0,0,0,0,0,0,0,0
2026-02-28,checkout/pack-permis-complet-boite-automatique-sans-code,0,0,0,0,0,0,0,0,0
2026-02-28,checkout/pack-5h-boite-automatique,0,0,0,0,0,0,0,0,0
2026-02-28,product/rendez-vous-pedagogiques,0,0,0,0,0,0,0,0,0
2026-02-28,checkout/pack-10h,0,0,0,0,0,0,0,0,0
2026-02-28,checkout/pack-permis-complet-boite-automatique-revolut,1,1,1,1,0,100.0,100.0,0.0,0.0
2026-02-28,chatbot_support,0,0,0,0,0,0,0,0,0
2026-02-28,product/pack-permis-casa-nord-france,0,0,0,0,0,0,0,0,0
2026-02-28,home_widget,0,0,0,0,0,0,0,0,0
2026-02-28,checkout/pack-10h-boite-automatique,0,0,0,0,0,0,0,0,0
2026-02-28,checkout/pack-20h,0,0,0,0,0,0,0,0,0
2026-02-28,checkout/conduite-accompagnee-boite-automatique-first,0,0,0,0,0,0,0,0,0
2026-02-28,product/pack-permis-boite-automatique-casa-nord-france,0,0,0,0,0,0,0,0,0
2026-02-28,product/rendez-vous-pedagogiques-automatique,0,0,0,0,0,0,0,0,0
2026-02-28,checkout/pack-permis-complet-boite-automatique-sans-code-et-reussite-conduite-plus,0,0,0,0,0,0,0,0,0
2026-02-28,checkout/pack-permis-complet-et-reussite-code-plus,0,0,0,0,0,0,0,0,0
2026-02-28,checkout/pack-permis-casa-nord-france,0,0,0,0,0,0,0,0,0
2026-02-28,checkout/pack-permis-complet-boite-automatique-et-reussite-code-plus,0,0,0,0,0,0,0,0,0
2026-02-28,checkout/rendez-vous-pedagogiques,0,0,0,0,0,0,0,0,0
2026-02-28,checkout/pack-permis-complet-boite-automatique-sans-code-et-reussite-conduite-plus-lead,0,0,0,0,0,0,0,0,0
2026-02-28,checkout/pack-permis-boite-automatique-casa-nord-france,0,0,0,0,0,0,0,0,0
2026-02-28,emailcrm&utm_medium=email&utm_source=crm&utm_campaign=3b74f603-2f61-4df1-9869-4dff5e11d8e9,0,0,0,0,0,0,0,0,0
2026-02-28,permis_widget,0,0,0,0,0,0,0,0,0
2026-03-01,shop,0,0,0,0,0,0,0,0,0
2026-03-01,unknown,0,0,0,0,0,0,0,0,0
2026-03-01,product/pack-permis-complet,0,0,0,0,0,0,0,0,0
2026-03-01,product/pack-permis-complet-sans-code,0,0,0,0,0,0,0,0,0
2026-03-01,product/pack-permis-complet-sans-code-lead,0,0,0,0,0,0,0,0,0
2026-03-01,product/pack-permis-complet-revolut,0,0,0,0,0,0,0,0,0
2026-03-01,product/pack-permis-complet-boite-automatique,0,0,0,0,0,0,0,0,0
2026-03-01,emailcrm,0,0,0,0,0,0,0,0,0
2026-03-01,product/pack-permis-complet-boite-automatique-sans-code,0,0,0,0,0,0,0,0,0
2026-03-01,product/pack-permis-complet-boite-automatique-sans-code-lead,0,0,0,0,0,0,0,0,0
2026-03-01,product/pack-5h,0,0,0,0,0,0,0,0,0
2026-03-01,product/pack-10h,0,0,0,0,0,0,0,0,0
2026-03-01,product/conduite-accompagnee-first,0,0,0,0,0,0,0,0,0
2026-03-01,product/pack-20h,0,0,0,0,0,0,0,0,0
2026-03-01,product/pack-permis-complet-boite-automatique-revolut,0,0,0,0,0,0,0,0,0
2026-03-01,emailcrmheader,0,0,0,0,0,0,0,0,0
2026-03-01,product/pack-5h-boite-automatique,0,0,0,0,0,0,0,0,0
2026-03-01,product/pack-10h-boite-automatique,0,0,0,0,0,0,0,0,0
2026-03-01,checkout/pack-permis-complet,0,0,0,0,0,0,0,0,0
2026-03-01,product/conduite-accompagnee-boite-automatique-first,0,0,0,0,0,0,0,0,0
2026-03-01,checkout/pack-permis-complet-sans-code,0,0,0,0,0,0,0,0,0
2026-03-01,infocards,0,0,0,0,0,0,0,0,0
2026-03-01,checkout/pack-permis-complet-sans-code-lead,0,0,0,0,0,0,0,0,0
2026-03-01,checkout/pack-permis-complet-boite-automatique,0,0,0,0,0,0,0,0,0
2026-03-01,checkout/pack-permis-complet-revolut,0,0,0,0,0,0,0,0,0
2026-03-01,checkout/pack-permis-complet-boite-automatique-sans-code-lead,0,0,0,0,0,0,0,0,0
2026-03-01,checkout/pack-5h,0,0,0,0,0,0,0,0,0
2026-03-01,checkout/conduite-accompagnee-first,0,0,0,0,0,0,0,0,0
2026-03-01,checkout/pack-permis-complet-boite-automatique-sans-code,0,0,0,0,0,0,0,0,0
2026-03-01,checkout/pack-5h-boite-automatique,0,0,0,0,0,0,0,0,0
2026-03-01,product/rendez-vous-pedagogiques,0,0,0,0,0,0,0,0,0
2026-03-01,checkout/pack-10h,0,0,0,0,0,0,0,0,0
2026-03-01,checkout/pack-permis-complet-boite-automatique-revolut,0,0,0,0,0,0,0,0,0
2026-03-01,chatbot_support,0,0,0,0,0,0,0,0,0
2026-03-01,product/pack-permis-casa-nord-france,0,0,0,0,0,0,0,0,0
2026-03-01,home_widget,0,0,0,0,0,0,0,0,0
2026-03-01,checkout/pack-10h-boite-automatique,0,0,0,0,0,0,0,0,0
2026-03-01,checkout/pack-20h,0,0,0,0,0,0,0,0,0
2026-03-01,checkout/conduite-accompagnee-boite-automatique-first,0,0,0,0,0,0,0,0,0
2026-03-01,product/pack-permis-boite-automatique-casa-nord-france,0,0,0,0,0,0,0,0,0
2026-03-01,product/rendez-vous-pedagogiques-automatique,0,0,0,0,0,0,0,0,0
2026-03-01,checkout/pack-permis-complet-boite-automatique-sans-code-et-reussite-conduite-plus,0,0,0,0,0,0,0,0,0
2026-03-01,checkout/pack-permis-complet-et-reussite-code-plus,0,0,0,0,0,0,0,0,0
2026-03-01,checkout/pack-permis-casa-nord-france,0,0,0,0,0,0,0,0,0
2026-03-01,checkout/pack-permis-complet-boite-automatique-et-reussite-code-plus,0,0,0,0,0,0,0,0,0
2026-03-01,checkout/rendez-vous-pedagogiques,0,0,0,0,0,0,0,0,0
2026-03-01,checkout/pack-permis-complet-boite-automatique-sans-code-et-reussite-conduite-plus-lead,0,0,0,0,0,0,0,0,0
2026-03-01,checkout/pack-permis-boite-automatique-casa-nord-france,0,0,0,0,0,0,0,0,0
2026-03-01,emailcrm&utm_medium=email&utm_source=crm&utm_campaign=3b74f603-2f61-4df1-9869-4dff5e11d8e9,0,0,0,0,0,0,0,0,0
2026-03-01,permis_widget,0,0,0,0,0,0,0,0,0
2026-03-02,shop,219,175,151,129,42,86.3,85.4,24.0,32.6
2026-03-02,unknown,41,40,30,18,9,75.0,60.0,22.5,50.0
2026-03-02,product/pack-permis-complet,49,45,41,34,16,91.1,82.9,35.6,47.1
2026-03-02,product/pack-permis-complet-sans-code,43,41,36,30,15,87.8,83.3,36.6,50.0
2026-03-02,product/pack-permis-complet-sans-code-lead,43,39,35,29,17,89.7,82.9,43.6,58.6
2026-03-02,product/pack-permis-complet-revolut,48,38,35,25,12,92.1,71.4,31.6,48.0
2026-03-02,product/pack-permis-complet-boite-automatique,27,24,21,18,4,87.5,85.7,16.7,22.2
2026-03-02,emailcrm,8,8,6,6,2,75.0,100.0,25.0,33.3
2026-03-02,product/pack-permis-complet-boite-automatique-sans-code,28,21,18,16,8,85.7,88.9,38.1,50.0
2026-03-02,product/pack-permis-complet-boite-automatique-sans-code-lead,15,12,8,7,3,66.7,87.5,25.0,42.9
2026-03-02,product/pack-5h,19,16,14,11,4,87.5,78.6,25.0,36.4
2026-03-02,product/pack-10h,14,12,10,8,3,83.3,80.0,25.0,37.5
2026-03-02,product/conduite-accompagnee-first,1,1,1,0,0,100.0,0.0,0.0,0
2026-03-02,product/pack-20h,4,3,3,3,0,100.0,100.0,0.0,0.0
2026-03-02,product/pack-permis-complet-boite-automatique-revolut,10,10,8,7,2,80.0,87.5,20.0,28.6
2026-03-02,emailcrmheader,0,0,0,0,0,0,0,0,0
2026-03-02,product/pack-5h-boite-automatique,9,7,5,2,0,71.4,40.0,0.0,0.0
2026-03-02,product/pack-10h-boite-automatique,5,5,5,4,1,100.0,80.0,20.0,25.0
2026-03-02,checkout/pack-permis-complet,3,3,3,2,0,100.0,66.7,0.0,0.0
2026-03-02,product/conduite-accompagnee-boite-automatique-first,0,0,0,0,0,0,0,0,0
2026-03-02,checkout/pack-permis-complet-sans-code,2,2,2,2,1,100.0,100.0,50.0,50.0
2026-03-02,infocards,28,27,25,20,9,92.6,80.0,33.3,45.0
2026-03-02,checkout/pack-permis-complet-sans-code-lead,1,1,1,1,0,100.0,100.0,0.0,0.0
2026-03-02,checkout/pack-permis-complet-boite-automatique,5,4,4,4,1,100.0,100.0,25.0,25.0
2026-03-02,checkout/pack-permis-complet-revolut,1,1,1,1,0,100.0,100.0,0.0,0.0
2026-03-02,checkout/pack-permis-complet-boite-automatique-sans-code-lead,1,1,1,0,0,100.0,0.0,0.0,0
2026-03-02,checkout/pack-5h,2,2,1,1,0,50.0,100.0,0.0,0.0
2026-03-02,checkout/conduite-accompagnee-first,0,0,0,0,0,0,0,0,0
2026-03-02,checkout/pack-permis-complet-boite-automatique-sans-code,1,1,1,1,0,100.0,100.0,0.0,0.0
2026-03-02,checkout/pack-5h-boite-automatique,0,0,0,0,0,0,0,0,0
2026-03-02,product/rendez-vous-pedagogiques,1,1,1,1,0,100.0,100.0,0.0,0.0
2026-03-02,checkout/pack-10h,0,0,0,0,0,0,0,0,0
2026-03-02,checkout/pack-permis-complet-boite-automatique-revolut,3,3,2,0,0,66.7,0.0,0.0,0
2026-03-02,chatbot_support,0,0,0,0,0,0,0,0,0
2026-03-02,product/pack-permis-casa-nord-france,0,0,0,0,0,0,0,0,0
2026-03-02,home_widget,0,0,0,0,0,0,0,0,0
2026-03-02,checkout/pack-10h-boite-automatique,0,0,0,0,0,0,0,0,0
2026-03-02,checkout/pack-20h,0,0,0,0,0,0,0,0,0
2026-03-02,checkout/conduite-accompagnee-boite-automatique-first,0,0,0,0,0,0,0,0,0
2026-03-02,product/pack-permis-boite-automatique-casa-nord-france,0,0,0,0,0,0,0,0,0
2026-03-02,product/rendez-vous-pedagogiques-automatique,3,2,2,2,0,100.0,100.0,0.0,0.0
2026-03-02,checkout/pack-permis-complet-boite-automatique-sans-code-et-reussite-conduite-plus,0,0,0,0,0,0,0,0,0
2026-03-02,checkout/pack-permis-complet-et-reussite-code-plus,0,0,0,0,0,0,0,0,0
2026-03-02,checkout/pack-permis-casa-nord-france,0,0,0,0,0,0,0,0,0
2026-03-02,checkout/pack-permis-complet-boite-automatique-et-reussite-code-plus,0,0,0,0,0,0,0,0,0
2026-03-02,checkout/rendez-vous-pedagogiques,0,0,0,0,0,0,0,0,0
2026-03-02,checkout/pack-permis-complet-boite-automatique-sans-code-et-reussite-conduite-plus-lead,0,0,0,0,0,0,0,0,0
2026-03-02,checkout/pack-permis-boite-automatique-casa-nord-france,0,0,0,0,0,0,0,0,0
2026-03-02,emailcrm&utm_medium=email&utm_source=crm&utm_campaign=3b74f603-2f61-4df1-9869-4dff5e11d8e9,0,0,0,0,0,0,0,0,0
2026-03-02,permis_widget,0,0,0,0,0,0,0,0,0
2026-03-03,shop,167,151,140,120,41,92.7,85.7,27.2,34.2
2026-03-03,unknown,48,44,38,21,6,86.4,55.3,13.6,28.6
2026-03-03,product/pack-permis-complet,34,31,27,25,13,87.1,92.6,41.9,52.0
2026-03-03,product/pack-permis-complet-sans-code,41,34,31,18,8,91.2,58.1,23.5,44.4
2026-03-03,product/pack-permis-complet-sans-code-lead,36,28,23,18,9,82.1,78.3,32.1,50.0
2026-03-03,product/pack-permis-complet-revolut,23,22,17,14,7,77.3,82.4,31.8,50.0
2026-03-03,product/pack-permis-complet-boite-automatique,16,12,10,9,2,83.3,90.0,16.7,22.2
2026-03-03,emailcrm,4,4,4,2,2,100.0,50.0,50.0,100.0
2026-03-03,product/pack-permis-complet-boite-automatique-sans-code,10,9,9,5,3,100.0,55.6,33.3,60.0
2026-03-03,product/pack-permis-complet-boite-automatique-sans-code-lead,25,19,19,17,12,100.0,89.5,63.2,70.6
2026-03-03,product/pack-5h,16,10,9,6,0,90.0,66.7,0.0,0.0
2026-03-03,product/pack-10h,8,7,6,4,2,85.7,66.7,28.6,50.0
2026-03-03,product/conduite-accompagnee-first,1,1,1,0,0,100.0,0.0,0.0,0
2026-03-03,product/pack-20h,12,5,5,2,0,100.0,40.0,0.0,0.0
2026-03-03,product/pack-permis-complet-boite-automatique-revolut,7,6,5,3,2,83.3,60.0,33.3,66.7
2026-03-03,emailcrmheader,0,0,0,0,0,0,0,0,0
2026-03-03,product/pack-5h-boite-automatique,7,4,4,2,1,100.0,50.0,25.0,50.0
2026-03-03,product/pack-10h-boite-automatique,4,3,2,1,0,66.7,50.0,0.0,0.0
2026-03-03,checkout/pack-permis-complet,1,1,1,1,0,100.0,100.0,0.0,0.0
2026-03-03,product/conduite-accompagnee-boite-automatique-first,1,1,1,1,0,100.0,100.0,0.0,0.0
2026-03-03,checkout/pack-permis-complet-sans-code,3,3,3,3,2,100.0,100.0,66.7,66.7
2026-03-03,infocards,29,27,27,20,7,100.0,74.1,25.9,35.0
2026-03-03,checkout/pack-permis-complet-sans-code-lead,1,1,1,1,0,100.0,100.0,0.0,0.0
2026-03-03,checkout/pack-permis-complet-boite-automatique,0,0,0,0,0,0,0,0,0
2026-03-03,checkout/pack-permis-complet-revolut,1,1,1,1,0,100.0,100.0,0.0,0.0
2026-03-03,checkout/pack-permis-complet-boite-automatique-sans-code-lead,2,1,1,0,0,100.0,0.0,0.0,0
2026-03-03,checkout/pack-5h,0,0,0,0,0,0,0,0,0
2026-03-03,checkout/conduite-accompagnee-first,0,0,0,0,0,0,0,0,0
2026-03-03,checkout/pack-permis-complet-boite-automatique-sans-code,1,1,1,1,0,100.0,100.0,0.0,0.0
2026-03-03,checkout/pack-5h-boite-automatique,0,0,0,0,0,0,0,0,0
2026-03-03,product/rendez-vous-pedagogiques,1,1,1,1,0,100.0,100.0,0.0,0.0
2026-03-03,checkout/pack-10h,0,0,0,0,0,0,0,0,0
2026-03-03,checkout/pack-permis-complet-boite-automatique-revolut,0,0,0,0,0,0,0,0,0
2026-03-03,chatbot_support,1,1,1,1,0,100.0,100.0,0.0,0.0
2026-03-03,product/pack-permis-casa-nord-france,0,0,0,0,0,0,0,0,0
2026-03-03,home_widget,0,0,0,0,0,0,0,0,0
2026-03-03,checkout/pack-10h-boite-automatique,1,1,1,0,0,100.0,0.0,0.0,0
2026-03-03,checkout/pack-20h,1,1,0,0,0,0.0,0,0.0,0
2026-03-03,checkout/conduite-accompagnee-boite-automatique-first,0,0,0,0,0,0,0,0,0
2026-03-03,product/pack-permis-boite-automatique-casa-nord-france,0,0,0,0,0,0,0,0,0
2026-03-03,product/rendez-vous-pedagogiques-automatique,0,0,0,0,0,0,0,0,0
2026-03-03,checkout/pack-permis-complet-boite-automatique-sans-code-et-reussite-conduite-plus,0,0,0,0,0,0,0,0,0
2026-03-03,checkout/pack-permis-complet-et-reussite-code-plus,0,0,0,0,0,0,0,0,0
2026-03-03,checkout/pack-permis-casa-nord-france,0,0,0,0,0,0,0,0,0
2026-03-03,checkout/pack-permis-complet-boite-automatique-et-reussite-code-plus,0,0,0,0,0,0,0,0,0
2026-03-03,checkout/rendez-vous-pedagogiques,0,0,0,0,0,0,0,0,0
2026-03-03,checkout/pack-permis-complet-boite-automatique-sans-code-et-reussite-conduite-plus-lead,0,0,0,0,0,0,0,0,0
2026-03-03,checkout/pack-permis-boite-automatique-casa-nord-france,0,0,0,0,0,0,0,0,0
2026-03-03,emailcrm&utm_medium=email&utm_source=crm&utm_campaign=3b74f603-2f61-4df1-9869-4dff5e11d8e9,0,0,0,0,0,0,0,0,0
2026-03-03,permis_widget,0,0,0,0,0,0,0,0,0
2026-03-04,shop,159,124,118,99,29,95.2,83.9,23.4,29.3
2026-03-04,unknown,42,41,37,30,12,90.2,81.1,29.3,40.0
2026-03-04,product/pack-permis-complet,34,27,26,19,8,96.3,73.1,29.6,42.1
2026-03-04,product/pack-permis-complet-sans-code,37,30,30,26,13,100.0,86.7,43.3,50.0
2026-03-04,product/pack-permis-complet-sans-code-lead,29,28,27,25,9,96.4,92.6,32.1,36.0
2026-03-04,product/pack-permis-complet-revolut,20,20,19,18,6,95.0,94.7,30.0,33.3
2026-03-04,product/pack-permis-complet-boite-automatique,11,11,11,8,2,100.0,72.7,18.2,25.0
2026-03-04,emailcrm,9,8,8,8,3,100.0,100.0,37.5,37.5
2026-03-04,product/pack-permis-complet-boite-automatique-sans-code,17,13,13,12,6,100.0,92.3,46.2,50.0
2026-03-04,product/pack-permis-complet-boite-automatique-sans-code-lead,7,7,7,6,3,100.0,85.7,42.9,50.0
2026-03-04,product/pack-5h,20,17,16,15,3,94.1,93.8,17.6,20.0
2026-03-04,product/pack-10h,9,9,9,6,2,100.0,66.7,22.2,33.3
2026-03-04,product/conduite-accompagnee-first,0,0,0,0,0,0,0,0,0
2026-03-04,product/pack-20h,7,4,4,3,0,100.0,75.0,0.0,0.0
2026-03-04,product/pack-permis-complet-boite-automatique-revolut,8,5,5,5,3,100.0,100.0,60.0,60.0
2026-03-04,emailcrmheader,0,0,0,0,0,0,0,0,0
2026-03-04,product/pack-5h-boite-automatique,4,4,4,1,1,100.0,25.0,25.0,100.0
2026-03-04,product/pack-10h-boite-automatique,6,6,6,5,2,100.0,83.3,33.3,40.0
2026-03-04,checkout/pack-permis-complet,4,3,2,2,1,66.7,100.0,33.3,50.0
2026-03-04,product/conduite-accompagnee-boite-automatique-first,0,0,0,0,0,0,0,0,0
2026-03-04,checkout/pack-permis-complet-sans-code,2,2,2,1,0,100.0,50.0,0.0,0.0
2026-03-04,infocards,29,26,25,20,8,96.2,80.0,30.8,40.0
2026-03-04,checkout/pack-permis-complet-sans-code-lead,2,2,2,1,1,100.0,50.0,50.0,100.0
2026-03-04,checkout/pack-permis-complet-boite-automatique,0,0,0,0,0,0,0,0,0
2026-03-04,checkout/pack-permis-complet-revolut,1,1,1,0,0,100.0,0.0,0.0,0
2026-03-04,checkout/pack-permis-complet-boite-automatique-sans-code-lead,0,0,0,0,0,0,0,0,0
2026-03-04,checkout/pack-5h,0,0,0,0,0,0,0,0,0
2026-03-04,checkout/conduite-accompagnee-first,0,0,0,0,0,0,0,0,0
2026-03-04,checkout/pack-permis-complet-boite-automatique-sans-code,0,0,0,0,0,0,0,0,0
2026-03-04,checkout/pack-5h-boite-automatique,0,0,0,0,0,0,0,0,0
2026-03-04,product/rendez-vous-pedagogiques,2,2,2,2,0,100.0,100.0,0.0,0.0
2026-03-04,checkout/pack-10h,1,1,1,1,1,100.0,100.0,100.0,100.0
2026-03-04,checkout/pack-permis-complet-boite-automatique-revolut,1,1,1,1,0,100.0,100.0,0.0,0.0
2026-03-04,chatbot_support,0,0,0,0,0,0,0,0,0
2026-03-04,product/pack-permis-casa-nord-france,0,0,0,0,0,0,0,0,0
2026-03-04,home_widget,1,1,1,1,1,100.0,100.0,100.0,100.0
2026-03-04,checkout/pack-10h-boite-automatique,1,1,1,1,0,100.0,100.0,0.0,0.0
2026-03-04,checkout/pack-20h,0,0,0,0,0,0,0,0,0
2026-03-04,checkout/conduite-accompagnee-boite-automatique-first,0,0,0,0,0,0,0,0,0
2026-03-04,product/pack-permis-boite-automatique-casa-nord-france,0,0,0,0,0,0,0,0,0
2026-03-04,product/rendez-vous-pedagogiques-automatique,0,0,0,0,0,0,0,0,0
2026-03-04,checkout/pack-permis-complet-boite-automatique-sans-code-et-reussite-conduite-plus,0,0,0,0,0,0,0,0,0
2026-03-04,checkout/pack-permis-complet-et-reussite-code-plus,0,0,0,0,0,0,0,0,0
2026-03-04,checkout/pack-permis-casa-nord-france,0,0,0,0,0,0,0,0,0
2026-03-04,checkout/pack-permis-complet-boite-automatique-et-reussite-code-plus,0,0,0,0,0,0,0,0,0
2026-03-04,checkout/rendez-vous-pedagogiques,0,0,0,0,0,0,0,0,0
2026-03-04,checkout/pack-permis-complet-boite-automatique-sans-code-et-reussite-conduite-plus-lead,0,0,0,0,0,0,0,0,0
2026-03-04,checkout/pack-permis-boite-automatique-casa-nord-france,0,0,0,0,0,0,0,0,0
2026-03-04,emailcrm&utm_medium=email&utm_source=crm&utm_campaign=3b74f603-2f61-4df1-9869-4dff5e11d8e9,0,0,0,0,0,0,0,0,0
2026-03-04,permis_widget,0,0,0,0,0,0,0,0,0
2026-03-05,shop,154,123,113,103,28,91.9,91.2,22.8,27.2
2026-03-05,unknown,79,73,65,36,7,89.0,55.4,9.6,19.4
2026-03-05,product/pack-permis-complet,60,55,49,43,21,89.1,87.8,38.2,48.8
2026-03-05,product/pack-permis-complet-sans-code,28,24,24,20,14,100.0,83.3,58.3,70.0
2026-03-05,product/pack-permis-complet-sans-code-lead,40,37,34,23,6,91.9,67.6,16.2,26.1
2026-03-05,product/pack-permis-complet-revolut,15,13,12,7,1,92.3,58.3,7.7,14.3
2026-03-05,product/pack-permis-complet-boite-automatique,29,21,21,19,8,100.0,90.5,38.1,42.1
2026-03-05,emailcrm,15,12,11,9,3,91.7,81.8,25.0,33.3
2026-03-05,product/pack-permis-complet-boite-automatique-sans-code,7,7,7,3,2,100.0,42.9,28.6,66.7
2026-03-05,product/pack-permis-complet-boite-automatique-sans-code-lead,18,18,17,12,5,94.4,70.6,27.8,41.7
2026-03-05,product/pack-5h,5,4,4,2,1,100.0,50.0,25.0,50.0
2026-03-05,product/pack-10h,12,12,12,8,2,100.0,66.7,16.7,25.0
2026-03-05,product/conduite-accompagnee-first,0,0,0,0,0,0,0,0,0
2026-03-05,product/pack-20h,13,8,8,7,0,100.0,87.5,0.0,0.0
2026-03-05,product/pack-permis-complet-boite-automatique-revolut,4,4,4,4,3,100.0,100.0,75.0,75.0
2026-03-05,emailcrmheader,0,0,0,0,0,0,0,0,0
2026-03-05,product/pack-5h-boite-automatique,5,5,4,4,2,80.0,100.0,40.0,50.0
2026-03-05,product/pack-10h-boite-automatique,7,3,3,2,0,100.0,66.7,0.0,0.0
2026-03-05,checkout/pack-permis-complet,2,2,2,2,0,100.0,100.0,0.0,0.0
2026-03-05,product/conduite-accompagnee-boite-automatique-first,0,0,0,0,0,0,0,0,0
2026-03-05,checkout/pack-permis-complet-sans-code,2,2,2,1,0,100.0,50.0,0.0,0.0
2026-03-05,infocards,44,37,35,27,8,94.6,77.1,21.6,29.6
2026-03-05,checkout/pack-permis-complet-sans-code-lead,2,2,2,2,1,100.0,100.0,50.0,50.0
2026-03-05,checkout/pack-permis-complet-boite-automatique,0,0,0,0,0,0,0,0,0
2026-03-05,checkout/pack-permis-complet-revolut,3,3,3,3,1,100.0,100.0,33.3,33.3
2026-03-05,checkout/pack-permis-complet-boite-automatique-sans-code-lead,0,0,0,0,0,0,0,0,0
2026-03-05,checkout/pack-5h,1,1,1,1,1,100.0,100.0,100.0,100.0
2026-03-05,checkout/conduite-accompagnee-first,0,0,0,0,0,0,0,0,0
2026-03-05,checkout/pack-permis-complet-boite-automatique-sans-code,2,2,2,1,0,100.0,50.0,0.0,0.0
2026-03-05,checkout/pack-5h-boite-automatique,0,0,0,0,0,0,0,0,0
2026-03-05,product/rendez-vous-pedagogiques,0,0,0,0,0,0,0,0,0
2026-03-05,checkout/pack-10h,0,0,0,0,0,0,0,0,0
2026-03-05,checkout/pack-permis-complet-boite-automatique-revolut,2,2,2,2,0,100.0,100.0,0.0,0.0
2026-03-05,chatbot_support,0,0,0,0,0,0,0,0,0
2026-03-05,product/pack-permis-casa-nord-france,0,0,0,0,0,0,0,0,0
2026-03-05,home_widget,0,0,0,0,0,0,0,0,0
2026-03-05,checkout/pack-10h-boite-automatique,0,0,0,0,0,0,0,0,0
2026-03-05,checkout/pack-20h,0,0,0,0,0,0,0,0,0
2026-03-05,checkout/conduite-accompagnee-boite-automatique-first,0,0,0,0,0,0,0,0,0
2026-03-05,product/pack-permis-boite-automatique-casa-nord-france,0,0,0,0,0,0,0,0,0
2026-03-05,product/rendez-vous-pedagogiques-automatique,0,0,0,0,0,0,0,0,0
2026-03-05,checkout/pack-permis-complet-boite-automatique-sans-code-et-reussite-conduite-plus,0,0,0,0,0,0,0,0,0
2026-03-05,checkout/pack-permis-complet-et-reussite-code-plus,0,0,0,0,0,0,0,0,0
2026-03-05,checkout/pack-permis-casa-nord-france,0,0,0,0,0,0,0,0,0
2026-03-05,checkout/pack-permis-complet-boite-automatique-et-reussite-code-plus,0,0,0,0,0,0,0,0,0
2026-03-05,checkout/rendez-vous-pedagogiques,0,0,0,0,0,0,0,0,0
2026-03-05,checkout/pack-permis-complet-boite-automatique-sans-code-et-reussite-conduite-plus-lead,0,0,0,0,0,0,0,0,0
2026-03-05,checkout/pack-permis-boite-automatique-casa-nord-france,0,0,0,0,0,0,0,0,0
2026-03-05,emailcrm&utm_medium=email&utm_source=crm&utm_campaign=3b74f603-2f61-4df1-9869-4dff5e11d8e9,0,0,0,0,0,0,0,0,0
2026-03-05,permis_widget,0,0,0,0,0,0,0,0,0
2026-03-06,shop,143,113,108,93,25,95.6,86.1,22.1,26.9
2026-03-06,unknown,48,44,44,34,12,100.0,77.3,27.3,35.3
2026-03-06,product/pack-permis-complet,39,30,30,24,8,100.0,80.0,26.7,33.3
2026-03-06,product/pack-permis-complet-sans-code,27,25,23,19,8,92.0,82.6,32.0,42.1
2026-03-06,product/pack-permis-complet-sans-code-lead,39,30,30,22,11,100.0,73.3,36.7,50.0
2026-03-06,product/pack-permis-complet-revolut,15,14,12,7,4,85.7,58.3,28.6,57.1
2026-03-06,product/pack-permis-complet-boite-automatique,11,11,11,9,1,100.0,81.8,9.1,11.1
2026-03-06,emailcrm,13,12,11,10,3,91.7,90.9,25.0,30.0
2026-03-06,product/pack-permis-complet-boite-automatique-sans-code,14,12,11,11,6,91.7,100.0,50.0,54.5
2026-03-06,product/pack-permis-complet-boite-automatique-sans-code-lead,11,10,10,8,3,100.0,80.0,30.0,37.5
2026-03-06,product/pack-5h,16,14,12,11,2,85.7,91.7,14.3,18.2
2026-03-06,product/pack-10h,11,9,9,7,2,100.0,77.8,22.2,28.6
2026-03-06,product/conduite-accompagnee-first,0,0,0,0,0,0,0,0,0
2026-03-06,product/pack-20h,13,11,11,11,0,100.0,100.0,0.0,0.0
2026-03-06,product/pack-permis-complet-boite-automatique-revolut,4,4,2,2,0,50.0,100.0,0.0,0.0
2026-03-06,emailcrmheader,0,0,0,0,0,0,0,0,0
2026-03-06,product/pack-5h-boite-automatique,2,2,2,2,2,100.0,100.0,100.0,100.0
2026-03-06,product/pack-10h-boite-automatique,5,5,5,5,1,100.0,100.0,20.0,20.0
2026-03-06,checkout/pack-permis-complet,2,2,2,2,1,100.0,100.0,50.0,50.0
2026-03-06,product/conduite-accompagnee-boite-automatique-first,0,0,0,0,0,0,0,0,0
2026-03-06,checkout/pack-permis-complet-sans-code,2,2,2,2,2,100.0,100.0,100.0,100.0
2026-03-06,infocards,16,15,14,11,5,93.3,78.6,33.3,45.5
2026-03-06,checkout/pack-permis-complet-sans-code-lead,1,1,1,1,1,100.0,100.0,100.0,100.0
2026-03-06,checkout/pack-permis-complet-boite-automatique,1,1,1,1,0,100.0,100.0,0.0,0.0
2026-03-06,checkout/pack-permis-complet-revolut,1,1,1,1,0,100.0,100.0,0.0,0.0
2026-03-06,checkout/pack-permis-complet-boite-automatique-sans-code-lead,1,1,1,0,0,100.0,0.0,0.0,0
2026-03-06,checkout/pack-5h,0,0,0,0,0,0,0,0,0
2026-03-06,checkout/conduite-accompagnee-first,0,0,0,0,0,0,0,0,0
2026-03-06,checkout/pack-permis-complet-boite-automatique-sans-code,0,0,0,0,0,0,0,0,0
2026-03-06,checkout/pack-5h-boite-automatique,0,0,0,0,0,0,0,0,0
2026-03-06,product/rendez-vous-pedagogiques,0,0,0,0,0,0,0,0,0
2026-03-06,checkout/pack-10h,0,0,0,0,0,0,0,0,0
2026-03-06,checkout/pack-permis-complet-boite-automatique-revolut,0,0,0,0,0,0,0,0,0
2026-03-06,chatbot_support,0,0,0,0,0,0,0,0,0
2026-03-06,product/pack-permis-casa-nord-france,0,0,0,0,0,0,0,0,0
2026-03-06,home_widget,0,0,0,0,0,0,0,0,0
2026-03-06,checkout/pack-10h-boite-automatique,0,0,0,0,0,0,0,0,0
2026-03-06,checkout/pack-20h,0,0,0,0,0,0,0,0,0
2026-03-06,checkout/conduite-accompagnee-boite-automatique-first,0,0,0,0,0,0,0,0,0
2026-03-06,product/pack-permis-boite-automatique-casa-nord-france,0,0,0,0,0,0,0,0,0
2026-03-06,product/rendez-vous-pedagogiques-automatique,0,0,0,0,0,0,0,0,0
2026-03-06,checkout/pack-permis-complet-boite-automatique-sans-code-et-reussite-conduite-plus,0,0,0,0,0,0,0,0,0
2026-03-06,checkout/pack-permis-complet-et-reussite-code-plus,0,0,0,0,0,0,0,0,0
2026-03-06,checkout/pack-permis-casa-nord-france,0,0,0,0,0,0,0,0,0
2026-03-06,checkout/pack-permis-complet-boite-automatique-et-reussite-code-plus,0,0,0,0,0,0,0,0,0
2026-03-06,checkout/rendez-vous-pedagogiques,0,0,0,0,0,0,0,0,0
2026-03-06,checkout/pack-permis-complet-boite-automatique-sans-code-et-reussite-conduite-plus-lead,0,0,0,0,0,0,0,0,0
2026-03-06,checkout/pack-permis-boite-automatique-casa-nord-france,0,0,0,0,0,0,0,0,0
2026-03-06,emailcrm&utm_medium=email&utm_source=crm&utm_campaign=3b74f603-2f61-4df1-9869-4dff5e11d8e9,0,0,0,0,0,0,0,0,0
2026-03-06,permis_widget,0,0,0,0,0,0,0,0,0
2026-03-07,shop,104,79,74,58,16,93.7,78.4,20.3,27.6
2026-03-07,unknown,26,21,20,14,1,95.2,70.0,4.8,7.1
2026-03-07,product/pack-permis-complet,15,14,12,9,3,85.7,75.0,21.4,33.3
2026-03-07,product/pack-permis-complet-sans-code,10,8,6,4,2,75.0,66.7,25.0,50.0
2026-03-07,product/pack-permis-complet-sans-code-lead,25,21,18,16,6,85.7,88.9,28.6,37.5
2026-03-07,product/pack-permis-complet-revolut,3,3,3,2,1,100.0,66.7,33.3,50.0
2026-03-07,product/pack-permis-complet-boite-automatique,4,4,4,3,1,100.0,75.0,25.0,33.3
2026-03-07,emailcrm,6,5,3,3,2,60.0,100.0,40.0,66.7
2026-03-07,product/pack-permis-complet-boite-automatique-sans-code,9,9,8,7,4,88.9,87.5,44.4,57.1
2026-03-07,product/pack-permis-complet-boite-automatique-sans-code-lead,7,5,5,5,2,100.0,100.0,40.0,40.0
2026-03-07,product/pack-5h,11,8,6,5,0,75.0,83.3,0.0,0.0
2026-03-07,product/pack-10h,1,1,1,1,1,100.0,100.0,100.0,100.0
2026-03-07,product/conduite-accompagnee-first,1,1,1,0,0,100.0,0.0,0.0,0
2026-03-07,product/pack-20h,5,3,3,2,0,100.0,66.7,0.0,0.0
2026-03-07,product/pack-permis-complet-boite-automatique-revolut,3,3,3,1,0,100.0,33.3,0.0,0.0
2026-03-07,emailcrmheader,0,0,0,0,0,0,0,0,0
2026-03-07,product/pack-5h-boite-automatique,1,1,1,1,1,100.0,100.0,100.0,100.0
2026-03-07,product/pack-10h-boite-automatique,3,3,3,2,1,100.0,66.7,33.3,50.0
2026-03-07,checkout/pack-permis-complet,3,2,0,0,0,0.0,0,0.0,0
2026-03-07,product/conduite-accompagnee-boite-automatique-first,0,0,0,0,0,0,0,0,0
2026-03-07,checkout/pack-permis-complet-sans-code,1,1,1,1,0,100.0,100.0,0.0,0.0
2026-03-07,infocards,22,20,19,14,7,95.0,73.7,35.0,50.0
2026-03-07,checkout/pack-permis-complet-sans-code-lead,1,1,0,0,0,0.0,0,0.0,0
2026-03-07,checkout/pack-permis-complet-boite-automatique,1,1,1,1,0,100.0,100.0,0.0,0.0
2026-03-07,checkout/pack-permis-complet-revolut,1,1,1,1,0,100.0,100.0,0.0,0.0
2026-03-07,checkout/pack-permis-complet-boite-automatique-sans-code-lead,1,1,1,1,1,100.0,100.0,100.0,100.0
2026-03-07,checkout/pack-5h,0,0,0,0,0,0,0,0,0
2026-03-07,checkout/conduite-accompagnee-first,0,0,0,0,0,0,0,0,0
2026-03-07,checkout/pack-permis-complet-boite-automatique-sans-code,0,0,0,0,0,0,0,0,0
2026-03-07,checkout/pack-5h-boite-automatique,0,0,0,0,0,0,0,0,0
2026-03-07,product/rendez-vous-pedagogiques,0,0,0,0,0,0,0,0,0
2026-03-07,checkout/pack-10h,0,0,0,0,0,0,0,0,0
2026-03-07,checkout/pack-permis-complet-boite-automatique-revolut,0,0,0,0,0,0,0,0,0
2026-03-07,chatbot_support,0,0,0,0,0,0,0,0,0
2026-03-07,product/pack-permis-casa-nord-france,0,0,0,0,0,0,0,0,0
2026-03-07,home_widget,0,0,0,0,0,0,0,0,0
2026-03-07,checkout/pack-10h-boite-automatique,0,0,0,0,0,0,0,0,0
2026-03-07,checkout/pack-20h,0,0,0,0,0,0,0,0,0
2026-03-07,checkout/conduite-accompagnee-boite-automatique-first,0,0,0,0,0,0,0,0,0
2026-03-07,product/pack-permis-boite-automatique-casa-nord-france,0,0,0,0,0,0,0,0,0
2026-03-07,product/rendez-vous-pedagogiques-automatique,0,0,0,0,0,0,0,0,0
2026-03-07,checkout/pack-permis-complet-boite-automatique-sans-code-et-reussite-conduite-plus,0,0,0,0,0,0,0,0,0
2026-03-07,checkout/pack-permis-complet-et-reussite-code-plus,0,0,0,0,0,0,0,0,0
2026-03-07,checkout/pack-permis-casa-nord-france,0,0,0,0,0,0,0,0,0
2026-03-07,checkout/pack-permis-complet-boite-automatique-et-reussite-code-plus,0,0,0,0,0,0,0,0,0
2026-03-07,checkout/rendez-vous-pedagogiques,0,0,0,0,0,0,0,0,0
2026-03-07,checkout/pack-permis-complet-boite-automatique-sans-code-et-reussite-conduite-plus-lead,0,0,0,0,0,0,0,0,0
2026-03-07,checkout/pack-permis-boite-automatique-casa-nord-france,0,0,0,0,0,0,0,0,0
2026-03-07,emailcrm&utm_medium=email&utm_source=crm&utm_campaign=3b74f603-2f61-4df1-9869-4dff5e11d8e9,0,0,0,0,0,0,0,0,0
2026-03-07,permis_widget,0,0,0,0,0,0,0,0,0
2026-03-08,shop,0,0,0,0,0,0,0,0,0
2026-03-08,unknown,0,0,0,0,0,0,0,0,0
2026-03-08,product/pack-permis-complet,0,0,0,0,0,0,0,0,0
2026-03-08,product/pack-permis-complet-sans-code,0,0,0,0,0,0,0,0,0
2026-03-08,product/pack-permis-complet-sans-code-lead,0,0,0,0,0,0,0,0,0
2026-03-08,product/pack-permis-complet-revolut,0,0,0,0,0,0,0,0,0
2026-03-08,product/pack-permis-complet-boite-automatique,0,0,0,0,0,0,0,0,0
2026-03-08,emailcrm,0,0,0,0,0,0,0,0,0
2026-03-08,product/pack-permis-complet-boite-automatique-sans-code,0,0,0,0,0,0,0,0,0
2026-03-08,product/pack-permis-complet-boite-automatique-sans-code-lead,0,0,0,0,0,0,0,0,0
2026-03-08,product/pack-5h,0,0,0,0,0,0,0,0,0
2026-03-08,product/pack-10h,0,0,0,0,0,0,0,0,0
2026-03-08,product/conduite-accompagnee-first,0,0,0,0,0,0,0,0,0
2026-03-08,product/pack-20h,0,0,0,0,0,0,0,0,0
2026-03-08,product/pack-permis-complet-boite-automatique-revolut,0,0,0,0,0,0,0,0,0
2026-03-08,emailcrmheader,0,0,0,0,0,0,0,0,0
2026-03-08,product/pack-5h-boite-automatique,0,0,0,0,0,0,0,0,0
2026-03-08,product/pack-10h-boite-automatique,0,0,0,0,0,0,0,0,0
2026-03-08,checkout/pack-permis-complet,0,0,0,0,0,0,0,0,0
2026-03-08,product/conduite-accompagnee-boite-automatique-first,0,0,0,0,0,0,0,0,0
2026-03-08,checkout/pack-permis-complet-sans-code,0,0,0,0,0,0,0,0,0
2026-03-08,infocards,0,0,0,0,0,0,0,0,0
2026-03-08,checkout/pack-permis-complet-sans-code-lead,0,0,0,0,0,0,0,0,0
2026-03-08,checkout/pack-permis-complet-boite-automatique,0,0,0,0,0,0,0,0,0
2026-03-08,checkout/pack-permis-complet-revolut,0,0,0,0,0,0,0,0,0
2026-03-08,checkout/pack-permis-complet-boite-automatique-sans-code-lead,0,0,0,0,0,0,0,0,0
2026-03-08,checkout/pack-5h,0,0,0,0,0,0,0,0,0
2026-03-08,checkout/conduite-accompagnee-first,0,0,0,0,0,0,0,0,0
2026-03-08,checkout/pack-permis-complet-boite-automatique-sans-code,0,0,0,0,0,0,0,0,0
2026-03-08,checkout/pack-5h-boite-automatique,0,0,0,0,0,0,0,0,0
2026-03-08,product/rendez-vous-pedagogiques,0,0,0,0,0,0,0,0,0
2026-03-08,checkout/pack-10h,0,0,0,0,0,0,0,0,0
2026-03-08,checkout/pack-permis-complet-boite-automatique-revolut,0,0,0,0,0,0,0,0,0
2026-03-08,chatbot_support,0,0,0,0,0,0,0,0,0
2026-03-08,product/pack-permis-casa-nord-france,0,0,0,0,0,0,0,0,0
2026-03-08,home_widget,0,0,0,0,0,0,0,0,0
2026-03-08,checkout/pack-10h-boite-automatique,0,0,0,0,0,0,0,0,0
2026-03-08,checkout/pack-20h,0,0,0,0,0,0,0,0,0
2026-03-08,checkout/conduite-accompagnee-boite-automatique-first,0,0,0,0,0,0,0,0,0
2026-03-08,product/pack-permis-boite-automatique-casa-nord-france,0,0,0,0,0,0,0,0,0
2026-03-08,product/rendez-vous-pedagogiques-automatique,0,0,0,0,0,0,0,0,0
2026-03-08,checkout/pack-permis-complet-boite-automatique-sans-code-et-reussite-conduite-plus,0,0,0,0,0,0,0,0,0
2026-03-08,checkout/pack-permis-complet-et-reussite-code-plus,0,0,0,0,0,0,0,0,0
2026-03-08,checkout/pack-permis-casa-nord-france,0,0,0,0,0,0,0,0,0
2026-03-08,checkout/pack-permis-complet-boite-automatique-et-reussite-code-plus,0,0,0,0,0,0,0,0,0
2026-03-08,checkout/rendez-vous-pedagogiques,0,0,0,0,0,0,0,0,0
2026-03-08,checkout/pack-permis-complet-boite-automatique-sans-code-et-reussite-conduite-plus-lead,0,0,0,0,0,0,0,0,0
2026-03-08,checkout/pack-permis-boite-automatique-casa-nord-france,0,0,0,0,0,0,0,0,0
2026-03-08,emailcrm&utm_medium=email&utm_source=crm&utm_campaign=3b74f603-2f61-4df1-9869-4dff5e11d8e9,0,0,0,0,0,0,0,0,0
2026-03-08,permis_widget,0,0,0,0,0,0,0,0,0
2026-03-09,shop,225,187,171,141,39,91.4,82.5,20.9,27.7
2026-03-09,unknown,70,70,60,30,9,85.7,50.0,12.9,30.0
2026-03-09,product/pack-permis-complet,50,46,38,32,8,82.6,84.2,17.4,25.0
2026-03-09,product/pack-permis-complet-sans-code,56,47,37,26,8,78.7,70.3,17.0,30.8
2026-03-09,product/pack-permis-complet-sans-code-lead,62,50,48,37,18,96.0,77.1,36.0,48.6
2026-03-09,product/pack-permis-complet-revolut,28,26,20,15,5,76.9,75.0,19.2,33.3
2026-03-09,product/pack-permis-complet-boite-automatique,21,19,17,14,4,89.5,82.4,21.1,28.6
2026-03-09,emailcrm,17,17,15,14,2,88.2,93.3,11.8,14.3
2026-03-09,product/pack-permis-complet-boite-automatique-sans-code,24,19,19,13,8,100.0,68.4,42.1,61.5
2026-03-09,product/pack-permis-complet-boite-automatique-sans-code-lead,16,16,15,11,6,93.8,73.3,37.5,54.5
2026-03-09,product/pack-5h,17,12,10,9,2,83.3,90.0,16.7,22.2
2026-03-09,product/pack-10h,12,11,9,4,1,81.8,44.4,9.1,25.0
2026-03-09,product/conduite-accompagnee-first,0,0,0,0,0,0,0,0,0
2026-03-09,product/pack-20h,20,11,11,11,0,100.0,100.0,0.0,0.0
2026-03-09,product/pack-permis-complet-boite-automatique-revolut,4,4,4,3,0,100.0,75.0,0.0,0.0
2026-03-09,emailcrmheader,0,0,0,0,0,0,0,0,0
2026-03-09,product/pack-5h-boite-automatique,11,10,7,7,3,70.0,100.0,30.0,42.9
2026-03-09,product/pack-10h-boite-automatique,3,3,3,3,1,100.0,100.0,33.3,33.3
2026-03-09,checkout/pack-permis-complet,3,3,3,1,1,100.0,33.3,33.3,100.0
2026-03-09,product/conduite-accompagnee-boite-automatique-first,0,0,0,0,0,0,0,0,0
2026-03-09,checkout/pack-permis-complet-sans-code,2,2,2,2,1,100.0,100.0,50.0,50.0
2026-03-09,infocards,48,43,37,27,11,86.0,73.0,25.6,40.7
2026-03-09,checkout/pack-permis-complet-sans-code-lead,1,1,1,1,0,100.0,100.0,0.0,0.0
2026-03-09,checkout/pack-permis-complet-boite-automatique,2,2,2,2,0,100.0,100.0,0.0,0.0
2026-03-09,checkout/pack-permis-complet-revolut,2,2,1,1,0,50.0,100.0,0.0,0.0
2026-03-09,checkout/pack-permis-complet-boite-automatique-sans-code-lead,2,2,2,1,0,100.0,50.0,0.0,0.0
2026-03-09,checkout/pack-5h,1,1,1,0,0,100.0,0.0,0.0,0
2026-03-09,checkout/conduite-accompagnee-first,0,0,0,0,0,0,0,0,0
2026-03-09,checkout/pack-permis-complet-boite-automatique-sans-code,1,1,1,1,0,100.0,100.0,0.0,0.0
2026-03-09,checkout/pack-5h-boite-automatique,1,1,1,1,1,100.0,100.0,100.0,100.0
2026-03-09,product/rendez-vous-pedagogiques,1,1,1,1,0,100.0,100.0,0.0,0.0
2026-03-09,checkout/pack-10h,2,2,2,2,0,100.0,100.0,0.0,0.0
2026-03-09,checkout/pack-permis-complet-boite-automatique-revolut,1,1,1,0,0,100.0,0.0,0.0,0
2026-03-09,chatbot_support,0,0,0,0,0,0,0,0,0
2026-03-09,product/pack-permis-casa-nord-france,0,0,0,0,0,0,0,0,0
2026-03-09,home_widget,0,0,0,0,0,0,0,0,0
2026-03-09,checkout/pack-10h-boite-automatique,1,1,1,0,0,100.0,0.0,0.0,0
2026-03-09,checkout/pack-20h,0,0,0,0,0,0,0,0,0
2026-03-09,checkout/conduite-accompagnee-boite-automatique-first,0,0,0,0,0,0,0,0,0
2026-03-09,product/pack-permis-boite-automatique-casa-nord-france,0,0,0,0,0,0,0,0,0
2026-03-09,product/rendez-vous-pedagogiques-automatique,0,0,0,0,0,0,0,0,0
2026-03-09,checkout/pack-permis-complet-boite-automatique-sans-code-et-reussite-conduite-plus,0,0,0,0,0,0,0,0,0
2026-03-09,checkout/pack-permis-complet-et-reussite-code-plus,0,0,0,0,0,0,0,0,0
2026-03-09,checkout/pack-permis-casa-nord-france,0,0,0,0,0,0,0,0,0
2026-03-09,checkout/pack-permis-complet-boite-automatique-et-reussite-code-plus,0,0,0,0,0,0,0,0,0
2026-03-09,checkout/rendez-vous-pedagogiques,0,0,0,0,0,0,0,0,0
2026-03-09,checkout/pack-permis-complet-boite-automatique-sans-code-et-reussite-conduite-plus-lead,0,0,0,0,0,0,0,0,0
2026-03-09,checkout/pack-permis-boite-automatique-casa-nord-france,0,0,0,0,0,0,0,0,0
2026-03-09,emailcrm&utm_medium=email&utm_source=crm&utm_campaign=3b74f603-2f61-4df1-9869-4dff5e11d8e9,0,0,0,0,0,0,0,0,0
2026-03-09,permis_widget,0,0,0,0,0,0,0,0,0
2026-03-10,shop,175,142,131,113,34,92.3,86.3,23.9,30.1
2026-03-10,unknown,68,58,53,28,7,91.4,52.8,12.1,25.0
2026-03-10,product/pack-permis-complet,51,44,42,34,9,95.5,81.0,20.5,26.5
2026-03-10,product/pack-permis-complet-sans-code,30,26,20,16,9,76.9,80.0,34.6,56.2
2026-03-10,product/pack-permis-complet-sans-code-lead,31,26,23,18,9,88.5,78.3,34.6,50.0
2026-03-10,product/pack-permis-complet-revolut,19,15,12,9,0,80.0,75.0,0.0,0.0
2026-03-10,product/pack-permis-complet-boite-automatique,11,9,8,6,1,88.9,75.0,11.1,16.7
2026-03-10,emailcrm,11,10,9,6,2,90.0,66.7,20.0,33.3
2026-03-10,product/pack-permis-complet-boite-automatique-sans-code,10,9,9,9,4,100.0,100.0,44.4,44.4
2026-03-10,product/pack-permis-complet-boite-automatique-sans-code-lead,17,16,15,14,7,93.8,93.3,43.8,50.0
2026-03-10,product/pack-5h,6,6,4,4,2,66.7,100.0,33.3,50.0
2026-03-10,product/pack-10h,12,10,9,8,2,90.0,88.9,20.0,25.0
2026-03-10,product/conduite-accompagnee-first,0,0,0,0,0,0,0,0,0
2026-03-10,product/pack-20h,12,7,6,6,0,85.7,100.0,0.0,0.0
2026-03-10,product/pack-permis-complet-boite-automatique-revolut,11,9,7,4,4,77.8,57.1,44.4,100.0
2026-03-10,emailcrmheader,0,0,0,0,0,0,0,0,0
2026-03-10,product/pack-5h-boite-automatique,3,3,3,3,2,100.0,100.0,66.7,66.7
2026-03-10,product/pack-10h-boite-automatique,2,2,2,2,1,100.0,100.0,50.0,50.0
2026-03-10,checkout/pack-permis-complet,2,2,1,1,0,50.0,100.0,0.0,0.0
2026-03-10,product/conduite-accompagnee-boite-automatique-first,0,0,0,0,0,0,0,0,0
2026-03-10,checkout/pack-permis-complet-sans-code,0,0,0,0,0,0,0,0,0
2026-03-10,infocards,33,28,26,20,8,92.9,76.9,28.6,40.0
2026-03-10,checkout/pack-permis-complet-sans-code-lead,1,1,1,1,1,100.0,100.0,100.0,100.0
2026-03-10,checkout/pack-permis-complet-boite-automatique,0,0,0,0,0,0,0,0,0
2026-03-10,checkout/pack-permis-complet-revolut,1,1,1,1,0,100.0,100.0,0.0,0.0
2026-03-10,checkout/pack-permis-complet-boite-automatique-sans-code-lead,0,0,0,0,0,0,0,0,0
2026-03-10,checkout/pack-5h,0,0,0,0,0,0,0,0,0
2026-03-10,checkout/conduite-accompagnee-first,0,0,0,0,0,0,0,0,0
2026-03-10,checkout/pack-permis-complet-boite-automatique-sans-code,1,1,1,1,1,100.0,100.0,100.0,100.0
2026-03-10,checkout/pack-5h-boite-automatique,0,0,0,0,0,0,0,0,0
2026-03-10,product/rendez-vous-pedagogiques,3,1,1,1,0,100.0,100.0,0.0,0.0
2026-03-10,checkout/pack-10h,0,0,0,0,0,0,0,0,0
2026-03-10,checkout/pack-permis-complet-boite-automatique-revolut,1,1,1,1,1,100.0,100.0,100.0,100.0
2026-03-10,chatbot_support,0,0,0,0,0,0,0,0,0
2026-03-10,product/pack-permis-casa-nord-france,0,0,0,0,0,0,0,0,0
2026-03-10,home_widget,0,0,0,0,0,0,0,0,0
2026-03-10,checkout/pack-10h-boite-automatique,0,0,0,0,0,0,0,0,0
2026-03-10,checkout/pack-20h,1,1,1,0,0,100.0,0.0,0.0,0
2026-03-10,checkout/conduite-accompagnee-boite-automatique-first,0,0,0,0,0,0,0,0,0
2026-03-10,product/pack-permis-boite-automatique-casa-nord-france,0,0,0,0,0,0,0,0,0
2026-03-10,product/rendez-vous-pedagogiques-automatique,0,0,0,0,0,0,0,0,0
2026-03-10,checkout/pack-permis-complet-boite-automatique-sans-code-et-reussite-conduite-plus,0,0,0,0,0,0,0,0,0
2026-03-10,checkout/pack-permis-complet-et-reussite-code-plus,0,0,0,0,0,0,0,0,0
2026-03-10,checkout/pack-permis-casa-nord-france,0,0,0,0,0,0,0,0,0
2026-03-10,checkout/pack-permis-complet-boite-automatique-et-reussite-code-plus,0,0,0,0,0,0,0,0,0
2026-03-10,checkout/rendez-vous-pedagogiques,0,0,0,0,0,0,0,0,0
2026-03-10,checkout/pack-permis-complet-boite-automatique-sans-code-et-reussite-conduite-plus-lead,0,0,0,0,0,0,0,0,0
2026-03-10,checkout/pack-permis-boite-automatique-casa-nord-france,0,0,0,0,0,0,0,0,0
2026-03-10,emailcrm&utm_medium=email&utm_source=crm&utm_campaign=3b74f603-2f61-4df1-9869-4dff5e11d8e9,0,0,0,0,0,0,0,0,0
2026-03-10,permis_widget,0,0,0,0,0,0,0,0,0
2026-03-11,shop,179,144,131,107,38,91.0,81.7,26.4,35.5
2026-03-11,unknown,63,57,48,33,12,84.2,68.8,21.1,36.4
2026-03-11,product/pack-permis-complet,48,38,36,30,15,94.7,83.3,39.5,50.0
2026-03-11,product/pack-permis-complet-sans-code,34,30,27,23,14,90.0,85.2,46.7,60.9
2026-03-11,product/pack-permis-complet-sans-code-lead,33,28,26,19,9,92.9,73.1,32.1,47.4
2026-03-11,product/pack-permis-complet-revolut,12,11,11,5,2,100.0,45.5,18.2,40.0
2026-03-11,product/pack-permis-complet-boite-automatique,25,20,20,18,7,100.0,90.0,35.0,38.9
2026-03-11,emailcrm,18,15,11,10,1,73.3,90.9,6.7,10.0
2026-03-11,product/pack-permis-complet-boite-automatique-sans-code,9,8,6,4,2,75.0,66.7,25.0,50.0
2026-03-11,product/pack-permis-complet-boite-automatique-sans-code-lead,18,11,10,8,4,90.9,80.0,36.4,50.0
2026-03-11,product/pack-5h,11,11,11,9,4,100.0,81.8,36.4,44.4
2026-03-11,product/pack-10h,14,9,9,6,2,100.0,66.7,22.2,33.3
2026-03-11,product/conduite-accompagnee-first,1,1,1,0,0,100.0,0.0,0.0,0
2026-03-11,product/pack-20h,19,15,15,14,0,100.0,93.3,0.0,0.0
2026-03-11,product/pack-permis-complet-boite-automatique-revolut,8,5,5,5,3,100.0,100.0,60.0,60.0
2026-03-11,emailcrmheader,0,0,0,0,0,0,0,0,0
2026-03-11,product/pack-5h-boite-automatique,6,6,5,4,2,83.3,80.0,33.3,50.0
2026-03-11,product/pack-10h-boite-automatique,3,3,3,3,2,100.0,100.0,66.7,66.7
2026-03-11,checkout/pack-permis-complet,4,4,3,1,0,75.0,33.3,0.0,0.0
2026-03-11,product/conduite-accompagnee-boite-automatique-first,0,0,0,0,0,0,0,0,0
2026-03-11,checkout/pack-permis-complet-sans-code,2,2,2,2,0,100.0,100.0,0.0,0.0
2026-03-11,infocards,33,32,29,23,10,90.6,79.3,31.2,43.5
2026-03-11,checkout/pack-permis-complet-sans-code-lead,0,0,0,0,0,0,0,0,0
2026-03-11,checkout/pack-permis-complet-boite-automatique,4,4,4,4,1,100.0,100.0,25.0,25.0
2026-03-11,checkout/pack-permis-complet-revolut,2,2,2,2,1,100.0,100.0,50.0,50.0
2026-03-11,checkout/pack-permis-complet-boite-automatique-sans-code-lead,1,1,1,1,1,100.0,100.0,100.0,100.0
2026-03-11,checkout/pack-5h,0,0,0,0,0,0,0,0,0
2026-03-11,checkout/conduite-accompagnee-first,0,0,0,0,0,0,0,0,0
2026-03-11,checkout/pack-permis-complet-boite-automatique-sans-code,0,0,0,0,0,0,0,0,0
2026-03-11,checkout/pack-5h-boite-automatique,1,1,1,0,0,100.0,0.0,0.0,0
2026-03-11,product/rendez-vous-pedagogiques,2,2,2,1,0,100.0,50.0,0.0,0.0
2026-03-11,checkout/pack-10h,0,0,0,0,0,0,0,0,0
2026-03-11,checkout/pack-permis-complet-boite-automatique-revolut,1,1,1,1,0,100.0,100.0,0.0,0.0
2026-03-11,chatbot_support,0,0,0,0,0,0,0,0,0
2026-03-11,product/pack-permis-casa-nord-france,0,0,0,0,0,0,0,0,0
2026-03-11,home_widget,0,0,0,0,0,0,0,0,0
2026-03-11,checkout/pack-10h-boite-automatique,0,0,0,0,0,0,0,0,0
2026-03-11,checkout/pack-20h,0,0,0,0,0,0,0,0,0
2026-03-11,checkout/conduite-accompagnee-boite-automatique-first,0,0,0,0,0,0,0,0,0
2026-03-11,product/pack-permis-boite-automatique-casa-nord-france,0,0,0,0,0,0,0,0,0
2026-03-11,product/rendez-vous-pedagogiques-automatique,0,0,0,0,0,0,0,0,0
2026-03-11,checkout/pack-permis-complet-boite-automatique-sans-code-et-reussite-conduite-plus,0,0,0,0,0,0,0,0,0
2026-03-11,checkout/pack-permis-complet-et-reussite-code-plus,0,0,0,0,0,0,0,0,0
2026-03-11,checkout/pack-permis-casa-nord-france,0,0,0,0,0,0,0,0,0
2026-03-11,checkout/pack-permis-complet-boite-automatique-et-reussite-code-plus,0,0,0,0,0,0,0,0,0
2026-03-11,checkout/rendez-vous-pedagogiques,0,0,0,0,0,0,0,0,0
2026-03-11,checkout/pack-permis-complet-boite-automatique-sans-code-et-reussite-conduite-plus-lead,0,0,0,0,0,0,0,0,0
2026-03-11,checkout/pack-permis-boite-automatique-casa-nord-france,0,0,0,0,0,0,0,0,0
2026-03-11,emailcrm&utm_medium=email&utm_source=crm&utm_campaign=3b74f603-2f61-4df1-9869-4dff5e11d8e9,0,0,0,0,0,0,0,0,0
2026-03-11,permis_widget,0,0,0,0,0,0,0,0,0
2026-03-12,shop,176,138,117,100,24,84.8,85.5,17.4,24.0
2026-03-12,unknown,17,15,10,6,1,66.7,60.0,6.7,16.7
2026-03-12,product/pack-permis-complet,33,25,17,13,1,68.0,76.5,4.0,7.7
2026-03-12,product/pack-permis-complet-sans-code,23,19,17,15,5,89.5,88.2,26.3,33.3
2026-03-12,product/pack-permis-complet-sans-code-lead,31,25,20,18,10,80.0,90.0,40.0,55.6
2026-03-12,product/pack-permis-complet-revolut,17,13,11,7,3,84.6,63.6,23.1,42.9
2026-03-12,product/pack-permis-complet-boite-automatique,16,13,13,8,3,100.0,61.5,23.1,37.5
2026-03-12,emailcrm,13,9,7,6,0,77.8,85.7,0.0,0.0
2026-03-12,product/pack-permis-complet-boite-automatique-sans-code,16,14,13,11,9,92.9,84.6,64.3,81.8
2026-03-12,product/pack-permis-complet-boite-automatique-sans-code-lead,8,8,7,4,1,87.5,57.1,12.5,25.0
2026-03-12,product/pack-5h,14,14,11,10,4,78.6,90.9,28.6,40.0
2026-03-12,product/pack-10h,9,9,8,5,0,88.9,62.5,0.0,0.0
2026-03-12,product/conduite-accompagnee-first,1,1,1,1,0,100.0,100.0,0.0,0.0
2026-03-12,product/pack-20h,12,9,9,6,0,100.0,66.7,0.0,0.0
2026-03-12,product/pack-permis-complet-boite-automatique-revolut,7,6,4,3,1,66.7,75.0,16.7,33.3
2026-03-12,emailcrmheader,0,0,0,0,0,0,0,0,0
2026-03-12,product/pack-5h-boite-automatique,6,4,3,3,0,75.0,100.0,0.0,0.0
2026-03-12,product/pack-10h-boite-automatique,4,4,3,2,1,75.0,66.7,25.0,50.0
2026-03-12,checkout/pack-permis-complet,1,1,0,0,0,0.0,0,0.0,0
2026-03-12,product/conduite-accompagnee-boite-automatique-first,1,1,1,1,0,100.0,100.0,0.0,0.0
2026-03-12,checkout/pack-permis-complet-sans-code,4,4,1,1,0,25.0,100.0,0.0,0.0
2026-03-12,infocards,6,6,3,1,0,50.0,33.3,0.0,0.0
2026-03-12,checkout/pack-permis-complet-sans-code-lead,0,0,0,0,0,0,0,0,0
2026-03-12,checkout/pack-permis-complet-boite-automatique,0,0,0,0,0,0,0,0,0
2026-03-12,checkout/pack-permis-complet-revolut,1,1,0,0,0,0.0,0,0.0,0
2026-03-12,checkout/pack-permis-complet-boite-automatique-sans-code-lead,0,0,0,0,0,0,0,0,0
2026-03-12,checkout/pack-5h,3,3,2,1,0,66.7,50.0,0.0,0.0
2026-03-12,checkout/conduite-accompagnee-first,0,0,0,0,0,0,0,0,0
2026-03-12,checkout/pack-permis-complet-boite-automatique-sans-code,2,2,2,2,2,100.0,100.0,100.0,100.0
2026-03-12,checkout/pack-5h-boite-automatique,2,2,2,1,0,100.0,50.0,0.0,0.0
2026-03-12,product/rendez-vous-pedagogiques,0,0,0,0,0,0,0,0,0
2026-03-12,checkout/pack-10h,0,0,0,0,0,0,0,0,0
2026-03-12,checkout/pack-permis-complet-boite-automatique-revolut,0,0,0,0,0,0,0,0,0
2026-03-12,chatbot_support,0,0,0,0,0,0,0,0,0
2026-03-12,product/pack-permis-casa-nord-france,0,0,0,0,0,0,0,0,0
2026-03-12,home_widget,0,0,0,0,0,0,0,0,0
2026-03-12,checkout/pack-10h-boite-automatique,0,0,0,0,0,0,0,0,0
2026-03-12,checkout/pack-20h,0,0,0,0,0,0,0,0,0
2026-03-12,checkout/conduite-accompagnee-boite-automatique-first,0,0,0,0,0,0,0,0,0
2026-03-12,product/pack-permis-boite-automatique-casa-nord-france,0,0,0,0,0,0,0,0,0
2026-03-12,product/rendez-vous-pedagogiques-automatique,0,0,0,0,0,0,0,0,0
2026-03-12,checkout/pack-permis-complet-boite-automatique-sans-code-et-reussite-conduite-plus,0,0,0,0,0,0,0,0,0
2026-03-12,checkout/pack-permis-complet-et-reussite-code-plus,0,0,0,0,0,0,0,0,0
2026-03-12,checkout/pack-permis-casa-nord-france,0,0,0,0,0,0,0,0,0
2026-03-12,checkout/pack-permis-complet-boite-automatique-et-reussite-code-plus,0,0,0,0,0,0,0,0,0
2026-03-12,checkout/rendez-vous-pedagogiques,0,0,0,0,0,0,0,0,0
2026-03-12,checkout/pack-permis-complet-boite-automatique-sans-code-et-reussite-conduite-plus-lead,0,0,0,0,0,0,0,0,0
2026-03-12,checkout/pack-permis-boite-automatique-casa-nord-france,0,0,0,0,0,0,0,0,0
2026-03-12,emailcrm&utm_medium=email&utm_source=crm&utm_campaign=3b74f603-2f61-4df1-9869-4dff5e11d8e9,0,0,0,0,0,0,0,0,0
2026-03-12,permis_widget,0,0,0,0,0,0,0,0,0
2026-03-13,shop,141,113,113,98,31,100.0,86.7,27.4,31.6
2026-03-13,unknown,13,11,11,9,3,100.0,81.8,27.3,33.3
2026-03-13,product/pack-permis-complet,18,17,17,14,4,100.0,82.4,23.5,28.6
2026-03-13,product/pack-permis-complet-sans-code,14,14,14,7,3,100.0,50.0,21.4,42.9
2026-03-13,product/pack-permis-complet-sans-code-lead,27,26,25,21,8,96.2,84.0,30.8,38.1
2026-03-13,product/pack-permis-complet-revolut,24,21,19,15,5,90.5,78.9,23.8,33.3
2026-03-13,product/pack-permis-complet-boite-automatique,7,7,6,5,2,85.7,83.3,28.6,40.0
2026-03-13,emailcrm,3,3,3,3,1,100.0,100.0,33.3,33.3
2026-03-13,product/pack-permis-complet-boite-automatique-sans-code,9,9,9,8,2,100.0,88.9,22.2,25.0
2026-03-13,product/pack-permis-complet-boite-automatique-sans-code-lead,7,7,7,6,4,100.0,85.7,57.1,66.7
2026-03-13,product/pack-5h,11,11,11,8,2,100.0,72.7,18.2,25.0
2026-03-13,product/pack-10h,3,3,3,3,1,100.0,100.0,33.3,33.3
2026-03-13,product/conduite-accompagnee-first,0,0,0,0,0,0,0,0,0
2026-03-13,product/pack-20h,6,5,5,4,0,100.0,80.0,0.0,0.0
2026-03-13,product/pack-permis-complet-boite-automatique-revolut,14,8,8,7,2,100.0,87.5,25.0,28.6
2026-03-13,emailcrmheader,0,0,0,0,0,0,0,0,0
2026-03-13,product/pack-5h-boite-automatique,4,4,4,4,0,100.0,100.0,0.0,0.0
2026-03-13,product/pack-10h-boite-automatique,3,1,1,1,0,100.0,100.0,0.0,0.0
2026-03-13,checkout/pack-permis-complet,3,2,2,1,1,100.0,50.0,50.0,100.0
2026-03-13,product/conduite-accompagnee-boite-automatique-first,0,0,0,0,0,0,0,0,0
2026-03-13,checkout/pack-permis-complet-sans-code,1,1,1,1,1,100.0,100.0,100.0,100.0
2026-03-13,infocards,0,0,0,0,0,0,0,0,0
2026-03-13,checkout/pack-permis-complet-sans-code-lead,3,3,3,3,1,100.0,100.0,33.3,33.3
2026-03-13,checkout/pack-permis-complet-boite-automatique,0,0,0,0,0,0,0,0,0
2026-03-13,checkout/pack-permis-complet-revolut,1,1,1,1,0,100.0,100.0,0.0,0.0
2026-03-13,checkout/pack-permis-complet-boite-automatique-sans-code-lead,2,2,2,2,1,100.0,100.0,50.0,50.0
2026-03-13,checkout/pack-5h,0,0,0,0,0,0,0,0,0
2026-03-13,checkout/conduite-accompagnee-first,0,0,0,0,0,0,0,0,0
2026-03-13,checkout/pack-permis-complet-boite-automatique-sans-code,1,1,1,1,1,100.0,100.0,100.0,100.0
2026-03-13,checkout/pack-5h-boite-automatique,0,0,0,0,0,0,0,0,0
2026-03-13,product/rendez-vous-pedagogiques,3,2,2,1,0,100.0,50.0,0.0,0.0
2026-03-13,checkout/pack-10h,0,0,0,0,0,0,0,0,0
2026-03-13,checkout/pack-permis-complet-boite-automatique-revolut,2,2,2,1,0,100.0,50.0,0.0,0.0
2026-03-13,chatbot_support,0,0,0,0,0,0,0,0,0
2026-03-13,product/pack-permis-casa-nord-france,0,0,0,0,0,0,0,0,0
2026-03-13,home_widget,0,0,0,0,0,0,0,0,0
2026-03-13,checkout/pack-10h-boite-automatique,0,0,0,0,0,0,0,0,0
2026-03-13,checkout/pack-20h,0,0,0,0,0,0,0,0,0
2026-03-13,checkout/conduite-accompagnee-boite-automatique-first,0,0,0,0,0,0,0,0,0
2026-03-13,product/pack-permis-boite-automatique-casa-nord-france,0,0,0,0,0,0,0,0,0
2026-03-13,product/rendez-vous-pedagogiques-automatique,0,0,0,0,0,0,0,0,0
2026-03-13,checkout/pack-permis-complet-boite-automatique-sans-code-et-reussite-conduite-plus,0,0,0,0,0,0,0,0,0
2026-03-13,checkout/pack-permis-complet-et-reussite-code-plus,0,0,0,0,0,0,0,0,0
2026-03-13,checkout/pack-permis-casa-nord-france,0,0,0,0,0,0,0,0,0
2026-03-13,checkout/pack-permis-complet-boite-automatique-et-reussite-code-plus,0,0,0,0,0,0,0,0,0
2026-03-13,checkout/rendez-vous-pedagogiques,0,0,0,0,0,0,0,0,0
2026-03-13,checkout/pack-permis-complet-boite-automatique-sans-code-et-reussite-conduite-plus-lead,0,0,0,0,0,0,0,0,0
2026-03-13,checkout/pack-permis-boite-automatique-casa-nord-france,0,0,0,0,0,0,0,0,0
2026-03-13,emailcrm&utm_medium=email&utm_source=crm&utm_campaign=3b74f603-2f61-4df1-9869-4dff5e11d8e9,0,0,0,0,0,0,0,0,0
2026-03-13,permis_widget,0,0,0,0,0,0,0,0,0
2026-03-14,shop,79,67,66,54,18,98.5,81.8,26.9,33.3
2026-03-14,unknown,5,5,5,5,2,100.0,100.0,40.0,40.0
2026-03-14,product/pack-permis-complet,15,15,15,10,2,100.0,66.7,13.3,20.0
2026-03-14,product/pack-permis-complet-sans-code,16,14,14,11,4,100.0,78.6,28.6,36.4
2026-03-14,product/pack-permis-complet-sans-code-lead,18,15,15,12,2,100.0,80.0,13.3,16.7
2026-03-14,product/pack-permis-complet-revolut,13,9,8,4,2,88.9,50.0,22.2,50.0
2026-03-14,product/pack-permis-complet-boite-automatique,12,7,7,7,2,100.0,100.0,28.6,28.6
2026-03-14,emailcrm,9,9,9,6,0,100.0,66.7,0.0,0.0
2026-03-14,product/pack-permis-complet-boite-automatique-sans-code,12,10,10,9,3,100.0,90.0,30.0,33.3
2026-03-14,product/pack-permis-complet-boite-automatique-sans-code-lead,3,3,3,2,1,100.0,66.7,33.3,50.0
2026-03-14,product/pack-5h,2,2,2,2,0,100.0,100.0,0.0,0.0
2026-03-14,product/pack-10h,7,6,6,5,1,100.0,83.3,16.7,20.0
2026-03-14,product/conduite-accompagnee-first,0,0,0,0,0,0,0,0,0
2026-03-14,product/pack-20h,8,7,7,7,0,100.0,100.0,0.0,0.0
2026-03-14,product/pack-permis-complet-boite-automatique-revolut,4,4,4,4,3,100.0,100.0,75.0,75.0
2026-03-14,emailcrmheader,0,0,0,0,0,0,0,0,0
2026-03-14,product/pack-5h-boite-automatique,2,2,1,0,0,50.0,0.0,0.0,0
2026-03-14,product/pack-10h-boite-automatique,1,1,1,1,0,100.0,100.0,0.0,0.0
2026-03-14,checkout/pack-permis-complet,0,0,0,0,0,0,0,0,0
2026-03-14,product/conduite-accompagnee-boite-automatique-first,0,0,0,0,0,0,0,0,0
2026-03-14,checkout/pack-permis-complet-sans-code,0,0,0,0,0,0,0,0,0
2026-03-14,infocards,0,0,0,0,0,0,0,0,0
2026-03-14,checkout/pack-permis-complet-sans-code-lead,1,1,1,1,1,100.0,100.0,100.0,100.0
2026-03-14,checkout/pack-permis-complet-boite-automatique,1,1,1,1,0,100.0,100.0,0.0,0.0
2026-03-14,checkout/pack-permis-complet-revolut,1,1,1,1,1,100.0,100.0,100.0,100.0
2026-03-14,checkout/pack-permis-complet-boite-automatique-sans-code-lead,1,1,1,1,1,100.0,100.0,100.0,100.0
2026-03-14,checkout/pack-5h,2,2,2,1,0,100.0,50.0,0.0,0.0
2026-03-14,checkout/conduite-accompagnee-first,0,0,0,0,0,0,0,0,0
2026-03-14,checkout/pack-permis-complet-boite-automatique-sans-code,1,1,1,1,1,100.0,100.0,100.0,100.0
2026-03-14,checkout/pack-5h-boite-automatique,0,0,0,0,0,0,0,0,0
2026-03-14,product/rendez-vous-pedagogiques,3,2,2,2,0,100.0,100.0,0.0,0.0
2026-03-14,checkout/pack-10h,0,0,0,0,0,0,0,0,0
2026-03-14,checkout/pack-permis-complet-boite-automatique-revolut,1,1,1,1,0,100.0,100.0,0.0,0.0
2026-03-14,chatbot_support,0,0,0,0,0,0,0,0,0
2026-03-14,product/pack-permis-casa-nord-france,0,0,0,0,0,0,0,0,0
2026-03-14,home_widget,0,0,0,0,0,0,0,0,0
2026-03-14,checkout/pack-10h-boite-automatique,0,0,0,0,0,0,0,0,0
2026-03-14,checkout/pack-20h,0,0,0,0,0,0,0,0,0
2026-03-14,checkout/conduite-accompagnee-boite-automatique-first,0,0,0,0,0,0,0,0,0
2026-03-14,product/pack-permis-boite-automatique-casa-nord-france,0,0,0,0,0,0,0,0,0
2026-03-14,product/rendez-vous-pedagogiques-automatique,0,0,0,0,0,0,0,0,0
2026-03-14,checkout/pack-permis-complet-boite-automatique-sans-code-et-reussite-conduite-plus,0,0,0,0,0,0,0,0,0
2026-03-14,checkout/pack-permis-complet-et-reussite-code-plus,0,0,0,0,0,0,0,0,0
2026-03-14,checkout/pack-permis-casa-nord-france,0,0,0,0,0,0,0,0,0
2026-03-14,checkout/pack-permis-complet-boite-automatique-et-reussite-code-plus,0,0,0,0,0,0,0,0,0
2026-03-14,checkout/rendez-vous-pedagogiques,0,0,0,0,0,0,0,0,0
2026-03-14,checkout/pack-permis-complet-boite-automatique-sans-code-et-reussite-conduite-plus-lead,0,0,0,0,0,0,0,0,0
2026-03-14,checkout/pack-permis-boite-automatique-casa-nord-france,0,0,0,0,0,0,0,0,0
2026-03-14,emailcrm&utm_medium=email&utm_source=crm&utm_campaign=3b74f603-2f61-4df1-9869-4dff5e11d8e9,0,0,0,0,0,0,0,0,0
2026-03-14,permis_widget,0,0,0,0,0,0,0,0,0
2026-03-15,shop,0,0,0,0,0,0,0,0,0
2026-03-15,unknown,0,0,0,0,0,0,0,0,0
2026-03-15,product/pack-permis-complet,0,0,0,0,0,0,0,0,0
2026-03-15,product/pack-permis-complet-sans-code,0,0,0,0,0,0,0,0,0
2026-03-15,product/pack-permis-complet-sans-code-lead,0,0,0,0,0,0,0,0,0
2026-03-15,product/pack-permis-complet-revolut,0,0,0,0,0,0,0,0,0
2026-03-15,product/pack-permis-complet-boite-automatique,0,0,0,0,0,0,0,0,0
2026-03-15,emailcrm,0,0,0,0,0,0,0,0,0
2026-03-15,product/pack-permis-complet-boite-automatique-sans-code,0,0,0,0,0,0,0,0,0
2026-03-15,product/pack-permis-complet-boite-automatique-sans-code-lead,0,0,0,0,0,0,0,0,0
2026-03-15,product/pack-5h,0,0,0,0,0,0,0,0,0
2026-03-15,product/pack-10h,0,0,0,0,0,0,0,0,0
2026-03-15,product/conduite-accompagnee-first,0,0,0,0,0,0,0,0,0
2026-03-15,product/pack-20h,0,0,0,0,0,0,0,0,0
2026-03-15,product/pack-permis-complet-boite-automatique-revolut,0,0,0,0,0,0,0,0,0
2026-03-15,emailcrmheader,0,0,0,0,0,0,0,0,0
2026-03-15,product/pack-5h-boite-automatique,0,0,0,0,0,0,0,0,0
2026-03-15,product/pack-10h-boite-automatique,0,0,0,0,0,0,0,0,0
2026-03-15,checkout/pack-permis-complet,0,0,0,0,0,0,0,0,0
2026-03-15,product/conduite-accompagnee-boite-automatique-first,0,0,0,0,0,0,0,0,0
2026-03-15,checkout/pack-permis-complet-sans-code,0,0,0,0,0,0,0,0,0
2026-03-15,infocards,0,0,0,0,0,0,0,0,0
2026-03-15,checkout/pack-permis-complet-sans-code-lead,0,0,0,0,0,0,0,0,0
2026-03-15,checkout/pack-permis-complet-boite-automatique,0,0,0,0,0,0,0,0,0
2026-03-15,checkout/pack-permis-complet-revolut,0,0,0,0,0,0,0,0,0
2026-03-15,checkout/pack-permis-complet-boite-automatique-sans-code-lead,0,0,0,0,0,0,0,0,0
2026-03-15,checkout/pack-5h,0,0,0,0,0,0,0,0,0
2026-03-15,checkout/conduite-accompagnee-first,0,0,0,0,0,0,0,0,0
2026-03-15,checkout/pack-permis-complet-boite-automatique-sans-code,0,0,0,0,0,0,0,0,0
2026-03-15,checkout/pack-5h-boite-automatique,0,0,0,0,0,0,0,0,0
2026-03-15,product/rendez-vous-pedagogiques,0,0,0,0,0,0,0,0,0
2026-03-15,checkout/pack-10h,0,0,0,0,0,0,0,0,0
2026-03-15,checkout/pack-permis-complet-boite-automatique-revolut,0,0,0,0,0,0,0,0,0
2026-03-15,chatbot_support,0,0,0,0,0,0,0,0,0
2026-03-15,product/pack-permis-casa-nord-france,0,0,0,0,0,0,0,0,0
2026-03-15,home_widget,0,0,0,0,0,0,0,0,0
2026-03-15,checkout/pack-10h-boite-automatique,0,0,0,0,0,0,0,0,0
2026-03-15,checkout/pack-20h,0,0,0,0,0,0,0,0,0
2026-03-15,checkout/conduite-accompagnee-boite-automatique-first,0,0,0,0,0,0,0,0,0
2026-03-15,product/pack-permis-boite-automatique-casa-nord-france,0,0,0,0,0,0,0,0,0
2026-03-15,product/rendez-vous-pedagogiques-automatique,0,0,0,0,0,0,0,0,0
2026-03-15,checkout/pack-permis-complet-boite-automatique-sans-code-et-reussite-conduite-plus,0,0,0,0,0,0,0,0,0
2026-03-15,checkout/pack-permis-complet-et-reussite-code-plus,0,0,0,0,0,0,0,0,0
2026-03-15,checkout/pack-permis-casa-nord-france,0,0,0,0,0,0,0,0,0
2026-03-15,checkout/pack-permis-complet-boite-automatique-et-reussite-code-plus,0,0,0,0,0,0,0,0,0
2026-03-15,checkout/rendez-vous-pedagogiques,0,0,0,0,0,0,0,0,0
2026-03-15,checkout/pack-permis-complet-boite-automatique-sans-code-et-reussite-conduite-plus-lead,0,0,0,0,0,0,0,0,0
2026-03-15,checkout/pack-permis-boite-automatique-casa-nord-france,0,0,0,0,0,0,0,0,0
2026-03-15,emailcrm&utm_medium=email&utm_source=crm&utm_campaign=3b74f603-2f61-4df1-9869-4dff5e11d8e9,0,0,0,0,0,0,0,0,0
2026-03-15,permis_widget,0,0,0,0,0,0,0,0,0
2026-03-16,shop,181,133,123,90,32,92.5,73.2,24.1,35.6
2026-03-16,unknown,20,15,14,10,4,93.3,71.4,26.7,40.0
2026-03-16,product/pack-permis-complet,48,36,35,27,7,97.2,77.1,19.4,25.9
2026-03-16,product/pack-permis-complet-sans-code,26,21,21,18,8,100.0,85.7,38.1,44.4
2026-03-16,product/pack-permis-complet-sans-code-lead,22,21,20,18,13,95.2,90.0,61.9,72.2
2026-03-16,product/pack-permis-complet-revolut,30,21,21,17,4,100.0,81.0,19.0,23.5
2026-03-16,product/pack-permis-complet-boite-automatique,10,9,9,7,2,100.0,77.8,22.2,28.6
2026-03-16,emailcrm,11,11,11,8,3,100.0,72.7,27.3,37.5
2026-03-16,product/pack-permis-complet-boite-automatique-sans-code,21,17,16,10,3,94.1,62.5,17.6,30.0
2026-03-16,product/pack-permis-complet-boite-automatique-sans-code-lead,13,11,10,8,4,90.9,80.0,36.4,50.0
2026-03-16,product/pack-5h,19,15,14,11,1,93.3,78.6,6.7,9.1
2026-03-16,product/pack-10h,12,11,11,8,3,100.0,72.7,27.3,37.5
2026-03-16,product/conduite-accompagnee-first,0,0,0,0,0,0,0,0,0
2026-03-16,product/pack-20h,10,10,10,8,0,100.0,80.0,0.0,0.0
2026-03-16,product/pack-permis-complet-boite-automatique-revolut,9,8,8,7,1,100.0,87.5,12.5,14.3
2026-03-16,emailcrmheader,0,0,0,0,0,0,0,0,0
2026-03-16,product/pack-5h-boite-automatique,3,3,2,1,1,66.7,50.0,33.3,100.0
2026-03-16,product/pack-10h-boite-automatique,5,5,5,4,1,100.0,80.0,20.0,25.0
2026-03-16,checkout/pack-permis-complet,2,2,2,2,1,100.0,100.0,50.0,50.0
2026-03-16,product/conduite-accompagnee-boite-automatique-first,0,0,0,0,0,0,0,0,0
2026-03-16,checkout/pack-permis-complet-sans-code,5,3,3,3,2,100.0,100.0,66.7,66.7
2026-03-16,infocards,0,0,0,0,0,0,0,0,0
2026-03-16,checkout/pack-permis-complet-sans-code-lead,1,1,1,1,0,100.0,100.0,0.0,0.0
2026-03-16,checkout/pack-permis-complet-boite-automatique,0,0,0,0,0,0,0,0,0
2026-03-16,checkout/pack-permis-complet-revolut,2,2,2,2,0,100.0,100.0,0.0,0.0
2026-03-16,checkout/pack-permis-complet-boite-automatique-sans-code-lead,1,1,1,1,1,100.0,100.0,100.0,100.0
2026-03-16,checkout/pack-5h,2,2,2,1,0,100.0,50.0,0.0,0.0
2026-03-16,checkout/conduite-accompagnee-first,0,0,0,0,0,0,0,0,0
2026-03-16,checkout/pack-permis-complet-boite-automatique-sans-code,0,0,0,0,0,0,0,0,0
2026-03-16,checkout/pack-5h-boite-automatique,1,1,1,1,0,100.0,100.0,0.0,0.0
2026-03-16,product/rendez-vous-pedagogiques,0,0,0,0,0,0,0,0,0
2026-03-16,checkout/pack-10h,0,0,0,0,0,0,0,0,0
2026-03-16,checkout/pack-permis-complet-boite-automatique-revolut,0,0,0,0,0,0,0,0,0
2026-03-16,chatbot_support,0,0,0,0,0,0,0,0,0
2026-03-16,product/pack-permis-casa-nord-france,3,2,2,2,1,100.0,100.0,50.0,50.0
2026-03-16,home_widget,4,1,1,0,0,100.0,0.0,0.0,0
2026-03-16,checkout/pack-10h-boite-automatique,0,0,0,0,0,0,0,0,0
2026-03-16,checkout/pack-20h,0,0,0,0,0,0,0,0,0
2026-03-16,checkout/conduite-accompagnee-boite-automatique-first,0,0,0,0,0,0,0,0,0
2026-03-16,product/pack-permis-boite-automatique-casa-nord-france,0,0,0,0,0,0,0,0,0
2026-03-16,product/rendez-vous-pedagogiques-automatique,0,0,0,0,0,0,0,0,0
2026-03-16,checkout/pack-permis-complet-boite-automatique-sans-code-et-reussite-conduite-plus,0,0,0,0,0,0,0,0,0
2026-03-16,checkout/pack-permis-complet-et-reussite-code-plus,0,0,0,0,0,0,0,0,0
2026-03-16,checkout/pack-permis-casa-nord-france,0,0,0,0,0,0,0,0,0
2026-03-16,checkout/pack-permis-complet-boite-automatique-et-reussite-code-plus,0,0,0,0,0,0,0,0,0
2026-03-16,checkout/rendez-vous-pedagogiques,0,0,0,0,0,0,0,0,0
2026-03-16,checkout/pack-permis-complet-boite-automatique-sans-code-et-reussite-conduite-plus-lead,0,0,0,0,0,0,0,0,0
2026-03-16,checkout/pack-permis-boite-automatique-casa-nord-france,0,0,0,0,0,0,0,0,0
2026-03-16,emailcrm&utm_medium=email&utm_source=crm&utm_campaign=3b74f603-2f61-4df1-9869-4dff5e11d8e9,0,0,0,0,0,0,0,0,0
2026-03-16,permis_widget,0,0,0,0,0,0,0,0,0
2026-03-17,shop,108,90,90,77,19,100.0,85.6,21.1,24.7
2026-03-17,unknown,12,10,10,8,0,100.0,80.0,0.0,0.0
2026-03-17,product/pack-permis-complet,28,20,20,17,5,100.0,85.0,25.0,29.4
2026-03-17,product/pack-permis-complet-sans-code,20,15,14,10,2,93.3,71.4,13.3,20.0
2026-03-17,product/pack-permis-complet-sans-code-lead,14,14,14,11,5,100.0,78.6,35.7,45.5
2026-03-17,product/pack-permis-complet-revolut,11,10,10,7,3,100.0,70.0,30.0,42.9
2026-03-17,product/pack-permis-complet-boite-automatique,7,7,6,3,1,85.7,50.0,14.3,33.3
2026-03-17,emailcrm,7,7,6,5,1,85.7,83.3,14.3,20.0
2026-03-17,product/pack-permis-complet-boite-automatique-sans-code,9,9,9,9,1,100.0,100.0,11.1,11.1
2026-03-17,product/pack-permis-complet-boite-automatique-sans-code-lead,6,6,6,4,1,100.0,66.7,16.7,25.0
2026-03-17,product/pack-5h,11,10,10,8,2,100.0,80.0,20.0,25.0
2026-03-17,product/pack-10h,4,4,4,4,1,100.0,100.0,25.0,25.0
2026-03-17,product/conduite-accompagnee-first,0,0,0,0,0,0,0,0,0
2026-03-17,product/pack-20h,4,4,4,4,0,100.0,100.0,0.0,0.0
2026-03-17,product/pack-permis-complet-boite-automatique-revolut,6,6,6,5,3,100.0,83.3,50.0,60.0
2026-03-17,emailcrmheader,0,0,0,0,0,0,0,0,0
2026-03-17,product/pack-5h-boite-automatique,2,2,2,2,0,100.0,100.0,0.0,0.0
2026-03-17,product/pack-10h-boite-automatique,3,3,3,3,2,100.0,100.0,66.7,66.7
2026-03-17,checkout/pack-permis-complet,3,3,3,3,2,100.0,100.0,66.7,66.7
2026-03-17,product/conduite-accompagnee-boite-automatique-first,0,0,0,0,0,0,0,0,0
2026-03-17,checkout/pack-permis-complet-sans-code,0,0,0,0,0,0,0,0,0
2026-03-17,infocards,0,0,0,0,0,0,0,0,0
2026-03-17,checkout/pack-permis-complet-sans-code-lead,1,1,1,1,1,100.0,100.0,100.0,100.0
2026-03-17,checkout/pack-permis-complet-boite-automatique,0,0,0,0,0,0,0,0,0
2026-03-17,checkout/pack-permis-complet-revolut,3,3,3,1,0,100.0,33.3,0.0,0.0
2026-03-17,checkout/pack-permis-complet-boite-automatique-sans-code-lead,0,0,0,0,0,0,0,0,0
2026-03-17,checkout/pack-5h,2,2,2,0,0,100.0,0.0,0.0,0
2026-03-17,checkout/conduite-accompagnee-first,0,0,0,0,0,0,0,0,0
2026-03-17,checkout/pack-permis-complet-boite-automatique-sans-code,0,0,0,0,0,0,0,0,0
2026-03-17,checkout/pack-5h-boite-automatique,0,0,0,0,0,0,0,0,0
2026-03-17,product/rendez-vous-pedagogiques,0,0,0,0,0,0,0,0,0
2026-03-17,checkout/pack-10h,0,0,0,0,0,0,0,0,0
2026-03-17,checkout/pack-permis-complet-boite-automatique-revolut,0,0,0,0,0,0,0,0,0
2026-03-17,chatbot_support,0,0,0,0,0,0,0,0,0
2026-03-17,product/pack-permis-casa-nord-france,2,2,2,2,0,100.0,100.0,0.0,0.0
2026-03-17,home_widget,1,1,1,1,0,100.0,100.0,0.0,0.0
2026-03-17,checkout/pack-10h-boite-automatique,0,0,0,0,0,0,0,0,0
2026-03-17,checkout/pack-20h,0,0,0,0,0,0,0,0,0
2026-03-17,checkout/conduite-accompagnee-boite-automatique-first,0,0,0,0,0,0,0,0,0
2026-03-17,product/pack-permis-boite-automatique-casa-nord-france,0,0,0,0,0,0,0,0,0
2026-03-17,product/rendez-vous-pedagogiques-automatique,0,0,0,0,0,0,0,0,0
2026-03-17,checkout/pack-permis-complet-boite-automatique-sans-code-et-reussite-conduite-plus,0,0,0,0,0,0,0,0,0
2026-03-17,checkout/pack-permis-complet-et-reussite-code-plus,0,0,0,0,0,0,0,0,0
2026-03-17,checkout/pack-permis-casa-nord-france,0,0,0,0,0,0,0,0,0
2026-03-17,checkout/pack-permis-complet-boite-automatique-et-reussite-code-plus,0,0,0,0,0,0,0,0,0
2026-03-17,checkout/rendez-vous-pedagogiques,0,0,0,0,0,0,0,0,0
2026-03-17,checkout/pack-permis-complet-boite-automatique-sans-code-et-reussite-conduite-plus-lead,0,0,0,0,0,0,0,0,0
2026-03-17,checkout/pack-permis-boite-automatique-casa-nord-france,0,0,0,0,0,0,0,0,0
2026-03-17,emailcrm&utm_medium=email&utm_source=crm&utm_campaign=3b74f603-2f61-4df1-9869-4dff5e11d8e9,0,0,0,0,0,0,0,0,0
2026-03-17,permis_widget,0,0,0,0,0,0,0,0,0
2026-03-18,shop,115,94,91,79,25,96.8,86.8,26.6,31.6
2026-03-18,unknown,97,64,60,46,14,93.8,76.7,21.9,30.4
2026-03-18,product/pack-permis-complet,30,26,24,20,7,92.3,83.3,26.9,35.0
2026-03-18,product/pack-permis-complet-sans-code,14,11,10,9,3,90.9,90.0,27.3,33.3
2026-03-18,product/pack-permis-complet-sans-code-lead,17,14,14,11,6,100.0,78.6,42.9,54.5
2026-03-18,product/pack-permis-complet-revolut,10,10,10,9,2,100.0,90.0,20.0,22.2
2026-03-18,product/pack-permis-complet-boite-automatique,1,1,1,1,0,100.0,100.0,0.0,0.0
2026-03-18,emailcrm,8,8,7,5,2,87.5,71.4,25.0,40.0
2026-03-18,product/pack-permis-complet-boite-automatique-sans-code,14,13,13,10,3,100.0,76.9,23.1,30.0
2026-03-18,product/pack-permis-complet-boite-automatique-sans-code-lead,11,8,7,6,3,87.5,85.7,37.5,50.0
2026-03-18,product/pack-5h,11,10,10,8,1,100.0,80.0,10.0,12.5
2026-03-18,product/pack-10h,5,5,5,4,0,100.0,80.0,0.0,0.0
2026-03-18,product/conduite-accompagnee-first,0,0,0,0,0,0,0,0,0
2026-03-18,product/pack-20h,5,5,5,3,0,100.0,60.0,0.0,0.0
2026-03-18,product/pack-permis-complet-boite-automatique-revolut,1,1,1,1,0,100.0,100.0,0.0,0.0
2026-03-18,emailcrmheader,0,0,0,0,0,0,0,0,0
2026-03-18,product/pack-5h-boite-automatique,4,4,3,3,1,75.0,100.0,25.0,33.3
2026-03-18,product/pack-10h-boite-automatique,2,2,2,2,0,100.0,100.0,0.0,0.0
2026-03-18,checkout/pack-permis-complet,0,0,0,0,0,0,0,0,0
2026-03-18,product/conduite-accompagnee-boite-automatique-first,0,0,0,0,0,0,0,0,0
2026-03-18,checkout/pack-permis-complet-sans-code,0,0,0,0,0,0,0,0,0
2026-03-18,infocards,3,3,3,2,1,100.0,66.7,33.3,50.0
2026-03-18,checkout/pack-permis-complet-sans-code-lead,1,1,1,1,0,100.0,100.0,0.0,0.0
2026-03-18,checkout/pack-permis-complet-boite-automatique,0,0,0,0,0,0,0,0,0
2026-03-18,checkout/pack-permis-complet-revolut,2,2,2,1,0,100.0,50.0,0.0,0.0
2026-03-18,checkout/pack-permis-complet-boite-automatique-sans-code-lead,0,0,0,0,0,0,0,0,0
2026-03-18,checkout/pack-5h,4,4,3,3,1,75.0,100.0,25.0,33.3
2026-03-18,checkout/conduite-accompagnee-first,0,0,0,0,0,0,0,0,0
2026-03-18,checkout/pack-permis-complet-boite-automatique-sans-code,0,0,0,0,0,0,0,0,0
2026-03-18,checkout/pack-5h-boite-automatique,0,0,0,0,0,0,0,0,0
2026-03-18,product/rendez-vous-pedagogiques,0,0,0,0,0,0,0,0,0
2026-03-18,checkout/pack-10h,0,0,0,0,0,0,0,0,0
2026-03-18,checkout/pack-permis-complet-boite-automatique-revolut,0,0,0,0,0,0,0,0,0
2026-03-18,chatbot_support,0,0,0,0,0,0,0,0,0
2026-03-18,product/pack-permis-casa-nord-france,0,0,0,0,0,0,0,0,0
2026-03-18,home_widget,0,0,0,0,0,0,0,0,0
2026-03-18,checkout/pack-10h-boite-automatique,1,1,1,1,0,100.0,100.0,0.0,0.0
2026-03-18,checkout/pack-20h,0,0,0,0,0,0,0,0,0
2026-03-18,checkout/conduite-accompagnee-boite-automatique-first,0,0,0,0,0,0,0,0,0
2026-03-18,product/pack-permis-boite-automatique-casa-nord-france,0,0,0,0,0,0,0,0,0
2026-03-18,product/rendez-vous-pedagogiques-automatique,0,0,0,0,0,0,0,0,0
2026-03-18,checkout/pack-permis-complet-boite-automatique-sans-code-et-reussite-conduite-plus,0,0,0,0,0,0,0,0,0
2026-03-18,checkout/pack-permis-complet-et-reussite-code-plus,0,0,0,0,0,0,0,0,0
2026-03-18,checkout/pack-permis-casa-nord-france,0,0,0,0,0,0,0,0,0
2026-03-18,checkout/pack-permis-complet-boite-automatique-et-reussite-code-plus,0,0,0,0,0,0,0,0,0
2026-03-18,checkout/rendez-vous-pedagogiques,0,0,0,0,0,0,0,0,0
2026-03-18,checkout/pack-permis-complet-boite-automatique-sans-code-et-reussite-conduite-plus-lead,0,0,0,0,0,0,0,0,0
2026-03-18,checkout/pack-permis-boite-automatique-casa-nord-france,0,0,0,0,0,0,0,0,0
2026-03-18,emailcrm&utm_medium=email&utm_source=crm&utm_campaign=3b74f603-2f61-4df1-9869-4dff5e11d8e9,0,0,0,0,0,0,0,0,0
2026-03-18,permis_widget,0,0,0,0,0,0,0,0,0
2026-03-19,shop,77,64,60,53,10,93.8,88.3,15.6,18.9
2026-03-19,unknown,113,95,93,72,17,97.9,77.4,17.9,23.6
2026-03-19,product/pack-permis-complet,16,13,13,9,2,100.0,69.2,15.4,22.2
2026-03-19,product/pack-permis-complet-sans-code,12,11,10,8,4,90.9,80.0,36.4,50.0
2026-03-19,product/pack-permis-complet-sans-code-lead,12,12,11,9,3,91.7,81.8,25.0,33.3
2026-03-19,product/pack-permis-complet-revolut,15,14,12,8,2,85.7,66.7,14.3,25.0
2026-03-19,product/pack-permis-complet-boite-automatique,3,3,3,3,0,100.0,100.0,0.0,0.0
2026-03-19,emailcrm,7,6,5,4,2,83.3,80.0,33.3,50.0
2026-03-19,product/pack-permis-complet-boite-automatique-sans-code,7,6,6,4,0,100.0,66.7,0.0,0.0
2026-03-19,product/pack-permis-complet-boite-automatique-sans-code-lead,4,4,4,4,2,100.0,100.0,50.0,50.0
2026-03-19,product/pack-5h,5,5,5,4,2,100.0,80.0,40.0,50.0
2026-03-19,product/pack-10h,3,3,2,2,1,66.7,100.0,33.3,50.0
2026-03-19,product/conduite-accompagnee-first,0,0,0,0,0,0,0,0,0
2026-03-19,product/pack-20h,10,8,8,8,0,100.0,100.0,0.0,0.0
2026-03-19,product/pack-permis-complet-boite-automatique-revolut,6,5,5,4,0,100.0,80.0,0.0,0.0
2026-03-19,emailcrmheader,0,0,0,0,0,0,0,0,0
2026-03-19,product/pack-5h-boite-automatique,2,2,2,2,1,100.0,100.0,50.0,50.0
2026-03-19,product/pack-10h-boite-automatique,1,1,1,1,0,100.0,100.0,0.0,0.0
2026-03-19,checkout/pack-permis-complet,1,1,1,1,1,100.0,100.0,100.0,100.0
2026-03-19,product/conduite-accompagnee-boite-automatique-first,0,0,0,0,0,0,0,0,0
2026-03-19,checkout/pack-permis-complet-sans-code,3,3,3,3,2,100.0,100.0,66.7,66.7
2026-03-19,infocards,0,0,0,0,0,0,0,0,0
2026-03-19,checkout/pack-permis-complet-sans-code-lead,1,1,1,1,0,100.0,100.0,0.0,0.0
2026-03-19,checkout/pack-permis-complet-boite-automatique,1,1,1,1,1,100.0,100.0,100.0,100.0
2026-03-19,checkout/pack-permis-complet-revolut,4,3,3,2,0,100.0,66.7,0.0,0.0
2026-03-19,checkout/pack-permis-complet-boite-automatique-sans-code-lead,0,0,0,0,0,0,0,0,0
2026-03-19,checkout/pack-5h,0,0,0,0,0,0,0,0,0
2026-03-19,checkout/conduite-accompagnee-first,0,0,0,0,0,0,0,0,0
2026-03-19,checkout/pack-permis-complet-boite-automatique-sans-code,0,0,0,0,0,0,0,0,0
2026-03-19,checkout/pack-5h-boite-automatique,0,0,0,0,0,0,0,0,0
2026-03-19,product/rendez-vous-pedagogiques,0,0,0,0,0,0,0,0,0
2026-03-19,checkout/pack-10h,0,0,0,0,0,0,0,0,0
2026-03-19,checkout/pack-permis-complet-boite-automatique-revolut,1,1,1,1,0,100.0,100.0,0.0,0.0
2026-03-19,chatbot_support,0,0,0,0,0,0,0,0,0
2026-03-19,product/pack-permis-casa-nord-france,2,1,0,0,0,0.0,0,0.0,0
2026-03-19,home_widget,0,0,0,0,0,0,0,0,0
2026-03-19,checkout/pack-10h-boite-automatique,0,0,0,0,0,0,0,0,0
2026-03-19,checkout/pack-20h,0,0,0,0,0,0,0,0,0
2026-03-19,checkout/conduite-accompagnee-boite-automatique-first,0,0,0,0,0,0,0,0,0
2026-03-19,product/pack-permis-boite-automatique-casa-nord-france,0,0,0,0,0,0,0,0,0
2026-03-19,product/rendez-vous-pedagogiques-automatique,0,0,0,0,0,0,0,0,0
2026-03-19,checkout/pack-permis-complet-boite-automatique-sans-code-et-reussite-conduite-plus,0,0,0,0,0,0,0,0,0
2026-03-19,checkout/pack-permis-complet-et-reussite-code-plus,0,0,0,0,0,0,0,0,0
2026-03-19,checkout/pack-permis-casa-nord-france,0,0,0,0,0,0,0,0,0
2026-03-19,checkout/pack-permis-complet-boite-automatique-et-reussite-code-plus,0,0,0,0,0,0,0,0,0
2026-03-19,checkout/rendez-vous-pedagogiques,0,0,0,0,0,0,0,0,0
2026-03-19,checkout/pack-permis-complet-boite-automatique-sans-code-et-reussite-conduite-plus-lead,0,0,0,0,0,0,0,0,0
2026-03-19,checkout/pack-permis-boite-automatique-casa-nord-france,0,0,0,0,0,0,0,0,0
2026-03-19,emailcrm&utm_medium=email&utm_source=crm&utm_campaign=3b74f603-2f61-4df1-9869-4dff5e11d8e9,0,0,0,0,0,0,0,0,0
2026-03-19,permis_widget,0,0,0,0,0,0,0,0,0
2026-03-20,shop,92,73,69,54,13,94.5,78.3,17.8,24.1
2026-03-20,unknown,89,79,71,59,20,89.9,83.1,25.3,33.9
2026-03-20,product/pack-permis-complet,17,12,11,8,4,91.7,72.7,33.3,50.0
2026-03-20,product/pack-permis-complet-sans-code,10,8,8,8,2,100.0,100.0,25.0,25.0
2026-03-20,product/pack-permis-complet-sans-code-lead,18,13,12,10,4,92.3,83.3,30.8,40.0
2026-03-20,product/pack-permis-complet-revolut,9,8,8,5,1,100.0,62.5,12.5,20.0
2026-03-20,product/pack-permis-complet-boite-automatique,4,4,4,3,1,100.0,75.0,25.0,33.3
2026-03-20,emailcrm,12,8,8,4,1,100.0,50.0,12.5,25.0
2026-03-20,product/pack-permis-complet-boite-automatique-sans-code,7,6,6,5,2,100.0,83.3,33.3,40.0
2026-03-20,product/pack-permis-complet-boite-automatique-sans-code-lead,4,4,4,2,1,100.0,50.0,25.0,50.0
2026-03-20,product/pack-5h,8,8,8,8,1,100.0,100.0,12.5,12.5
2026-03-20,product/pack-10h,4,4,4,3,1,100.0,75.0,25.0,33.3
2026-03-20,product/conduite-accompagnee-first,0,0,0,0,0,0,0,0,0
2026-03-20,product/pack-20h,2,2,2,1,0,100.0,50.0,0.0,0.0
2026-03-20,product/pack-permis-complet-boite-automatique-revolut,4,2,2,1,0,100.0,50.0,0.0,0.0
2026-03-20,emailcrmheader,1,1,1,1,0,100.0,100.0,0.0,0.0
2026-03-20,product/pack-5h-boite-automatique,4,4,3,3,0,75.0,100.0,0.0,0.0
2026-03-20,product/pack-10h-boite-automatique,2,2,1,1,1,50.0,100.0,50.0,100.0
2026-03-20,checkout/pack-permis-complet,2,2,2,0,0,100.0,0.0,0.0,0
2026-03-20,product/conduite-accompagnee-boite-automatique-first,0,0,0,0,0,0,0,0,0
2026-03-20,checkout/pack-permis-complet-sans-code,2,1,1,1,0,100.0,100.0,0.0,0.0
2026-03-20,infocards,0,0,0,0,0,0,0,0,0
2026-03-20,checkout/pack-permis-complet-sans-code-lead,2,2,2,1,0,100.0,50.0,0.0,0.0
2026-03-20,checkout/pack-permis-complet-boite-automatique,0,0,0,0,0,0,0,0,0
2026-03-20,checkout/pack-permis-complet-revolut,1,1,1,1,0,100.0,100.0,0.0,0.0
2026-03-20,checkout/pack-permis-complet-boite-automatique-sans-code-lead,1,1,1,1,0,100.0,100.0,0.0,0.0
2026-03-20,checkout/pack-5h,0,0,0,0,0,0,0,0,0
2026-03-20,checkout/conduite-accompagnee-first,0,0,0,0,0,0,0,0,0
2026-03-20,checkout/pack-permis-complet-boite-automatique-sans-code,1,1,1,1,1,100.0,100.0,100.0,100.0
2026-03-20,checkout/pack-5h-boite-automatique,1,1,1,0,0,100.0,0.0,0.0,0
2026-03-20,product/rendez-vous-pedagogiques,0,0,0,0,0,0,0,0,0
2026-03-20,checkout/pack-10h,0,0,0,0,0,0,0,0,0
2026-03-20,checkout/pack-permis-complet-boite-automatique-revolut,0,0,0,0,0,0,0,0,0
2026-03-20,chatbot_support,0,0,0,0,0,0,0,0,0
2026-03-20,product/pack-permis-casa-nord-france,1,1,1,1,1,100.0,100.0,100.0,100.0
2026-03-20,home_widget,0,0,0,0,0,0,0,0,0
2026-03-20,checkout/pack-10h-boite-automatique,0,0,0,0,0,0,0,0,0
2026-03-20,checkout/pack-20h,0,0,0,0,0,0,0,0,0
2026-03-20,checkout/conduite-accompagnee-boite-automatique-first,0,0,0,0,0,0,0,0,0
2026-03-20,product/pack-permis-boite-automatique-casa-nord-france,1,1,1,1,0,100.0,100.0,0.0,0.0
2026-03-20,product/rendez-vous-pedagogiques-automatique,0,0,0,0,0,0,0,0,0
2026-03-20,checkout/pack-permis-complet-boite-automatique-sans-code-et-reussite-conduite-plus,0,0,0,0,0,0,0,0,0
2026-03-20,checkout/pack-permis-complet-et-reussite-code-plus,0,0,0,0,0,0,0,0,0
2026-03-20,checkout/pack-permis-casa-nord-france,0,0,0,0,0,0,0,0,0
2026-03-20,checkout/pack-permis-complet-boite-automatique-et-reussite-code-plus,0,0,0,0,0,0,0,0,0
2026-03-20,checkout/rendez-vous-pedagogiques,0,0,0,0,0,0,0,0,0
2026-03-20,checkout/pack-permis-complet-boite-automatique-sans-code-et-reussite-conduite-plus-lead,0,0,0,0,0,0,0,0,0
2026-03-20,checkout/pack-permis-boite-automatique-casa-nord-france,0,0,0,0,0,0,0,0,0
2026-03-20,emailcrm&utm_medium=email&utm_source=crm&utm_campaign=3b74f603-2f61-4df1-9869-4dff5e11d8e9,0,0,0,0,0,0,0,0,0
2026-03-20,permis_widget,0,0,0,0,0,0,0,0,0
2026-03-21,shop,54,45,44,39,10,97.8,88.6,22.2,25.6
2026-03-21,unknown,76,60,59,45,17,98.3,76.3,28.3,37.8
2026-03-21,product/pack-permis-complet,8,7,7,5,2,100.0,71.4,28.6,40.0
2026-03-21,product/pack-permis-complet-sans-code,16,13,13,11,3,100.0,84.6,23.1,27.3
2026-03-21,product/pack-permis-complet-sans-code-lead,8,8,7,4,1,87.5,57.1,12.5,25.0
2026-03-21,product/pack-permis-complet-revolut,10,10,8,4,1,80.0,50.0,10.0,25.0
2026-03-21,product/pack-permis-complet-boite-automatique,7,6,5,3,1,83.3,60.0,16.7,33.3
2026-03-21,emailcrm,3,3,3,3,2,100.0,100.0,66.7,66.7
2026-03-21,product/pack-permis-complet-boite-automatique-sans-code,5,3,3,2,0,100.0,66.7,0.0,0.0
2026-03-21,product/pack-permis-complet-boite-automatique-sans-code-lead,3,3,3,3,0,100.0,100.0,0.0,0.0
2026-03-21,product/pack-5h,3,3,3,2,0,100.0,66.7,0.0,0.0
2026-03-21,product/pack-10h,3,3,3,2,1,100.0,66.7,33.3,50.0
2026-03-21,product/conduite-accompagnee-first,0,0,0,0,0,0,0,0,0
2026-03-21,product/pack-20h,5,3,3,2,0,100.0,66.7,0.0,0.0
2026-03-21,product/pack-permis-complet-boite-automatique-revolut,1,1,1,1,0,100.0,100.0,0.0,0.0
2026-03-21,emailcrmheader,1,1,1,0,0,100.0,0.0,0.0,0
2026-03-21,product/pack-5h-boite-automatique,1,1,1,1,0,100.0,100.0,0.0,0.0
2026-03-21,product/pack-10h-boite-automatique,2,2,2,2,0,100.0,100.0,0.0,0.0
2026-03-21,checkout/pack-permis-complet,1,1,1,0,0,100.0,0.0,0.0,0
2026-03-21,product/conduite-accompagnee-boite-automatique-first,0,0,0,0,0,0,0,0,0
2026-03-21,checkout/pack-permis-complet-sans-code,2,2,2,2,0,100.0,100.0,0.0,0.0
2026-03-21,infocards,0,0,0,0,0,0,0,0,0
2026-03-21,checkout/pack-permis-complet-sans-code-lead,0,0,0,0,0,0,0,0,0
2026-03-21,checkout/pack-permis-complet-boite-automatique,0,0,0,0,0,0,0,0,0
2026-03-21,checkout/pack-permis-complet-revolut,2,1,1,1,0,100.0,100.0,0.0,0.0
2026-03-21,checkout/pack-permis-complet-boite-automatique-sans-code-lead,1,1,1,1,0,100.0,100.0,0.0,0.0
2026-03-21,checkout/pack-5h,1,1,1,1,0,100.0,100.0,0.0,0.0
2026-03-21,checkout/conduite-accompagnee-first,0,0,0,0,0,0,0,0,0
2026-03-21,checkout/pack-permis-complet-boite-automatique-sans-code,2,2,2,2,1,100.0,100.0,50.0,50.0
2026-03-21,checkout/pack-5h-boite-automatique,0,0,0,0,0,0,0,0,0
2026-03-21,product/rendez-vous-pedagogiques,2,1,1,1,0,100.0,100.0,0.0,0.0
2026-03-21,checkout/pack-10h,0,0,0,0,0,0,0,0,0
2026-03-21,checkout/pack-permis-complet-boite-automatique-revolut,0,0,0,0,0,0,0,0,0
2026-03-21,chatbot_support,0,0,0,0,0,0,0,0,0
2026-03-21,product/pack-permis-casa-nord-france,0,0,0,0,0,0,0,0,0
2026-03-21,home_widget,0,0,0,0,0,0,0,0,0
2026-03-21,checkout/pack-10h-boite-automatique,0,0,0,0,0,0,0,0,0
2026-03-21,checkout/pack-20h,1,1,1,1,0,100.0,100.0,0.0,0.0
2026-03-21,checkout/conduite-accompagnee-boite-automatique-first,0,0,0,0,0,0,0,0,0
2026-03-21,product/pack-permis-boite-automatique-casa-nord-france,0,0,0,0,0,0,0,0,0
2026-03-21,product/rendez-vous-pedagogiques-automatique,0,0,0,0,0,0,0,0,0
2026-03-21,checkout/pack-permis-complet-boite-automatique-sans-code-et-reussite-conduite-plus,0,0,0,0,0,0,0,0,0
2026-03-21,checkout/pack-permis-complet-et-reussite-code-plus,0,0,0,0,0,0,0,0,0
2026-03-21,checkout/pack-permis-casa-nord-france,0,0,0,0,0,0,0,0,0
2026-03-21,checkout/pack-permis-complet-boite-automatique-et-reussite-code-plus,0,0,0,0,0,0,0,0,0
2026-03-21,checkout/rendez-vous-pedagogiques,0,0,0,0,0,0,0,0,0
2026-03-21,checkout/pack-permis-complet-boite-automatique-sans-code-et-reussite-conduite-plus-lead,0,0,0,0,0,0,0,0,0
2026-03-21,checkout/pack-permis-boite-automatique-casa-nord-france,0,0,0,0,0,0,0,0,0
2026-03-21,emailcrm&utm_medium=email&utm_source=crm&utm_campaign=3b74f603-2f61-4df1-9869-4dff5e11d8e9,0,0,0,0,0,0,0,0,0
2026-03-21,permis_widget,0,0,0,0,0,0,0,0,0
2026-03-22,shop,0,0,0,0,0,0,0,0,0
2026-03-22,unknown,0,0,0,0,0,0,0,0,0
2026-03-22,product/pack-permis-complet,0,0,0,0,0,0,0,0,0
2026-03-22,product/pack-permis-complet-sans-code,0,0,0,0,0,0,0,0,0
2026-03-22,product/pack-permis-complet-sans-code-lead,0,0,0,0,0,0,0,0,0
2026-03-22,product/pack-permis-complet-revolut,0,0,0,0,0,0,0,0,0
2026-03-22,product/pack-permis-complet-boite-automatique,0,0,0,0,0,0,0,0,0
2026-03-22,emailcrm,0,0,0,0,0,0,0,0,0
2026-03-22,product/pack-permis-complet-boite-automatique-sans-code,0,0,0,0,0,0,0,0,0
2026-03-22,product/pack-permis-complet-boite-automatique-sans-code-lead,0,0,0,0,0,0,0,0,0
2026-03-22,product/pack-5h,0,0,0,0,0,0,0,0,0
2026-03-22,product/pack-10h,0,0,0,0,0,0,0,0,0
2026-03-22,product/conduite-accompagnee-first,0,0,0,0,0,0,0,0,0
2026-03-22,product/pack-20h,0,0,0,0,0,0,0,0,0
2026-03-22,product/pack-permis-complet-boite-automatique-revolut,0,0,0,0,0,0,0,0,0
2026-03-22,emailcrmheader,0,0,0,0,0,0,0,0,0
2026-03-22,product/pack-5h-boite-automatique,0,0,0,0,0,0,0,0,0
2026-03-22,product/pack-10h-boite-automatique,0,0,0,0,0,0,0,0,0
2026-03-22,checkout/pack-permis-complet,0,0,0,0,0,0,0,0,0
2026-03-22,product/conduite-accompagnee-boite-automatique-first,0,0,0,0,0,0,0,0,0
2026-03-22,checkout/pack-permis-complet-sans-code,0,0,0,0,0,0,0,0,0
2026-03-22,infocards,0,0,0,0,0,0,0,0,0
2026-03-22,checkout/pack-permis-complet-sans-code-lead,0,0,0,0,0,0,0,0,0
2026-03-22,checkout/pack-permis-complet-boite-automatique,0,0,0,0,0,0,0,0,0
2026-03-22,checkout/pack-permis-complet-revolut,0,0,0,0,0,0,0,0,0
2026-03-22,checkout/pack-permis-complet-boite-automatique-sans-code-lead,0,0,0,0,0,0,0,0,0
2026-03-22,checkout/pack-5h,0,0,0,0,0,0,0,0,0
2026-03-22,checkout/conduite-accompagnee-first,0,0,0,0,0,0,0,0,0
2026-03-22,checkout/pack-permis-complet-boite-automatique-sans-code,0,0,0,0,0,0,0,0,0
2026-03-22,checkout/pack-5h-boite-automatique,0,0,0,0,0,0,0,0,0
2026-03-22,product/rendez-vous-pedagogiques,0,0,0,0,0,0,0,0,0
2026-03-22,checkout/pack-10h,0,0,0,0,0,0,0,0,0
2026-03-22,checkout/pack-permis-complet-boite-automatique-revolut,0,0,0,0,0,0,0,0,0
2026-03-22,chatbot_support,0,0,0,0,0,0,0,0,0
2026-03-22,product/pack-permis-casa-nord-france,0,0,0,0,0,0,0,0,0
2026-03-22,home_widget,0,0,0,0,0,0,0,0,0
2026-03-22,checkout/pack-10h-boite-automatique,0,0,0,0,0,0,0,0,0
2026-03-22,checkout/pack-20h,0,0,0,0,0,0,0,0,0
2026-03-22,checkout/conduite-accompagnee-boite-automatique-first,0,0,0,0,0,0,0,0,0
2026-03-22,product/pack-permis-boite-automatique-casa-nord-france,0,0,0,0,0,0,0,0,0
2026-03-22,product/rendez-vous-pedagogiques-automatique,0,0,0,0,0,0,0,0,0
2026-03-22,checkout/pack-permis-complet-boite-automatique-sans-code-et-reussite-conduite-plus,0,0,0,0,0,0,0,0,0
2026-03-22,checkout/pack-permis-complet-et-reussite-code-plus,0,0,0,0,0,0,0,0,0
2026-03-22,checkout/pack-permis-casa-nord-france,0,0,0,0,0,0,0,0,0
2026-03-22,checkout/pack-permis-complet-boite-automatique-et-reussite-code-plus,0,0,0,0,0,0,0,0,0
2026-03-22,checkout/rendez-vous-pedagogiques,0,0,0,0,0,0,0,0,0
2026-03-22,checkout/pack-permis-complet-boite-automatique-sans-code-et-reussite-conduite-plus-lead,0,0,0,0,0,0,0,0,0
2026-03-22,checkout/pack-permis-boite-automatique-casa-nord-france,0,0,0,0,0,0,0,0,0
2026-03-22,emailcrm&utm_medium=email&utm_source=crm&utm_campaign=3b74f603-2f61-4df1-9869-4dff5e11d8e9,0,0,0,0,0,0,0,0,0
2026-03-22,permis_widget,0,0,0,0,0,0,0,0,0
2026-03-23,shop,169,142,135,111,31,95.1,82.2,21.8,27.9
2026-03-23,unknown,145,132,116,67,16,87.9,57.8,12.1,23.9
2026-03-23,product/pack-permis-complet,43,36,34,26,7,94.4,76.5,19.4,26.9
2026-03-23,product/pack-permis-complet-sans-code,44,37,31,22,7,83.8,71.0,18.9,31.8
2026-03-23,product/pack-permis-complet-sans-code-lead,29,23,23,21,9,100.0,91.3,39.1,42.9
2026-03-23,product/pack-permis-complet-revolut,27,23,22,16,5,95.7,72.7,21.7,31.2
2026-03-23,product/pack-permis-complet-boite-automatique,23,21,20,14,1,95.2,70.0,4.8,7.1
2026-03-23,emailcrm,14,14,12,11,1,85.7,91.7,7.1,9.1
2026-03-23,product/pack-permis-complet-boite-automatique-sans-code,13,13,13,11,3,100.0,84.6,23.1,27.3
2026-03-23,product/pack-permis-complet-boite-automatique-sans-code-lead,21,19,16,13,10,84.2,81.2,52.6,76.9
2026-03-23,product/pack-5h,20,18,18,13,1,100.0,72.2,5.6,7.7
2026-03-23,product/pack-10h,15,10,8,8,1,80.0,100.0,10.0,12.5
2026-03-23,product/conduite-accompagnee-first,0,0,0,0,0,0,0,0,0
2026-03-23,product/pack-20h,8,4,4,2,0,100.0,50.0,0.0,0.0
2026-03-23,product/pack-permis-complet-boite-automatique-revolut,7,7,5,4,1,71.4,80.0,14.3,25.0
2026-03-23,emailcrmheader,25,23,20,19,2,87.0,95.0,8.7,10.5
2026-03-23,product/pack-5h-boite-automatique,4,4,4,4,1,100.0,100.0,25.0,25.0
2026-03-23,product/pack-10h-boite-automatique,5,5,4,3,1,80.0,75.0,20.0,33.3
2026-03-23,checkout/pack-permis-complet,1,1,1,1,1,100.0,100.0,100.0,100.0
2026-03-23,product/conduite-accompagnee-boite-automatique-first,0,0,0,0,0,0,0,0,0
2026-03-23,checkout/pack-permis-complet-sans-code,3,3,3,3,1,100.0,100.0,33.3,33.3
2026-03-23,infocards,0,0,0,0,0,0,0,0,0
2026-03-23,checkout/pack-permis-complet-sans-code-lead,2,2,2,1,1,100.0,50.0,50.0,100.0
2026-03-23,checkout/pack-permis-complet-boite-automatique,6,6,6,5,0,100.0,83.3,0.0,0.0
2026-03-23,checkout/pack-permis-complet-revolut,3,3,3,2,1,100.0,66.7,33.3,50.0
2026-03-23,checkout/pack-permis-complet-boite-automatique-sans-code-lead,2,2,1,1,1,50.0,100.0,50.0,100.0
2026-03-23,checkout/pack-5h,0,0,0,0,0,0,0,0,0
2026-03-23,checkout/conduite-accompagnee-first,0,0,0,0,0,0,0,0,0
2026-03-23,checkout/pack-permis-complet-boite-automatique-sans-code,1,1,1,0,0,100.0,0.0,0.0,0
2026-03-23,checkout/pack-5h-boite-automatique,1,1,1,1,0,100.0,100.0,0.0,0.0
2026-03-23,product/rendez-vous-pedagogiques,2,1,1,1,0,100.0,100.0,0.0,0.0
2026-03-23,checkout/pack-10h,2,1,1,1,0,100.0,100.0,0.0,0.0
2026-03-23,checkout/pack-permis-complet-boite-automatique-revolut,0,0,0,0,0,0,0,0,0
2026-03-23,chatbot_support,0,0,0,0,0,0,0,0,0
2026-03-23,product/pack-permis-casa-nord-france,4,4,4,4,1,100.0,100.0,25.0,25.0
2026-03-23,home_widget,0,0,0,0,0,0,0,0,0
2026-03-23,checkout/pack-10h-boite-automatique,1,1,1,1,1,100.0,100.0,100.0,100.0
2026-03-23,checkout/pack-20h,0,0,0,0,0,0,0,0,0
2026-03-23,checkout/conduite-accompagnee-boite-automatique-first,0,0,0,0,0,0,0,0,0
2026-03-23,product/pack-permis-boite-automatique-casa-nord-france,0,0,0,0,0,0,0,0,0
2026-03-23,product/rendez-vous-pedagogiques-automatique,0,0,0,0,0,0,0,0,0
2026-03-23,checkout/pack-permis-complet-boite-automatique-sans-code-et-reussite-conduite-plus,0,0,0,0,0,0,0,0,0
2026-03-23,checkout/pack-permis-complet-et-reussite-code-plus,0,0,0,0,0,0,0,0,0
2026-03-23,checkout/pack-permis-casa-nord-france,0,0,0,0,0,0,0,0,0
2026-03-23,checkout/pack-permis-complet-boite-automatique-et-reussite-code-plus,0,0,0,0,0,0,0,0,0
2026-03-23,checkout/rendez-vous-pedagogiques,0,0,0,0,0,0,0,0,0
2026-03-23,checkout/pack-permis-complet-boite-automatique-sans-code-et-reussite-conduite-plus-lead,0,0,0,0,0,0,0,0,0
2026-03-23,checkout/pack-permis-boite-automatique-casa-nord-france,0,0,0,0,0,0,0,0,0
2026-03-23,emailcrm&utm_medium=email&utm_source=crm&utm_campaign=3b74f603-2f61-4df1-9869-4dff5e11d8e9,0,0,0,0,0,0,0,0,0
2026-03-23,permis_widget,0,0,0,0,0,0,0,0,0
2026-03-24,shop,141,116,105,91,32,90.5,86.7,27.6,35.2
2026-03-24,unknown,104,92,81,54,16,88.0,66.7,17.4,29.6
2026-03-24,product/pack-permis-complet,26,22,21,17,7,95.5,81.0,31.8,41.2
2026-03-24,product/pack-permis-complet-sans-code,19,17,15,13,5,88.2,86.7,29.4,38.5
2026-03-24,product/pack-permis-complet-sans-code-lead,32,29,26,20,8,89.7,76.9,27.6,40.0
2026-03-24,product/pack-permis-complet-revolut,7,7,7,6,1,100.0,85.7,14.3,16.7
2026-03-24,product/pack-permis-complet-boite-automatique,12,10,10,7,3,100.0,70.0,30.0,42.9
2026-03-24,emailcrm,9,9,6,6,1,66.7,100.0,11.1,16.7
2026-03-24,product/pack-permis-complet-boite-automatique-sans-code,14,9,8,6,4,88.9,75.0,44.4,66.7
2026-03-24,product/pack-permis-complet-boite-automatique-sans-code-lead,11,11,10,8,7,90.9,80.0,63.6,87.5
2026-03-24,product/pack-5h,11,10,10,8,2,100.0,80.0,20.0,25.0
2026-03-24,product/pack-10h,17,15,14,14,3,93.3,100.0,20.0,21.4
2026-03-24,product/conduite-accompagnee-first,0,0,0,0,0,0,0,0,0
2026-03-24,product/pack-20h,5,4,4,4,0,100.0,100.0,0.0,0.0
2026-03-24,product/pack-permis-complet-boite-automatique-revolut,5,5,4,3,0,80.0,75.0,0.0,0.0
2026-03-24,emailcrmheader,8,8,8,7,3,100.0,87.5,37.5,42.9
2026-03-24,product/pack-5h-boite-automatique,1,1,1,0,0,100.0,0.0,0.0,0
2026-03-24,product/pack-10h-boite-automatique,3,3,3,3,0,100.0,100.0,0.0,0.0
2026-03-24,checkout/pack-permis-complet,1,1,1,1,1,100.0,100.0,100.0,100.0
2026-03-24,product/conduite-accompagnee-boite-automatique-first,0,0,0,0,0,0,0,0,0
2026-03-24,checkout/pack-permis-complet-sans-code,3,3,2,1,0,66.7,50.0,0.0,0.0
2026-03-24,infocards,0,0,0,0,0,0,0,0,0
2026-03-24,checkout/pack-permis-complet-sans-code-lead,3,3,3,2,1,100.0,66.7,33.3,50.0
2026-03-24,checkout/pack-permis-complet-boite-automatique,2,2,2,2,1,100.0,100.0,50.0,50.0
2026-03-24,checkout/pack-permis-complet-revolut,2,1,1,0,0,100.0,0.0,0.0,0
2026-03-24,checkout/pack-permis-complet-boite-automatique-sans-code-lead,1,1,1,1,1,100.0,100.0,100.0,100.0
2026-03-24,checkout/pack-5h,1,1,1,1,0,100.0,100.0,0.0,0.0
2026-03-24,checkout/conduite-accompagnee-first,0,0,0,0,0,0,0,0,0
2026-03-24,checkout/pack-permis-complet-boite-automatique-sans-code,0,0,0,0,0,0,0,0,0
2026-03-24,checkout/pack-5h-boite-automatique,0,0,0,0,0,0,0,0,0
2026-03-24,product/rendez-vous-pedagogiques,0,0,0,0,0,0,0,0,0
2026-03-24,checkout/pack-10h,0,0,0,0,0,0,0,0,0
2026-03-24,checkout/pack-permis-complet-boite-automatique-revolut,1,1,1,0,0,100.0,0.0,0.0,0
2026-03-24,chatbot_support,0,0,0,0,0,0,0,0,0
2026-03-24,product/pack-permis-casa-nord-france,4,4,4,4,0,100.0,100.0,0.0,0.0
2026-03-24,home_widget,0,0,0,0,0,0,0,0,0
2026-03-24,checkout/pack-10h-boite-automatique,0,0,0,0,0,0,0,0,0
2026-03-24,checkout/pack-20h,0,0,0,0,0,0,0,0,0
2026-03-24,checkout/conduite-accompagnee-boite-automatique-first,0,0,0,0,0,0,0,0,0
2026-03-24,product/pack-permis-boite-automatique-casa-nord-france,4,3,3,3,1,100.0,100.0,33.3,33.3
2026-03-24,product/rendez-vous-pedagogiques-automatique,0,0,0,0,0,0,0,0,0
2026-03-24,checkout/pack-permis-complet-boite-automatique-sans-code-et-reussite-conduite-plus,0,0,0,0,0,0,0,0,0
2026-03-24,checkout/pack-permis-complet-et-reussite-code-plus,0,0,0,0,0,0,0,0,0
2026-03-24,checkout/pack-permis-casa-nord-france,0,0,0,0,0,0,0,0,0
2026-03-24,checkout/pack-permis-complet-boite-automatique-et-reussite-code-plus,0,0,0,0,0,0,0,0,0
2026-03-24,checkout/rendez-vous-pedagogiques,0,0,0,0,0,0,0,0,0
2026-03-24,checkout/pack-permis-complet-boite-automatique-sans-code-et-reussite-conduite-plus-lead,0,0,0,0,0,0,0,0,0
2026-03-24,checkout/pack-permis-boite-automatique-casa-nord-france,0,0,0,0,0,0,0,0,0
2026-03-24,emailcrm&utm_medium=email&utm_source=crm&utm_campaign=3b74f603-2f61-4df1-9869-4dff5e11d8e9,0,0,0,0,0,0,0,0,0
2026-03-24,permis_widget,0,0,0,0,0,0,0,0,0
2026-03-25,shop,159,129,116,93,35,89.9,80.2,27.1,37.6
2026-03-25,unknown,83,74,68,46,11,91.9,67.6,14.9,23.9
2026-03-25,product/pack-permis-complet,34,30,28,24,7,93.3,85.7,23.3,29.2
2026-03-25,product/pack-permis-complet-sans-code,24,20,17,12,3,85.0,70.6,15.0,25.0
2026-03-25,product/pack-permis-complet-sans-code-lead,23,21,19,14,7,90.5,73.7,33.3,50.0
2026-03-25,product/pack-permis-complet-revolut,23,19,15,12,2,78.9,80.0,10.5,16.7
2026-03-25,product/pack-permis-complet-boite-automatique,7,7,5,4,2,71.4,80.0,28.6,50.0
2026-03-25,emailcrm,14,14,10,9,5,71.4,90.0,35.7,55.6
2026-03-25,product/pack-permis-complet-boite-automatique-sans-code,7,5,5,4,3,100.0,80.0,60.0,75.0
2026-03-25,product/pack-permis-complet-boite-automatique-sans-code-lead,8,8,7,7,5,87.5,100.0,62.5,71.4
2026-03-25,product/pack-5h,9,8,8,5,1,100.0,62.5,12.5,20.0
2026-03-25,product/pack-10h,10,9,7,4,3,77.8,57.1,33.3,75.0
2026-03-25,product/conduite-accompagnee-first,0,0,0,0,0,0,0,0,0
2026-03-25,product/pack-20h,12,7,6,4,1,85.7,66.7,14.3,25.0
2026-03-25,product/pack-permis-complet-boite-automatique-revolut,5,3,3,2,1,100.0,66.7,33.3,50.0
2026-03-25,emailcrmheader,10,7,6,5,0,85.7,83.3,0.0,0.0
2026-03-25,product/pack-5h-boite-automatique,4,3,2,1,0,66.7,50.0,0.0,0.0
2026-03-25,product/pack-10h-boite-automatique,3,3,3,2,0,100.0,66.7,0.0,0.0
2026-03-25,checkout/pack-permis-complet,4,4,3,3,2,75.0,100.0,50.0,66.7
2026-03-25,product/conduite-accompagnee-boite-automatique-first,0,0,0,0,0,0,0,0,0
2026-03-25,checkout/pack-permis-complet-sans-code,2,2,2,2,1,100.0,100.0,50.0,50.0
2026-03-25,infocards,0,0,0,0,0,0,0,0,0
2026-03-25,checkout/pack-permis-complet-sans-code-lead,1,1,1,1,1,100.0,100.0,100.0,100.0
2026-03-25,checkout/pack-permis-complet-boite-automatique,4,4,2,1,0,50.0,50.0,0.0,0.0
2026-03-25,checkout/pack-permis-complet-revolut,0,0,0,0,0,0,0,0,0
2026-03-25,checkout/pack-permis-complet-boite-automatique-sans-code-lead,0,0,0,0,0,0,0,0,0
2026-03-25,checkout/pack-5h,3,3,3,2,0,100.0,66.7,0.0,0.0
2026-03-25,checkout/conduite-accompagnee-first,0,0,0,0,0,0,0,0,0
2026-03-25,checkout/pack-permis-complet-boite-automatique-sans-code,0,0,0,0,0,0,0,0,0
2026-03-25,checkout/pack-5h-boite-automatique,0,0,0,0,0,0,0,0,0
2026-03-25,product/rendez-vous-pedagogiques,1,1,0,0,0,0.0,0,0.0,0
2026-03-25,checkout/pack-10h,1,1,0,0,0,0.0,0,0.0,0
2026-03-25,checkout/pack-permis-complet-boite-automatique-revolut,1,1,1,0,0,100.0,0.0,0.0,0
2026-03-25,chatbot_support,0,0,0,0,0,0,0,0,0
2026-03-25,product/pack-permis-casa-nord-france,1,1,1,1,0,100.0,100.0,0.0,0.0
2026-03-25,home_widget,0,0,0,0,0,0,0,0,0
2026-03-25,checkout/pack-10h-boite-automatique,3,3,2,0,0,66.7,0.0,0.0,0
2026-03-25,checkout/pack-20h,0,0,0,0,0,0,0,0,0
2026-03-25,checkout/conduite-accompagnee-boite-automatique-first,0,0,0,0,0,0,0,0,0
2026-03-25,product/pack-permis-boite-automatique-casa-nord-france,0,0,0,0,0,0,0,0,0
2026-03-25,product/rendez-vous-pedagogiques-automatique,0,0,0,0,0,0,0,0,0
2026-03-25,checkout/pack-permis-complet-boite-automatique-sans-code-et-reussite-conduite-plus,0,0,0,0,0,0,0,0,0
2026-03-25,checkout/pack-permis-complet-et-reussite-code-plus,0,0,0,0,0,0,0,0,0
2026-03-25,checkout/pack-permis-casa-nord-france,0,0,0,0,0,0,0,0,0
2026-03-25,checkout/pack-permis-complet-boite-automatique-et-reussite-code-plus,0,0,0,0,0,0,0,0,0
2026-03-25,checkout/rendez-vous-pedagogiques,0,0,0,0,0,0,0,0,0
2026-03-25,checkout/pack-permis-complet-boite-automatique-sans-code-et-reussite-conduite-plus-lead,0,0,0,0,0,0,0,0,0
2026-03-25,checkout/pack-permis-boite-automatique-casa-nord-france,0,0,0,0,0,0,0,0,0
2026-03-25,emailcrm&utm_medium=email&utm_source=crm&utm_campaign=3b74f603-2f61-4df1-9869-4dff5e11d8e9,0,0,0,0,0,0,0,0,0
2026-03-25,permis_widget,0,0,0,0,0,0,0,0,0
2026-03-26,shop,117,95,94,86,27,98.9,91.5,28.4,31.4
2026-03-26,unknown,87,80,78,47,14,97.5,60.3,17.5,29.8
2026-03-26,product/pack-permis-complet,26,24,23,16,3,95.8,69.6,12.5,18.8
2026-03-26,product/pack-permis-complet-sans-code,23,23,22,20,10,95.7,90.9,43.5,50.0
2026-03-26,product/pack-permis-complet-sans-code-lead,23,23,20,14,4,87.0,70.0,17.4,28.6
2026-03-26,product/pack-permis-complet-revolut,19,11,11,8,3,100.0,72.7,27.3,37.5
2026-03-26,product/pack-permis-complet-boite-automatique,13,10,9,8,4,90.0,88.9,40.0,50.0
2026-03-26,emailcrm,10,8,8,4,2,100.0,50.0,25.0,50.0
2026-03-26,product/pack-permis-complet-boite-automatique-sans-code,5,5,5,5,2,100.0,100.0,40.0,40.0
2026-03-26,product/pack-permis-complet-boite-automatique-sans-code-lead,9,9,9,6,3,100.0,66.7,33.3,50.0
2026-03-26,product/pack-5h,15,14,14,12,1,100.0,85.7,7.1,8.3
2026-03-26,product/pack-10h,8,6,6,6,3,100.0,100.0,50.0,50.0
2026-03-26,product/conduite-accompagnee-first,0,0,0,0,0,0,0,0,0
2026-03-26,product/pack-20h,12,7,7,5,0,100.0,71.4,0.0,0.0
2026-03-26,product/pack-permis-complet-boite-automatique-revolut,13,10,10,7,2,100.0,70.0,20.0,28.6
2026-03-26,emailcrmheader,8,8,7,5,0,87.5,71.4,0.0,0.0
2026-03-26,product/pack-5h-boite-automatique,5,5,5,4,0,100.0,80.0,0.0,0.0
2026-03-26,product/pack-10h-boite-automatique,6,5,5,3,1,100.0,60.0,20.0,33.3
2026-03-26,checkout/pack-permis-complet,1,1,1,1,1,100.0,100.0,100.0,100.0
2026-03-26,product/conduite-accompagnee-boite-automatique-first,0,0,0,0,0,0,0,0,0
2026-03-26,checkout/pack-permis-complet-sans-code,1,1,1,1,0,100.0,100.0,0.0,0.0
2026-03-26,infocards,0,0,0,0,0,0,0,0,0
2026-03-26,checkout/pack-permis-complet-sans-code-lead,1,1,1,1,0,100.0,100.0,0.0,0.0
2026-03-26,checkout/pack-permis-complet-boite-automatique,2,2,2,2,1,100.0,100.0,50.0,50.0
2026-03-26,checkout/pack-permis-complet-revolut,1,1,1,0,0,100.0,0.0,0.0,0
2026-03-26,checkout/pack-permis-complet-boite-automatique-sans-code-lead,3,2,2,1,1,100.0,50.0,50.0,100.0
2026-03-26,checkout/pack-5h,1,1,1,1,1,100.0,100.0,100.0,100.0
2026-03-26,checkout/conduite-accompagnee-first,0,0,0,0,0,0,0,0,0
2026-03-26,checkout/pack-permis-complet-boite-automatique-sans-code,0,0,0,0,0,0,0,0,0
2026-03-26,checkout/pack-5h-boite-automatique,1,1,1,1,0,100.0,100.0,0.0,0.0
2026-03-26,product/rendez-vous-pedagogiques,0,0,0,0,0,0,0,0,0
2026-03-26,checkout/pack-10h,0,0,0,0,0,0,0,0,0
2026-03-26,checkout/pack-permis-complet-boite-automatique-revolut,0,0,0,0,0,0,0,0,0
2026-03-26,chatbot_support,0,0,0,0,0,0,0,0,0
2026-03-26,product/pack-permis-casa-nord-france,2,2,2,1,0,100.0,50.0,0.0,0.0
2026-03-26,home_widget,0,0,0,0,0,0,0,0,0
2026-03-26,checkout/pack-10h-boite-automatique,0,0,0,0,0,0,0,0,0
2026-03-26,checkout/pack-20h,1,1,1,1,0,100.0,100.0,0.0,0.0
2026-03-26,checkout/conduite-accompagnee-boite-automatique-first,0,0,0,0,0,0,0,0,0
2026-03-26,product/pack-permis-boite-automatique-casa-nord-france,0,0,0,0,0,0,0,0,0
2026-03-26,product/rendez-vous-pedagogiques-automatique,0,0,0,0,0,0,0,0,0
2026-03-26,checkout/pack-permis-complet-boite-automatique-sans-code-et-reussite-conduite-plus,0,0,0,0,0,0,0,0,0
2026-03-26,checkout/pack-permis-complet-et-reussite-code-plus,0,0,0,0,0,0,0,0,0
2026-03-26,checkout/pack-permis-casa-nord-france,0,0,0,0,0,0,0,0,0
2026-03-26,checkout/pack-permis-complet-boite-automatique-et-reussite-code-plus,0,0,0,0,0,0,0,0,0
2026-03-26,checkout/rendez-vous-pedagogiques,0,0,0,0,0,0,0,0,0
2026-03-26,checkout/pack-permis-complet-boite-automatique-sans-code-et-reussite-conduite-plus-lead,0,0,0,0,0,0,0,0,0
2026-03-26,checkout/pack-permis-boite-automatique-casa-nord-france,0,0,0,0,0,0,0,0,0
2026-03-26,emailcrm&utm_medium=email&utm_source=crm&utm_campaign=3b74f603-2f61-4df1-9869-4dff5e11d8e9,0,0,0,0,0,0,0,0,0
2026-03-26,permis_widget,0,0,0,0,0,0,0,0,0
2026-03-27,shop,118,96,84,70,30,87.5,83.3,31.2,42.9
2026-03-27,unknown,98,87,75,47,13,86.2,62.7,14.9,27.7
2026-03-27,product/pack-permis-complet,31,28,20,16,8,71.4,80.0,28.6,50.0
2026-03-27,product/pack-permis-complet-sans-code,22,21,16,11,7,76.2,68.8,33.3,63.6
2026-03-27,product/pack-permis-complet-sans-code-lead,35,25,23,14,4,92.0,60.9,16.0,28.6
2026-03-27,product/pack-permis-complet-revolut,9,7,6,5,2,85.7,83.3,28.6,40.0
2026-03-27,product/pack-permis-complet-boite-automatique,6,6,4,4,0,66.7,100.0,0.0,0.0
2026-03-27,emailcrm,10,10,7,7,2,70.0,100.0,20.0,28.6
2026-03-27,product/pack-permis-complet-boite-automatique-sans-code,9,8,8,7,5,100.0,87.5,62.5,71.4
2026-03-27,product/pack-permis-complet-boite-automatique-sans-code-lead,8,7,4,3,0,57.1,75.0,0.0,0.0
2026-03-27,product/pack-5h,7,7,4,3,0,57.1,75.0,0.0,0.0
2026-03-27,product/pack-10h,5,3,3,3,2,100.0,100.0,66.7,66.7
2026-03-27,product/conduite-accompagnee-first,0,0,0,0,0,0,0,0,0
2026-03-27,product/pack-20h,9,5,5,5,0,100.0,100.0,0.0,0.0
2026-03-27,product/pack-permis-complet-boite-automatique-revolut,5,5,5,4,2,100.0,80.0,40.0,50.0
2026-03-27,emailcrmheader,7,7,4,4,0,57.1,100.0,0.0,0.0
2026-03-27,product/pack-5h-boite-automatique,2,2,2,1,0,100.0,50.0,0.0,0.0
2026-03-27,product/pack-10h-boite-automatique,3,3,3,3,0,100.0,100.0,0.0,0.0
2026-03-27,checkout/pack-permis-complet,3,2,2,2,1,100.0,100.0,50.0,50.0
2026-03-27,product/conduite-accompagnee-boite-automatique-first,0,0,0,0,0,0,0,0,0
2026-03-27,checkout/pack-permis-complet-sans-code,2,2,2,1,0,100.0,50.0,0.0,0.0
2026-03-27,infocards,0,0,0,0,0,0,0,0,0
2026-03-27,checkout/pack-permis-complet-sans-code-lead,7,7,4,3,1,57.1,75.0,14.3,33.3
2026-03-27,checkout/pack-permis-complet-boite-automatique,1,1,0,0,0,0.0,0,0.0,0
2026-03-27,checkout/pack-permis-complet-revolut,4,4,3,1,0,75.0,33.3,0.0,0.0
2026-03-27,checkout/pack-permis-complet-boite-automatique-sans-code-lead,0,0,0,0,0,0,0,0,0
2026-03-27,checkout/pack-5h,0,0,0,0,0,0,0,0,0
2026-03-27,checkout/conduite-accompagnee-first,0,0,0,0,0,0,0,0,0
2026-03-27,checkout/pack-permis-complet-boite-automatique-sans-code,1,1,1,1,0,100.0,100.0,0.0,0.0
2026-03-27,checkout/pack-5h-boite-automatique,0,0,0,0,0,0,0,0,0
2026-03-27,product/rendez-vous-pedagogiques,0,0,0,0,0,0,0,0,0
2026-03-27,checkout/pack-10h,2,2,0,0,0,0.0,0,0.0,0
2026-03-27,checkout/pack-permis-complet-boite-automatique-revolut,1,1,0,0,0,0.0,0,0.0,0
2026-03-27,chatbot_support,0,0,0,0,0,0,0,0,0
2026-03-27,product/pack-permis-casa-nord-france,0,0,0,0,0,0,0,0,0
2026-03-27,home_widget,0,0,0,0,0,0,0,0,0
2026-03-27,checkout/pack-10h-boite-automatique,0,0,0,0,0,0,0,0,0
2026-03-27,checkout/pack-20h,0,0,0,0,0,0,0,0,0
2026-03-27,checkout/conduite-accompagnee-boite-automatique-first,0,0,0,0,0,0,0,0,0
2026-03-27,product/pack-permis-boite-automatique-casa-nord-france,0,0,0,0,0,0,0,0,0
2026-03-27,product/rendez-vous-pedagogiques-automatique,0,0,0,0,0,0,0,0,0
2026-03-27,checkout/pack-permis-complet-boite-automatique-sans-code-et-reussite-conduite-plus,0,0,0,0,0,0,0,0,0
2026-03-27,checkout/pack-permis-complet-et-reussite-code-plus,0,0,0,0,0,0,0,0,0
2026-03-27,checkout/pack-permis-casa-nord-france,0,0,0,0,0,0,0,0,0
2026-03-27,checkout/pack-permis-complet-boite-automatique-et-reussite-code-plus,0,0,0,0,0,0,0,0,0
2026-03-27,checkout/rendez-vous-pedagogiques,0,0,0,0,0,0,0,0,0
2026-03-27,checkout/pack-permis-complet-boite-automatique-sans-code-et-reussite-conduite-plus-lead,0,0,0,0,0,0,0,0,0
2026-03-27,checkout/pack-permis-boite-automatique-casa-nord-france,0,0,0,0,0,0,0,0,0
2026-03-27,emailcrm&utm_medium=email&utm_source=crm&utm_campaign=3b74f603-2f61-4df1-9869-4dff5e11d8e9,0,0,0,0,0,0,0,0,0
2026-03-27,permis_widget,0,0,0,0,0,0,0,0,0
2026-03-28,shop,89,62,58,49,13,93.5,84.5,21.0,26.5
2026-03-28,unknown,63,53,50,29,5,94.3,58.0,9.4,17.2
2026-03-28,product/pack-permis-complet,18,15,15,11,5,100.0,73.3,33.3,45.5
2026-03-28,product/pack-permis-complet-sans-code,11,8,8,6,4,100.0,75.0,50.0,66.7
2026-03-28,product/pack-permis-complet-sans-code-lead,19,17,16,13,5,94.1,81.2,29.4,38.5
2026-03-28,product/pack-permis-complet-revolut,15,14,13,11,2,92.9,84.6,14.3,18.2
2026-03-28,product/pack-permis-complet-boite-automatique,3,3,3,3,2,100.0,100.0,66.7,66.7
2026-03-28,emailcrm,8,7,7,6,2,100.0,85.7,28.6,33.3
2026-03-28,product/pack-permis-complet-boite-automatique-sans-code,3,3,2,2,1,66.7,100.0,33.3,50.0
2026-03-28,product/pack-permis-complet-boite-automatique-sans-code-lead,3,2,2,1,1,100.0,50.0,50.0,100.0
2026-03-28,product/pack-5h,10,8,7,6,1,87.5,85.7,12.5,16.7
2026-03-28,product/pack-10h,2,2,2,1,0,100.0,50.0,0.0,0.0
2026-03-28,product/conduite-accompagnee-first,0,0,0,0,0,0,0,0,0
2026-03-28,product/pack-20h,10,6,5,4,0,83.3,80.0,0.0,0.0
2026-03-28,product/pack-permis-complet-boite-automatique-revolut,7,5,4,4,3,80.0,100.0,60.0,75.0
2026-03-28,emailcrmheader,4,4,3,3,2,75.0,100.0,50.0,66.7
2026-03-28,product/pack-5h-boite-automatique,3,3,2,1,0,66.7,50.0,0.0,0.0
2026-03-28,product/pack-10h-boite-automatique,0,0,0,0,0,0,0,0,0
2026-03-28,checkout/pack-permis-complet,1,1,1,1,0,100.0,100.0,0.0,0.0
2026-03-28,product/conduite-accompagnee-boite-automatique-first,0,0,0,0,0,0,0,0,0
2026-03-28,checkout/pack-permis-complet-sans-code,0,0,0,0,0,0,0,0,0
2026-03-28,infocards,0,0,0,0,0,0,0,0,0
2026-03-28,checkout/pack-permis-complet-sans-code-lead,3,3,3,3,3,100.0,100.0,100.0,100.0
2026-03-28,checkout/pack-permis-complet-boite-automatique,0,0,0,0,0,0,0,0,0
2026-03-28,checkout/pack-permis-complet-revolut,1,1,1,0,0,100.0,0.0,0.0,0
2026-03-28,checkout/pack-permis-complet-boite-automatique-sans-code-lead,2,2,2,2,0,100.0,100.0,0.0,0.0
2026-03-28,checkout/pack-5h,1,1,1,1,0,100.0,100.0,0.0,0.0
2026-03-28,checkout/conduite-accompagnee-first,0,0,0,0,0,0,0,0,0
2026-03-28,checkout/pack-permis-complet-boite-automatique-sans-code,0,0,0,0,0,0,0,0,0
2026-03-28,checkout/pack-5h-boite-automatique,2,2,2,2,1,100.0,100.0,50.0,50.0
2026-03-28,product/rendez-vous-pedagogiques,0,0,0,0,0,0,0,0,0
2026-03-28,checkout/pack-10h,0,0,0,0,0,0,0,0,0
2026-03-28,checkout/pack-permis-complet-boite-automatique-revolut,0,0,0,0,0,0,0,0,0
2026-03-28,chatbot_support,0,0,0,0,0,0,0,0,0
2026-03-28,product/pack-permis-casa-nord-france,0,0,0,0,0,0,0,0,0
2026-03-28,home_widget,0,0,0,0,0,0,0,0,0
2026-03-28,checkout/pack-10h-boite-automatique,0,0,0,0,0,0,0,0,0
2026-03-28,checkout/pack-20h,0,0,0,0,0,0,0,0,0
2026-03-28,checkout/conduite-accompagnee-boite-automatique-first,0,0,0,0,0,0,0,0,0
2026-03-28,product/pack-permis-boite-automatique-casa-nord-france,0,0,0,0,0,0,0,0,0
2026-03-28,product/rendez-vous-pedagogiques-automatique,0,0,0,0,0,0,0,0,0
2026-03-28,checkout/pack-permis-complet-boite-automatique-sans-code-et-reussite-conduite-plus,0,0,0,0,0,0,0,0,0
2026-03-28,checkout/pack-permis-complet-et-reussite-code-plus,0,0,0,0,0,0,0,0,0
2026-03-28,checkout/pack-permis-casa-nord-france,1,1,1,0,0,100.0,0.0,0.0,0
2026-03-28,checkout/pack-permis-complet-boite-automatique-et-reussite-code-plus,0,0,0,0,0,0,0,0,0
2026-03-28,checkout/rendez-vous-pedagogiques,0,0,0,0,0,0,0,0,0
2026-03-28,checkout/pack-permis-complet-boite-automatique-sans-code-et-reussite-conduite-plus-lead,0,0,0,0,0,0,0,0,0
2026-03-28,checkout/pack-permis-boite-automatique-casa-nord-france,0,0,0,0,0,0,0,0,0
2026-03-28,emailcrm&utm_medium=email&utm_source=crm&utm_campaign=3b74f603-2f61-4df1-9869-4dff5e11d8e9,0,0,0,0,0,0,0,0,0
2026-03-28,permis_widget,0,0,0,0,0,0,0,0,0
2026-03-29,shop,0,0,0,0,0,0,0,0,0
2026-03-29,unknown,0,0,0,0,0,0,0,0,0
2026-03-29,product/pack-permis-complet,0,0,0,0,0,0,0,0,0
2026-03-29,product/pack-permis-complet-sans-code,0,0,0,0,0,0,0,0,0
2026-03-29,product/pack-permis-complet-sans-code-lead,0,0,0,0,0,0,0,0,0
2026-03-29,product/pack-permis-complet-revolut,0,0,0,0,0,0,0,0,0
2026-03-29,product/pack-permis-complet-boite-automatique,0,0,0,0,0,0,0,0,0
2026-03-29,emailcrm,0,0,0,0,0,0,0,0,0
2026-03-29,product/pack-permis-complet-boite-automatique-sans-code,0,0,0,0,0,0,0,0,0
2026-03-29,product/pack-permis-complet-boite-automatique-sans-code-lead,0,0,0,0,0,0,0,0,0
2026-03-29,product/pack-5h,0,0,0,0,0,0,0,0,0
2026-03-29,product/pack-10h,0,0,0,0,0,0,0,0,0
2026-03-29,product/conduite-accompagnee-first,0,0,0,0,0,0,0,0,0
2026-03-29,product/pack-20h,0,0,0,0,0,0,0,0,0
2026-03-29,product/pack-permis-complet-boite-automatique-revolut,0,0,0,0,0,0,0,0,0
2026-03-29,emailcrmheader,0,0,0,0,0,0,0,0,0
2026-03-29,product/pack-5h-boite-automatique,0,0,0,0,0,0,0,0,0
2026-03-29,product/pack-10h-boite-automatique,0,0,0,0,0,0,0,0,0
2026-03-29,checkout/pack-permis-complet,0,0,0,0,0,0,0,0,0
2026-03-29,product/conduite-accompagnee-boite-automatique-first,0,0,0,0,0,0,0,0,0
2026-03-29,checkout/pack-permis-complet-sans-code,0,0,0,0,0,0,0,0,0
2026-03-29,infocards,0,0,0,0,0,0,0,0,0
2026-03-29,checkout/pack-permis-complet-sans-code-lead,0,0,0,0,0,0,0,0,0
2026-03-29,checkout/pack-permis-complet-boite-automatique,0,0,0,0,0,0,0,0,0
2026-03-29,checkout/pack-permis-complet-revolut,0,0,0,0,0,0,0,0,0
2026-03-29,checkout/pack-permis-complet-boite-automatique-sans-code-lead,0,0,0,0,0,0,0,0,0
2026-03-29,checkout/pack-5h,0,0,0,0,0,0,0,0,0
2026-03-29,checkout/conduite-accompagnee-first,0,0,0,0,0,0,0,0,0
2026-03-29,checkout/pack-permis-complet-boite-automatique-sans-code,0,0,0,0,0,0,0,0,0
2026-03-29,checkout/pack-5h-boite-automatique,0,0,0,0,0,0,0,0,0
2026-03-29,product/rendez-vous-pedagogiques,0,0,0,0,0,0,0,0,0
2026-03-29,checkout/pack-10h,0,0,0,0,0,0,0,0,0
2026-03-29,checkout/pack-permis-complet-boite-automatique-revolut,0,0,0,0,0,0,0,0,0
2026-03-29,chatbot_support,0,0,0,0,0,0,0,0,0
2026-03-29,product/pack-permis-casa-nord-france,0,0,0,0,0,0,0,0,0
2026-03-29,home_widget,0,0,0,0,0,0,0,0,0
2026-03-29,checkout/pack-10h-boite-automatique,0,0,0,0,0,0,0,0,0
2026-03-29,checkout/pack-20h,0,0,0,0,0,0,0,0,0
2026-03-29,checkout/conduite-accompagnee-boite-automatique-first,0,0,0,0,0,0,0,0,0
2026-03-29,product/pack-permis-boite-automatique-casa-nord-france,0,0,0,0,0,0,0,0,0
2026-03-29,product/rendez-vous-pedagogiques-automatique,0,0,0,0,0,0,0,0,0
2026-03-29,checkout/pack-permis-complet-boite-automatique-sans-code-et-reussite-conduite-plus,0,0,0,0,0,0,0,0,0
2026-03-29,checkout/pack-permis-complet-et-reussite-code-plus,0,0,0,0,0,0,0,0,0
2026-03-29,checkout/pack-permis-casa-nord-france,0,0,0,0,0,0,0,0,0
2026-03-29,checkout/pack-permis-complet-boite-automatique-et-reussite-code-plus,0,0,0,0,0,0,0,0,0
2026-03-29,checkout/rendez-vous-pedagogiques,0,0,0,0,0,0,0,0,0
2026-03-29,checkout/pack-permis-complet-boite-automatique-sans-code-et-reussite-conduite-plus-lead,0,0,0,0,0,0,0,0,0
2026-03-29,checkout/pack-permis-boite-automatique-casa-nord-france,0,0,0,0,0,0,0,0,0
2026-03-29,emailcrm&utm_medium=email&utm_source=crm&utm_campaign=3b74f603-2f61-4df1-9869-4dff5e11d8e9,0,0,0,0,0,0,0,0,0
2026-03-29,permis_widget,0,0,0,0,0,0,0,0,0
2026-03-30,shop,191,145,112,92,28,77.2,82.1,19.3,30.4
2026-03-30,unknown,159,142,102,68,25,71.8,66.7,17.6,36.8
2026-03-30,product/pack-permis-complet,48,41,27,19,8,65.9,70.4,19.5,42.1
2026-03-30,product/pack-permis-complet-sans-code,44,38,26,18,8,68.4,69.2,21.1,44.4
2026-03-30,product/pack-permis-complet-sans-code-lead,38,30,21,14,9,70.0,66.7,30.0,64.3
2026-03-30,product/pack-permis-complet-revolut,24,22,17,11,1,77.3,64.7,4.5,9.1
2026-03-30,product/pack-permis-complet-boite-automatique,21,19,12,10,3,63.2,83.3,15.8,30.0
2026-03-30,emailcrm,24,17,12,12,3,70.6,100.0,17.6,25.0
2026-03-30,product/pack-permis-complet-boite-automatique-sans-code,19,19,15,13,8,78.9,86.7,42.1,61.5
2026-03-30,product/pack-permis-complet-boite-automatique-sans-code-lead,15,14,10,8,4,71.4,80.0,28.6,50.0
2026-03-30,product/pack-5h,16,14,12,8,2,85.7,66.7,14.3,25.0
2026-03-30,product/pack-10h,16,13,5,5,3,38.5,100.0,23.1,60.0
2026-03-30,product/conduite-accompagnee-first,0,0,0,0,0,0,0,0,0
2026-03-30,product/pack-20h,8,7,6,5,0,85.7,83.3,0.0,0.0
2026-03-30,product/pack-permis-complet-boite-automatique-revolut,11,8,6,5,4,75.0,83.3,50.0,80.0
2026-03-30,emailcrmheader,20,18,15,11,4,83.3,73.3,22.2,36.4
2026-03-30,product/pack-5h-boite-automatique,1,1,1,0,0,100.0,0.0,0.0,0
2026-03-30,product/pack-10h-boite-automatique,5,5,4,2,1,80.0,50.0,20.0,50.0
2026-03-30,checkout/pack-permis-complet,2,2,2,2,2,100.0,100.0,100.0,100.0
2026-03-30,product/conduite-accompagnee-boite-automatique-first,0,0,0,0,0,0,0,0,0
2026-03-30,checkout/pack-permis-complet-sans-code,3,3,2,1,2,66.7,50.0,66.7,200.0
2026-03-30,infocards,0,0,0,0,0,0,0,0,0
2026-03-30,checkout/pack-permis-complet-sans-code-lead,6,6,5,4,4,83.3,80.0,66.7,100.0
2026-03-30,checkout/pack-permis-complet-boite-automatique,2,2,2,2,1,100.0,100.0,50.0,50.0
2026-03-30,checkout/pack-permis-complet-revolut,3,3,1,1,0,33.3,100.0,0.0,0.0
2026-03-30,checkout/pack-permis-complet-boite-automatique-sans-code-lead,2,2,2,2,0,100.0,100.0,0.0,0.0
2026-03-30,checkout/pack-5h,2,2,1,1,1,50.0,100.0,50.0,100.0
2026-03-30,checkout/conduite-accompagnee-first,0,0,0,0,0,0,0,0,0
2026-03-30,checkout/pack-permis-complet-boite-automatique-sans-code,1,1,1,1,0,100.0,100.0,0.0,0.0
2026-03-30,checkout/pack-5h-boite-automatique,4,3,1,1,0,33.3,100.0,0.0,0.0
2026-03-30,product/rendez-vous-pedagogiques,0,0,0,0,0,0,0,0,0
2026-03-30,checkout/pack-10h,2,2,2,2,0,100.0,100.0,0.0,0.0
2026-03-30,checkout/pack-permis-complet-boite-automatique-revolut,1,1,0,0,0,0.0,0,0.0,0
2026-03-30,chatbot_support,0,0,0,0,0,0,0,0,0
2026-03-30,product/pack-permis-casa-nord-france,1,1,1,1,1,100.0,100.0,100.0,100.0
2026-03-30,home_widget,1,1,1,0,0,100.0,0.0,0.0,0
2026-03-30,checkout/pack-10h-boite-automatique,0,0,0,0,0,0,0,0,0
2026-03-30,checkout/pack-20h,0,0,0,0,0,0,0,0,0
2026-03-30,checkout/conduite-accompagnee-boite-automatique-first,0,0,0,0,0,0,0,0,0
2026-03-30,product/pack-permis-boite-automatique-casa-nord-france,0,0,0,0,0,0,0,0,0
2026-03-30,product/rendez-vous-pedagogiques-automatique,0,0,0,0,0,0,0,0,0
2026-03-30,checkout/pack-permis-complet-boite-automatique-sans-code-et-reussite-conduite-plus,0,0,0,0,0,0,0,0,0
2026-03-30,checkout/pack-permis-complet-et-reussite-code-plus,0,0,0,0,0,0,0,0,0
2026-03-30,checkout/pack-permis-casa-nord-france,0,0,0,0,0,0,0,0,0
2026-03-30,checkout/pack-permis-complet-boite-automatique-et-reussite-code-plus,0,0,0,0,0,0,0,0,0
2026-03-30,checkout/rendez-vous-pedagogiques,0,0,0,0,0,0,0,0,0
2026-03-30,checkout/pack-permis-complet-boite-automatique-sans-code-et-reussite-conduite-plus-lead,0,0,0,0,0,0,0,0,0
2026-03-30,checkout/pack-permis-boite-automatique-casa-nord-france,0,0,0,0,0,0,0,0,0
2026-03-30,emailcrm&utm_medium=email&utm_source=crm&utm_campaign=3b74f603-2f61-4df1-9869-4dff5e11d8e9,0,0,0,0,0,0,0,0,0
2026-03-30,permis_widget,0,0,0,0,0,0,0,0,0
2026-03-31,shop,137,105,98,78,27,93.3,79.6,25.7,34.6
2026-03-31,unknown,107,90,83,55,19,92.2,66.3,21.1,34.5
2026-03-31,product/pack-permis-complet,26,22,20,16,5,90.9,80.0,22.7,31.2
2026-03-31,product/pack-permis-complet-sans-code,20,17,17,14,6,100.0,82.4,35.3,42.9
2026-03-31,product/pack-permis-complet-sans-code-lead,31,29,28,21,12,96.6,75.0,41.4,57.1
2026-03-31,product/pack-permis-complet-revolut,21,15,15,10,0,100.0,66.7,0.0,0.0
2026-03-31,product/pack-permis-complet-boite-automatique,6,6,6,5,3,100.0,83.3,50.0,60.0
2026-03-31,emailcrm,10,8,8,6,2,100.0,75.0,25.0,33.3
2026-03-31,product/pack-permis-complet-boite-automatique-sans-code,10,8,7,5,4,87.5,71.4,50.0,80.0
2026-03-31,product/pack-permis-complet-boite-automatique-sans-code-lead,11,10,10,9,3,100.0,90.0,30.0,33.3
2026-03-31,product/pack-5h,14,12,11,7,1,91.7,63.6,8.3,14.3
2026-03-31,product/pack-10h,4,4,3,3,1,75.0,100.0,25.0,33.3
2026-03-31,product/conduite-accompagnee-first,0,0,0,0,0,0,0,0,0
2026-03-31,product/pack-20h,7,7,7,4,0,100.0,57.1,0.0,0.0
2026-03-31,product/pack-permis-complet-boite-automatique-revolut,4,4,4,3,1,100.0,75.0,25.0,33.3
2026-03-31,emailcrmheader,5,4,3,2,1,75.0,66.7,25.0,50.0
2026-03-31,product/pack-5h-boite-automatique,5,5,4,3,0,80.0,75.0,0.0,0.0
2026-03-31,product/pack-10h-boite-automatique,1,1,1,1,1,100.0,100.0,100.0,100.0
2026-03-31,checkout/pack-permis-complet,3,3,2,0,0,66.7,0.0,0.0,0
2026-03-31,product/conduite-accompagnee-boite-automatique-first,0,0,0,0,0,0,0,0,0
2026-03-31,checkout/pack-permis-complet-sans-code,3,2,2,2,1,100.0,100.0,50.0,50.0
2026-03-31,infocards,0,0,0,0,0,0,0,0,0
2026-03-31,checkout/pack-permis-complet-sans-code-lead,2,2,2,1,0,100.0,50.0,0.0,0.0
2026-03-31,checkout/pack-permis-complet-boite-automatique,1,1,1,1,0,100.0,100.0,0.0,0.0
2026-03-31,checkout/pack-permis-complet-revolut,1,1,0,0,0,0.0,0,0.0,0
2026-03-31,checkout/pack-permis-complet-boite-automatique-sans-code-lead,1,1,1,1,1,100.0,100.0,100.0,100.0
2026-03-31,checkout/pack-5h,4,4,3,2,1,75.0,66.7,25.0,50.0
2026-03-31,checkout/conduite-accompagnee-first,0,0,0,0,0,0,0,0,0
2026-03-31,checkout/pack-permis-complet-boite-automatique-sans-code,0,0,0,0,0,0,0,0,0
2026-03-31,checkout/pack-5h-boite-automatique,0,0,0,0,0,0,0,0,0
2026-03-31,product/rendez-vous-pedagogiques,1,1,1,1,0,100.0,100.0,0.0,0.0
2026-03-31,checkout/pack-10h,2,2,2,2,2,100.0,100.0,100.0,100.0
2026-03-31,checkout/pack-permis-complet-boite-automatique-revolut,2,2,2,0,0,100.0,0.0,0.0,0
2026-03-31,chatbot_support,0,0,0,0,0,0,0,0,0
2026-03-31,product/pack-permis-casa-nord-france,1,1,1,0,0,100.0,0.0,0.0,0
2026-03-31,home_widget,0,0,0,0,0,0,0,0,0
2026-03-31,checkout/pack-10h-boite-automatique,0,0,0,0,0,0,0,0,0
2026-03-31,checkout/pack-20h,0,0,0,0,0,0,0,0,0
2026-03-31,checkout/conduite-accompagnee-boite-automatique-first,0,0,0,0,0,0,0,0,0
2026-03-31,product/pack-permis-boite-automatique-casa-nord-france,0,0,0,0,0,0,0,0,0
2026-03-31,product/rendez-vous-pedagogiques-automatique,0,0,0,0,0,0,0,0,0
2026-03-31,checkout/pack-permis-complet-boite-automatique-sans-code-et-reussite-conduite-plus,0,0,0,0,0,0,0,0,0
2026-03-31,checkout/pack-permis-complet-et-reussite-code-plus,0,0,0,0,0,0,0,0,0
2026-03-31,checkout/pack-permis-casa-nord-france,0,0,0,0,0,0,0,0,0
2026-03-31,checkout/pack-permis-complet-boite-automatique-et-reussite-code-plus,0,0,0,0,0,0,0,0,0
2026-03-31,checkout/rendez-vous-pedagogiques,0,0,0,0,0,0,0,0,0
2026-03-31,checkout/pack-permis-complet-boite-automatique-sans-code-et-reussite-conduite-plus-lead,0,0,0,0,0,0,0,0,0
2026-03-31,checkout/pack-permis-boite-automatique-casa-nord-france,0,0,0,0,0,0,0,0,0
2026-03-31,emailcrm&utm_medium=email&utm_source=crm&utm_campaign=3b74f603-2f61-4df1-9869-4dff5e11d8e9,0,0,0,0,0,0,0,0,0
2026-03-31,permis_widget,0,0,0,0,0,0,0,0,0
2026-04-01,shop,127,105,75,64,28,71.4,85.3,26.7,43.8
2026-04-01,unknown,143,120,100,63,21,83.3,63.0,17.5,33.3
2026-04-01,product/pack-permis-complet,29,26,19,12,9,73.1,63.2,34.6,75.0
2026-04-01,product/pack-permis-complet-sans-code,34,26,22,18,10,84.6,81.8,38.5,55.6
2026-04-01,product/pack-permis-complet-sans-code-lead,34,30,22,17,8,73.3,77.3,26.7,47.1
2026-04-01,product/pack-permis-complet-revolut,27,23,15,12,6,65.2,80.0,26.1,50.0
2026-04-01,product/pack-permis-complet-boite-automatique,21,15,13,6,2,86.7,46.2,13.3,33.3
2026-04-01,emailcrm,11,10,8,6,4,80.0,75.0,40.0,66.7
2026-04-01,product/pack-permis-complet-boite-automatique-sans-code,11,7,4,2,1,57.1,50.0,14.3,50.0
2026-04-01,product/pack-permis-complet-boite-automatique-sans-code-lead,14,13,11,6,2,84.6,54.5,15.4,33.3
2026-04-01,product/pack-5h,13,11,9,6,1,81.8,66.7,9.1,16.7
2026-04-01,product/pack-10h,12,12,10,7,2,83.3,70.0,16.7,28.6
2026-04-01,product/conduite-accompagnee-first,0,0,0,0,0,0,0,0,0
2026-04-01,product/pack-20h,8,8,7,7,0,87.5,100.0,0.0,0.0
2026-04-01,product/pack-permis-complet-boite-automatique-revolut,7,7,4,3,1,57.1,75.0,14.3,33.3
2026-04-01,emailcrmheader,17,12,9,8,3,75.0,88.9,25.0,37.5
2026-04-01,product/pack-5h-boite-automatique,6,5,3,2,2,60.0,66.7,40.0,100.0
2026-04-01,product/pack-10h-boite-automatique,3,3,3,0,0,100.0,0.0,0.0,0
2026-04-01,checkout/pack-permis-complet,1,1,0,0,0,0.0,0,0.0,0
2026-04-01,product/conduite-accompagnee-boite-automatique-first,0,0,0,0,0,0,0,0,0
2026-04-01,checkout/pack-permis-complet-sans-code,9,5,4,3,1,80.0,75.0,20.0,33.3
2026-04-01,infocards,0,0,0,0,0,0,0,0,0
2026-04-01,checkout/pack-permis-complet-sans-code-lead,5,4,4,2,1,100.0,50.0,25.0,50.0
2026-04-01,checkout/pack-permis-complet-boite-automatique,0,0,0,0,0,0,0,0,0
2026-04-01,checkout/pack-permis-complet-revolut,1,1,0,0,0,0.0,0,0.0,0
2026-04-01,checkout/pack-permis-complet-boite-automatique-sans-code-lead,1,1,0,0,0,0.0,0,0.0,0
2026-04-01,checkout/pack-5h,0,0,0,0,0,0,0,0,0
2026-04-01,checkout/conduite-accompagnee-first,0,0,0,0,0,0,0,0,0
2026-04-01,checkout/pack-permis-complet-boite-automatique-sans-code,1,1,1,1,0,100.0,100.0,0.0,0.0
2026-04-01,checkout/pack-5h-boite-automatique,2,2,2,2,1,100.0,100.0,50.0,50.0
2026-04-01,product/rendez-vous-pedagogiques,1,1,1,1,0,100.0,100.0,0.0,0.0
2026-04-01,checkout/pack-10h,0,0,0,0,0,0,0,0,0
2026-04-01,checkout/pack-permis-complet-boite-automatique-revolut,1,1,1,1,1,100.0,100.0,100.0,100.0
2026-04-01,chatbot_support,0,0,0,0,0,0,0,0,0
2026-04-01,product/pack-permis-casa-nord-france,0,0,0,0,0,0,0,0,0
2026-04-01,home_widget,0,0,0,0,0,0,0,0,0
2026-04-01,checkout/pack-10h-boite-automatique,0,0,0,0,0,0,0,0,0
2026-04-01,checkout/pack-20h,0,0,0,0,0,0,0,0,0
2026-04-01,checkout/conduite-accompagnee-boite-automatique-first,0,0,0,0,0,0,0,0,0
2026-04-01,product/pack-permis-boite-automatique-casa-nord-france,2,1,1,1,1,100.0,100.0,100.0,100.0
2026-04-01,product/rendez-vous-pedagogiques-automatique,0,0,0,0,0,0,0,0,0
2026-04-01,checkout/pack-permis-complet-boite-automatique-sans-code-et-reussite-conduite-plus,0,0,0,0,0,0,0,0,0
2026-04-01,checkout/pack-permis-complet-et-reussite-code-plus,0,0,0,0,0,0,0,0,0
2026-04-01,checkout/pack-permis-casa-nord-france,0,0,0,0,0,0,0,0,0
2026-04-01,checkout/pack-permis-complet-boite-automatique-et-reussite-code-plus,0,0,0,0,0,0,0,0,0
2026-04-01,checkout/rendez-vous-pedagogiques,0,0,0,0,0,0,0,0,0
2026-04-01,checkout/pack-permis-complet-boite-automatique-sans-code-et-reussite-conduite-plus-lead,0,0,0,0,0,0,0,0,0
2026-04-01,checkout/pack-permis-boite-automatique-casa-nord-france,0,0,0,0,0,0,0,0,0
2026-04-01,emailcrm&utm_medium=email&utm_source=crm&utm_campaign=3b74f603-2f61-4df1-9869-4dff5e11d8e9,0,0,0,0,0,0,0,0,0
2026-04-01,permis_widget,0,0,0,0,0,0,0,0,0
2026-04-02,shop,116,93,67,52,18,72.0,77.6,19.4,34.6
2026-04-02,unknown,171,145,106,72,17,73.1,67.9,11.7,23.6
2026-04-02,product/pack-permis-complet,28,23,14,12,6,60.9,85.7,26.1,50.0
2026-04-02,product/pack-permis-complet-sans-code,38,27,20,15,8,74.1,75.0,29.6,53.3
2026-04-02,product/pack-permis-complet-sans-code-lead,27,20,14,10,5,70.0,71.4,25.0,50.0
2026-04-02,product/pack-permis-complet-revolut,25,21,10,9,3,47.6,90.0,14.3,33.3
2026-04-02,product/pack-permis-complet-boite-automatique,12,11,7,7,2,63.6,100.0,18.2,28.6
2026-04-02,emailcrm,17,17,13,13,4,76.5,100.0,23.5,30.8
2026-04-02,product/pack-permis-complet-boite-automatique-sans-code,27,21,17,9,6,81.0,52.9,28.6,66.7
2026-04-02,product/pack-permis-complet-boite-automatique-sans-code-lead,24,16,10,8,4,62.5,80.0,25.0,50.0
2026-04-02,product/pack-5h,21,16,12,11,4,75.0,91.7,25.0,36.4
2026-04-02,product/pack-10h,14,13,8,6,2,61.5,75.0,15.4,33.3
2026-04-02,product/conduite-accompagnee-first,0,0,0,0,0,0,0,0,0
2026-04-02,product/pack-20h,12,8,7,5,0,87.5,71.4,0.0,0.0
2026-04-02,product/pack-permis-complet-boite-automatique-revolut,5,4,3,3,0,75.0,100.0,0.0,0.0
2026-04-02,emailcrmheader,19,14,8,6,2,57.1,75.0,14.3,33.3
2026-04-02,product/pack-5h-boite-automatique,4,4,1,1,0,25.0,100.0,0.0,0.0
2026-04-02,product/pack-10h-boite-automatique,4,3,2,1,0,66.7,50.0,0.0,0.0
2026-04-02,checkout/pack-permis-complet,4,4,2,1,0,50.0,50.0,0.0,0.0
2026-04-02,product/conduite-accompagnee-boite-automatique-first,0,0,0,0,0,0,0,0,0
2026-04-02,checkout/pack-permis-complet-sans-code,1,1,0,0,0,0.0,0,0.0,0
2026-04-02,infocards,0,0,0,0,0,0,0,0,0
2026-04-02,checkout/pack-permis-complet-sans-code-lead,1,1,1,1,1,100.0,100.0,100.0,100.0
2026-04-02,checkout/pack-permis-complet-boite-automatique,0,0,0,0,0,0,0,0,0
2026-04-02,checkout/pack-permis-complet-revolut,1,1,0,0,0,0.0,0,0.0,0
2026-04-02,checkout/pack-permis-complet-boite-automatique-sans-code-lead,0,0,0,0,0,0,0,0,0
2026-04-02,checkout/pack-5h,1,1,1,0,0,100.0,0.0,0.0,0
2026-04-02,checkout/conduite-accompagnee-first,0,0,0,0,0,0,0,0,0
2026-04-02,checkout/pack-permis-complet-boite-automatique-sans-code,0,0,0,0,0,0,0,0,0
2026-04-02,checkout/pack-5h-boite-automatique,1,1,0,0,0,0.0,0,0.0,0
2026-04-02,product/rendez-vous-pedagogiques,0,0,0,0,0,0,0,0,0
2026-04-02,checkout/pack-10h,0,0,0,0,0,0,0,0,0
2026-04-02,checkout/pack-permis-complet-boite-automatique-revolut,0,0,0,0,0,0,0,0,0
2026-04-02,chatbot_support,0,0,0,0,0,0,0,0,0
2026-04-02,product/pack-permis-casa-nord-france,1,1,0,0,0,0.0,0,0.0,0
2026-04-02,home_widget,0,0,0,0,0,0,0,0,0
2026-04-02,checkout/pack-10h-boite-automatique,0,0,0,0,0,0,0,0,0
2026-04-02,checkout/pack-20h,0,0,0,0,0,0,0,0,0
2026-04-02,checkout/conduite-accompagnee-boite-automatique-first,0,0,0,0,0,0,0,0,0
2026-04-02,product/pack-permis-boite-automatique-casa-nord-france,0,0,0,0,0,0,0,0,0
2026-04-02,product/rendez-vous-pedagogiques-automatique,0,0,0,0,0,0,0,0,0
2026-04-02,checkout/pack-permis-complet-boite-automatique-sans-code-et-reussite-conduite-plus,0,0,0,0,0,0,0,0,0
2026-04-02,checkout/pack-permis-complet-et-reussite-code-plus,0,0,0,0,0,0,0,0,0
2026-04-02,checkout/pack-permis-casa-nord-france,0,0,0,0,0,0,0,0,0
2026-04-02,checkout/pack-permis-complet-boite-automatique-et-reussite-code-plus,0,0,0,0,0,0,0,0,0
2026-04-02,checkout/rendez-vous-pedagogiques,0,0,0,0,0,0,0,0,0
2026-04-02,checkout/pack-permis-complet-boite-automatique-sans-code-et-reussite-conduite-plus-lead,0,0,0,0,0,0,0,0,0
2026-04-02,checkout/pack-permis-boite-automatique-casa-nord-france,0,0,0,0,0,0,0,0,0
2026-04-02,emailcrm&utm_medium=email&utm_source=crm&utm_campaign=3b74f603-2f61-4df1-9869-4dff5e11d8e9,0,0,0,0,0,0,0,0,0
2026-04-02,permis_widget,0,0,0,0,0,0,0,0,0
2026-04-03,shop,131,105,80,68,20,76.2,85.0,19.0,29.4
2026-04-03,unknown,102,88,59,35,5,67.0,59.3,5.7,14.3
2026-04-03,product/pack-permis-complet,28,25,19,14,5,76.0,73.7,20.0,35.7
2026-04-03,product/pack-permis-complet-sans-code,24,20,16,12,8,80.0,75.0,40.0,66.7
2026-04-03,product/pack-permis-complet-sans-code-lead,18,17,11,9,4,64.7,81.8,23.5,44.4
2026-04-03,product/pack-permis-complet-revolut,28,23,17,12,2,73.9,70.6,8.7,16.7
2026-04-03,product/pack-permis-complet-boite-automatique,15,14,6,3,1,42.9,50.0,7.1,33.3
2026-04-03,emailcrm,15,14,10,8,1,71.4,80.0,7.1,12.5
2026-04-03,product/pack-permis-complet-boite-automatique-sans-code,11,10,7,6,3,70.0,85.7,30.0,50.0
2026-04-03,product/pack-permis-complet-boite-automatique-sans-code-lead,14,13,8,8,0,61.5,100.0,0.0,0.0
2026-04-03,product/pack-5h,9,8,6,6,2,75.0,100.0,25.0,33.3
2026-04-03,product/pack-10h,6,6,5,3,2,83.3,60.0,33.3,66.7
2026-04-03,product/conduite-accompagnee-first,7,5,3,2,1,60.0,66.7,20.0,50.0
2026-04-03,product/pack-20h,19,10,5,4,0,50.0,80.0,0.0,0.0
2026-04-03,product/pack-permis-complet-boite-automatique-revolut,8,5,5,4,1,100.0,80.0,20.0,25.0
2026-04-03,emailcrmheader,23,17,8,7,0,47.1,87.5,0.0,0.0
2026-04-03,product/pack-5h-boite-automatique,3,2,1,1,1,50.0,100.0,50.0,100.0
2026-04-03,product/pack-10h-boite-automatique,5,3,2,2,0,66.7,100.0,0.0,0.0
2026-04-03,checkout/pack-permis-complet,1,1,1,1,1,100.0,100.0,100.0,100.0
2026-04-03,product/conduite-accompagnee-boite-automatique-first,3,2,2,2,2,100.0,100.0,100.0,100.0
2026-04-03,checkout/pack-permis-complet-sans-code,5,4,3,2,1,75.0,66.7,25.0,50.0
2026-04-03,infocards,0,0,0,0,0,0,0,0,0
2026-04-03,checkout/pack-permis-complet-sans-code-lead,0,0,0,0,0,0,0,0,0
2026-04-03,checkout/pack-permis-complet-boite-automatique,2,2,2,1,0,100.0,50.0,0.0,0.0
2026-04-03,checkout/pack-permis-complet-revolut,1,1,1,0,0,100.0,0.0,0.0,0
2026-04-03,checkout/pack-permis-complet-boite-automatique-sans-code-lead,2,2,0,0,0,0.0,0,0.0,0
2026-04-03,checkout/pack-5h,1,1,1,1,1,100.0,100.0,100.0,100.0
2026-04-03,checkout/conduite-accompagnee-first,2,1,1,1,0,100.0,100.0,0.0,0.0
2026-04-03,checkout/pack-permis-complet-boite-automatique-sans-code,0,0,0,0,0,0,0,0,0
2026-04-03,checkout/pack-5h-boite-automatique,3,1,1,1,0,100.0,100.0,0.0,0.0
2026-04-03,product/rendez-vous-pedagogiques,0,0,0,0,0,0,0,0,0
2026-04-03,checkout/pack-10h,1,1,1,0,0,100.0,0.0,0.0,0
2026-04-03,checkout/pack-permis-complet-boite-automatique-revolut,1,1,1,1,0,100.0,100.0,0.0,0.0
2026-04-03,chatbot_support,0,0,0,0,0,0,0,0,0
2026-04-03,product/pack-permis-casa-nord-france,0,0,0,0,0,0,0,0,0
2026-04-03,home_widget,0,0,0,0,0,0,0,0,0
2026-04-03,checkout/pack-10h-boite-automatique,0,0,0,0,0,0,0,0,0
2026-04-03,checkout/pack-20h,1,1,1,1,0,100.0,100.0,0.0,0.0
2026-04-03,checkout/conduite-accompagnee-boite-automatique-first,0,0,0,0,0,0,0,0,0
2026-04-03,product/pack-permis-boite-automatique-casa-nord-france,1,1,0,0,0,0.0,0,0.0,0
2026-04-03,product/rendez-vous-pedagogiques-automatique,1,1,1,1,0,100.0,100.0,0.0,0.0
2026-04-03,checkout/pack-permis-complet-boite-automatique-sans-code-et-reussite-conduite-plus,0,0,0,0,0,0,0,0,0
2026-04-03,checkout/pack-permis-complet-et-reussite-code-plus,0,0,0,0,0,0,0,0,0
2026-04-03,checkout/pack-permis-casa-nord-france,0,0,0,0,0,0,0,0,0
2026-04-03,checkout/pack-permis-complet-boite-automatique-et-reussite-code-plus,0,0,0,0,0,0,0,0,0
2026-04-03,checkout/rendez-vous-pedagogiques,0,0,0,0,0,0,0,0,0
2026-04-03,checkout/pack-permis-complet-boite-automatique-sans-code-et-reussite-conduite-plus-lead,0,0,0,0,0,0,0,0,0
2026-04-03,checkout/pack-permis-boite-automatique-casa-nord-france,0,0,0,0,0,0,0,0,0
2026-04-03,emailcrm&utm_medium=email&utm_source=crm&utm_campaign=3b74f603-2f61-4df1-9869-4dff5e11d8e9,0,0,0,0,0,0,0,0,0
2026-04-03,permis_widget,0,0,0,0,0,0,0,0,0
2026-04-04,shop,55,47,40,34,8,85.1,85.0,17.0,23.5
2026-04-04,unknown,74,59,43,29,7,72.9,67.4,11.9,24.1
2026-04-04,product/pack-permis-complet,16,11,6,4,2,54.5,66.7,18.2,50.0
2026-04-04,product/pack-permis-complet-sans-code,6,5,5,3,0,100.0,60.0,0.0,0.0
2026-04-04,product/pack-permis-complet-sans-code-lead,9,6,5,5,3,83.3,100.0,50.0,60.0
2026-04-04,product/pack-permis-complet-revolut,10,10,9,6,1,90.0,66.7,10.0,16.7
2026-04-04,product/pack-permis-complet-boite-automatique,3,3,2,0,0,66.7,0.0,0.0,0
2026-04-04,emailcrm,21,17,14,13,2,82.4,92.9,11.8,15.4
2026-04-04,product/pack-permis-complet-boite-automatique-sans-code,4,4,3,2,3,75.0,66.7,75.0,150.0
2026-04-04,product/pack-permis-complet-boite-automatique-sans-code-lead,4,4,3,2,0,75.0,66.7,0.0,0.0
2026-04-04,product/pack-5h,8,7,6,3,0,85.7,50.0,0.0,0.0
2026-04-04,product/pack-10h,1,1,1,1,0,100.0,100.0,0.0,0.0
2026-04-04,product/conduite-accompagnee-first,12,9,8,4,3,88.9,50.0,33.3,75.0
2026-04-04,product/pack-20h,8,4,4,2,0,100.0,50.0,0.0,0.0
2026-04-04,product/pack-permis-complet-boite-automatique-revolut,3,3,1,1,0,33.3,100.0,0.0,0.0
2026-04-04,emailcrmheader,8,8,6,4,1,75.0,66.7,12.5,25.0
2026-04-04,product/pack-5h-boite-automatique,1,1,1,0,0,100.0,0.0,0.0,0
2026-04-04,product/pack-10h-boite-automatique,1,1,0,0,0,0.0,0,0.0,0
2026-04-04,checkout/pack-permis-complet,0,0,0,0,0,0,0,0,0
2026-04-04,product/conduite-accompagnee-boite-automatique-first,0,0,0,0,0,0,0,0,0
2026-04-04,checkout/pack-permis-complet-sans-code,1,1,0,0,0,0.0,0,0.0,0
2026-04-04,infocards,0,0,0,0,0,0,0,0,0
2026-04-04,checkout/pack-permis-complet-sans-code-lead,5,4,3,3,1,75.0,100.0,25.0,33.3
2026-04-04,checkout/pack-permis-complet-boite-automatique,1,1,1,0,0,100.0,0.0,0.0,0
2026-04-04,checkout/pack-permis-complet-revolut,0,0,0,0,0,0,0,0,0
2026-04-04,checkout/pack-permis-complet-boite-automatique-sans-code-lead,0,0,0,0,0,0,0,0,0
2026-04-04,checkout/pack-5h,0,0,0,0,0,0,0,0,0
2026-04-04,checkout/conduite-accompagnee-first,1,1,1,0,0,100.0,0.0,0.0,0
2026-04-04,checkout/pack-permis-complet-boite-automatique-sans-code,0,0,0,0,0,0,0,0,0
2026-04-04,checkout/pack-5h-boite-automatique,0,0,0,0,0,0,0,0,0
2026-04-04,product/rendez-vous-pedagogiques,0,0,0,0,0,0,0,0,0
2026-04-04,checkout/pack-10h,0,0,0,0,0,0,0,0,0
2026-04-04,checkout/pack-permis-complet-boite-automatique-revolut,2,1,1,1,1,100.0,100.0,100.0,100.0
2026-04-04,chatbot_support,0,0,0,0,0,0,0,0,0
2026-04-04,product/pack-permis-casa-nord-france,0,0,0,0,0,0,0,0,0
2026-04-04,home_widget,0,0,0,0,0,0,0,0,0
2026-04-04,checkout/pack-10h-boite-automatique,0,0,0,0,0,0,0,0,0
2026-04-04,checkout/pack-20h,0,0,0,0,0,0,0,0,0
2026-04-04,checkout/conduite-accompagnee-boite-automatique-first,0,0,0,0,0,0,0,0,0
2026-04-04,product/pack-permis-boite-automatique-casa-nord-france,0,0,0,0,0,0,0,0,0
2026-04-04,product/rendez-vous-pedagogiques-automatique,0,0,0,0,0,0,0,0,0
2026-04-04,checkout/pack-permis-complet-boite-automatique-sans-code-et-reussite-conduite-plus,0,0,0,0,0,0,0,0,0
2026-04-04,checkout/pack-permis-complet-et-reussite-code-plus,0,0,0,0,0,0,0,0,0
2026-04-04,checkout/pack-permis-casa-nord-france,0,0,0,0,0,0,0,0,0
2026-04-04,checkout/pack-permis-complet-boite-automatique-et-reussite-code-plus,0,0,0,0,0,0,0,0,0
2026-04-04,checkout/rendez-vous-pedagogiques,0,0,0,0,0,0,0,0,0
2026-04-04,checkout/pack-permis-complet-boite-automatique-sans-code-et-reussite-conduite-plus-lead,0,0,0,0,0,0,0,0,0
2026-04-04,checkout/pack-permis-boite-automatique-casa-nord-france,0,0,0,0,0,0,0,0,0
2026-04-04,emailcrm&utm_medium=email&utm_source=crm&utm_campaign=3b74f603-2f61-4df1-9869-4dff5e11d8e9,0,0,0,0,0,0,0,0,0
2026-04-04,permis_widget,0,0,0,0,0,0,0,0,0
2026-04-05,shop,0,0,0,0,0,0,0,0,0
2026-04-05,unknown,0,0,0,0,0,0,0,0,0
2026-04-05,product/pack-permis-complet,0,0,0,0,0,0,0,0,0
2026-04-05,product/pack-permis-complet-sans-code,0,0,0,0,0,0,0,0,0
2026-04-05,product/pack-permis-complet-sans-code-lead,0,0,0,0,0,0,0,0,0
2026-04-05,product/pack-permis-complet-revolut,0,0,0,0,0,0,0,0,0
2026-04-05,product/pack-permis-complet-boite-automatique,0,0,0,0,0,0,0,0,0
2026-04-05,emailcrm,0,0,0,0,0,0,0,0,0
2026-04-05,product/pack-permis-complet-boite-automatique-sans-code,0,0,0,0,0,0,0,0,0
2026-04-05,product/pack-permis-complet-boite-automatique-sans-code-lead,0,0,0,0,0,0,0,0,0
2026-04-05,product/pack-5h,0,0,0,0,0,0,0,0,0
2026-04-05,product/pack-10h,0,0,0,0,0,0,0,0,0
2026-04-05,product/conduite-accompagnee-first,0,0,0,0,0,0,0,0,0
2026-04-05,product/pack-20h,0,0,0,0,0,0,0,0,0
2026-04-05,product/pack-permis-complet-boite-automatique-revolut,0,0,0,0,0,0,0,0,0
2026-04-05,emailcrmheader,0,0,0,0,0,0,0,0,0
2026-04-05,product/pack-5h-boite-automatique,0,0,0,0,0,0,0,0,0
2026-04-05,product/pack-10h-boite-automatique,0,0,0,0,0,0,0,0,0
2026-04-05,checkout/pack-permis-complet,0,0,0,0,0,0,0,0,0
2026-04-05,product/conduite-accompagnee-boite-automatique-first,0,0,0,0,0,0,0,0,0
2026-04-05,checkout/pack-permis-complet-sans-code,0,0,0,0,0,0,0,0,0
2026-04-05,infocards,0,0,0,0,0,0,0,0,0
2026-04-05,checkout/pack-permis-complet-sans-code-lead,0,0,0,0,0,0,0,0,0
2026-04-05,checkout/pack-permis-complet-boite-automatique,0,0,0,0,0,0,0,0,0
2026-04-05,checkout/pack-permis-complet-revolut,0,0,0,0,0,0,0,0,0
2026-04-05,checkout/pack-permis-complet-boite-automatique-sans-code-lead,0,0,0,0,0,0,0,0,0
2026-04-05,checkout/pack-5h,0,0,0,0,0,0,0,0,0
2026-04-05,checkout/conduite-accompagnee-first,0,0,0,0,0,0,0,0,0
2026-04-05,checkout/pack-permis-complet-boite-automatique-sans-code,0,0,0,0,0,0,0,0,0
2026-04-05,checkout/pack-5h-boite-automatique,0,0,0,0,0,0,0,0,0
2026-04-05,product/rendez-vous-pedagogiques,0,0,0,0,0,0,0,0,0
2026-04-05,checkout/pack-10h,0,0,0,0,0,0,0,0,0
2026-04-05,checkout/pack-permis-complet-boite-automatique-revolut,0,0,0,0,0,0,0,0,0
2026-04-05,chatbot_support,0,0,0,0,0,0,0,0,0
2026-04-05,product/pack-permis-casa-nord-france,0,0,0,0,0,0,0,0,0
2026-04-05,home_widget,0,0,0,0,0,0,0,0,0
2026-04-05,checkout/pack-10h-boite-automatique,0,0,0,0,0,0,0,0,0
2026-04-05,checkout/pack-20h,0,0,0,0,0,0,0,0,0
2026-04-05,checkout/conduite-accompagnee-boite-automatique-first,0,0,0,0,0,0,0,0,0
2026-04-05,product/pack-permis-boite-automatique-casa-nord-france,0,0,0,0,0,0,0,0,0
2026-04-05,product/rendez-vous-pedagogiques-automatique,0,0,0,0,0,0,0,0,0
2026-04-05,checkout/pack-permis-complet-boite-automatique-sans-code-et-reussite-conduite-plus,0,0,0,0,0,0,0,0,0
2026-04-05,checkout/pack-permis-complet-et-reussite-code-plus,0,0,0,0,0,0,0,0,0
2026-04-05,checkout/pack-permis-casa-nord-france,0,0,0,0,0,0,0,0,0
2026-04-05,checkout/pack-permis-complet-boite-automatique-et-reussite-code-plus,0,0,0,0,0,0,0,0,0
2026-04-05,checkout/rendez-vous-pedagogiques,0,0,0,0,0,0,0,0,0
2026-04-05,checkout/pack-permis-complet-boite-automatique-sans-code-et-reussite-conduite-plus-lead,0,0,0,0,0,0,0,0,0
2026-04-05,checkout/pack-permis-boite-automatique-casa-nord-france,0,0,0,0,0,0,0,0,0
2026-04-05,emailcrm&utm_medium=email&utm_source=crm&utm_campaign=3b74f603-2f61-4df1-9869-4dff5e11d8e9,0,0,0,0,0,0,0,0,0
2026-04-05,permis_widget,0,0,0,0,0,0,0,0,0
2026-04-06,shop,0,0,0,0,0,0,0,0,0
2026-04-06,unknown,0,0,0,0,0,0,0,0,0
2026-04-06,product/pack-permis-complet,0,0,0,0,0,0,0,0,0
2026-04-06,product/pack-permis-complet-sans-code,0,0,0,0,0,0,0,0,0
2026-04-06,product/pack-permis-complet-sans-code-lead,0,0,0,0,0,0,0,0,0
2026-04-06,product/pack-permis-complet-revolut,0,0,0,0,0,0,0,0,0
2026-04-06,product/pack-permis-complet-boite-automatique,0,0,0,0,0,0,0,0,0
2026-04-06,emailcrm,0,0,0,0,0,0,0,0,0
2026-04-06,product/pack-permis-complet-boite-automatique-sans-code,0,0,0,0,0,0,0,0,0
2026-04-06,product/pack-permis-complet-boite-automatique-sans-code-lead,0,0,0,0,0,0,0,0,0
2026-04-06,product/pack-5h,0,0,0,0,0,0,0,0,0
2026-04-06,product/pack-10h,0,0,0,0,0,0,0,0,0
2026-04-06,product/conduite-accompagnee-first,0,0,0,0,0,0,0,0,0
2026-04-06,product/pack-20h,0,0,0,0,0,0,0,0,0
2026-04-06,product/pack-permis-complet-boite-automatique-revolut,0,0,0,0,0,0,0,0,0
2026-04-06,emailcrmheader,0,0,0,0,0,0,0,0,0
2026-04-06,product/pack-5h-boite-automatique,0,0,0,0,0,0,0,0,0
2026-04-06,product/pack-10h-boite-automatique,0,0,0,0,0,0,0,0,0
2026-04-06,checkout/pack-permis-complet,0,0,0,0,0,0,0,0,0
2026-04-06,product/conduite-accompagnee-boite-automatique-first,0,0,0,0,0,0,0,0,0
2026-04-06,checkout/pack-permis-complet-sans-code,0,0,0,0,0,0,0,0,0
2026-04-06,infocards,0,0,0,0,0,0,0,0,0
2026-04-06,checkout/pack-permis-complet-sans-code-lead,0,0,0,0,0,0,0,0,0
2026-04-06,checkout/pack-permis-complet-boite-automatique,0,0,0,0,0,0,0,0,0
2026-04-06,checkout/pack-permis-complet-revolut,0,0,0,0,0,0,0,0,0
2026-04-06,checkout/pack-permis-complet-boite-automatique-sans-code-lead,0,0,0,0,0,0,0,0,0
2026-04-06,checkout/pack-5h,0,0,0,0,0,0,0,0,0
2026-04-06,checkout/conduite-accompagnee-first,0,0,0,0,0,0,0,0,0
2026-04-06,checkout/pack-permis-complet-boite-automatique-sans-code,0,0,0,0,0,0,0,0,0
2026-04-06,checkout/pack-5h-boite-automatique,0,0,0,0,0,0,0,0,0
2026-04-06,product/rendez-vous-pedagogiques,0,0,0,0,0,0,0,0,0
2026-04-06,checkout/pack-10h,0,0,0,0,0,0,0,0,0
2026-04-06,checkout/pack-permis-complet-boite-automatique-revolut,0,0,0,0,0,0,0,0,0
2026-04-06,chatbot_support,0,0,0,0,0,0,0,0,0
2026-04-06,product/pack-permis-casa-nord-france,0,0,0,0,0,0,0,0,0
2026-04-06,home_widget,0,0,0,0,0,0,0,0,0
2026-04-06,checkout/pack-10h-boite-automatique,0,0,0,0,0,0,0,0,0
2026-04-06,checkout/pack-20h,0,0,0,0,0,0,0,0,0
2026-04-06,checkout/conduite-accompagnee-boite-automatique-first,0,0,0,0,0,0,0,0,0
2026-04-06,product/pack-permis-boite-automatique-casa-nord-france,0,0,0,0,0,0,0,0,0
2026-04-06,product/rendez-vous-pedagogiques-automatique,0,0,0,0,0,0,0,0,0
2026-04-06,checkout/pack-permis-complet-boite-automatique-sans-code-et-reussite-conduite-plus,0,0,0,0,0,0,0,0,0
2026-04-06,checkout/pack-permis-complet-et-reussite-code-plus,0,0,0,0,0,0,0,0,0
2026-04-06,checkout/pack-permis-casa-nord-france,0,0,0,0,0,0,0,0,0
2026-04-06,checkout/pack-permis-complet-boite-automatique-et-reussite-code-plus,0,0,0,0,0,0,0,0,0
2026-04-06,checkout/rendez-vous-pedagogiques,0,0,0,0,0,0,0,0,0
2026-04-06,checkout/pack-permis-complet-boite-automatique-sans-code-et-reussite-conduite-plus-lead,0,0,0,0,0,0,0,0,0
2026-04-06,checkout/pack-permis-boite-automatique-casa-nord-france,0,0,0,0,0,0,0,0,0
2026-04-06,emailcrm&utm_medium=email&utm_source=crm&utm_campaign=3b74f603-2f61-4df1-9869-4dff5e11d8e9,0,0,0,0,0,0,0,0,0
2026-04-06,permis_widget,0,0,0,0,0,0,0,0,0
2026-04-07,shop,233,170,57,45,21,33.5,78.9,12.4,46.7
2026-04-07,unknown,192,166,53,32,12,31.9,60.4,7.2,37.5
2026-04-07,product/pack-permis-complet,36,33,9,6,3,27.3,66.7,9.1,50.0
2026-04-07,product/pack-permis-complet-sans-code,30,24,8,5,7,33.3,62.5,29.2,140.0
2026-04-07,product/pack-permis-complet-sans-code-lead,39,30,13,12,7,43.3,92.3,23.3,58.3
2026-04-07,product/pack-permis-complet-revolut,33,21,4,4,1,19.0,100.0,4.8,25.0
2026-04-07,product/pack-permis-complet-boite-automatique,19,17,5,4,3,29.4,80.0,17.6,75.0
2026-04-07,emailcrm,21,20,4,3,5,20.0,75.0,25.0,166.7
2026-04-07,product/pack-permis-complet-boite-automatique-sans-code,16,15,5,4,3,33.3,80.0,20.0,75.0
2026-04-07,product/pack-permis-complet-boite-automatique-sans-code-lead,25,20,5,5,4,25.0,100.0,20.0,80.0
2026-04-07,product/pack-5h,12,11,3,1,3,27.3,33.3,27.3,300.0
2026-04-07,product/pack-10h,14,12,1,1,1,8.3,100.0,8.3,100.0
2026-04-07,product/conduite-accompagnee-first,16,14,1,1,2,7.1,100.0,14.3,200.0
2026-04-07,product/pack-20h,28,15,6,5,0,40.0,83.3,0.0,0.0
2026-04-07,product/pack-permis-complet-boite-automatique-revolut,7,6,1,1,1,16.7,100.0,16.7,100.0
2026-04-07,emailcrmheader,32,26,9,7,3,34.6,77.8,11.5,42.9
2026-04-07,product/pack-5h-boite-automatique,1,1,0,0,0,0.0,0,0.0,0
2026-04-07,product/pack-10h-boite-automatique,3,3,0,0,1,0.0,0,33.3,0
2026-04-07,checkout/pack-permis-complet,5,5,1,1,0,20.0,100.0,0.0,0.0
2026-04-07,product/conduite-accompagnee-boite-automatique-first,6,4,0,0,0,0.0,0,0.0,0
2026-04-07,checkout/pack-permis-complet-sans-code,0,0,0,0,0,0,0,0,0
2026-04-07,infocards,0,0,0,0,0,0,0,0,0
2026-04-07,checkout/pack-permis-complet-sans-code-lead,5,4,1,1,1,25.0,100.0,25.0,100.0
2026-04-07,checkout/pack-permis-complet-boite-automatique,2,2,1,1,0,50.0,100.0,0.0,0.0
2026-04-07,checkout/pack-permis-complet-revolut,6,4,1,0,1,25.0,0.0,25.0,0
2026-04-07,checkout/pack-permis-complet-boite-automatique-sans-code-lead,3,2,1,1,1,50.0,100.0,50.0,100.0
2026-04-07,checkout/pack-5h,1,1,0,0,0,0.0,0,0.0,0
2026-04-07,checkout/conduite-accompagnee-first,2,1,0,0,0,0.0,0,0.0,0
2026-04-07,checkout/pack-permis-complet-boite-automatique-sans-code,3,3,0,0,0,0.0,0,0.0,0
2026-04-07,checkout/pack-5h-boite-automatique,3,2,0,0,0,0.0,0,0.0,0
2026-04-07,product/rendez-vous-pedagogiques,2,2,0,0,0,0.0,0,0.0,0
2026-04-07,checkout/pack-10h,1,1,0,0,0,0.0,0,0.0,0
2026-04-07,checkout/pack-permis-complet-boite-automatique-revolut,1,1,0,0,0,0.0,0,0.0,0
2026-04-07,chatbot_support,0,0,0,0,0,0,0,0,0
2026-04-07,product/pack-permis-casa-nord-france,1,1,0,0,0,0.0,0,0.0,0
2026-04-07,home_widget,2,1,1,0,0,100.0,0.0,0.0,0
2026-04-07,checkout/pack-10h-boite-automatique,0,0,0,0,0,0,0,0,0
2026-04-07,checkout/pack-20h,3,3,0,0,0,0.0,0,0.0,0
2026-04-07,checkout/conduite-accompagnee-boite-automatique-first,1,1,0,0,0,0.0,0,0.0,0
2026-04-07,product/pack-permis-boite-automatique-casa-nord-france,0,0,0,0,0,0,0,0,0
2026-04-07,product/rendez-vous-pedagogiques-automatique,0,0,0,0,0,0,0,0,0
2026-04-07,checkout/pack-permis-complet-boite-automatique-sans-code-et-reussite-conduite-plus,0,0,0,0,0,0,0,0,0
2026-04-07,checkout/pack-permis-complet-et-reussite-code-plus,0,0,0,0,0,0,0,0,0
2026-04-07,checkout/pack-permis-casa-nord-france,0,0,0,0,0,0,0,0,0
2026-04-07,checkout/pack-permis-complet-boite-automatique-et-reussite-code-plus,0,0,0,0,0,0,0,0,0
2026-04-07,checkout/rendez-vous-pedagogiques,0,0,0,0,0,0,0,0,0
2026-04-07,checkout/pack-permis-complet-boite-automatique-sans-code-et-reussite-conduite-plus-lead,0,0,0,0,0,0,0,0,0
2026-04-07,checkout/pack-permis-boite-automatique-casa-nord-france,0,0,0,0,0,0,0,0,0
2026-04-07,emailcrm&utm_medium=email&utm_source=crm&utm_campaign=3b74f603-2f61-4df1-9869-4dff5e11d8e9,0,0,0,0,0,0,0,0,0
2026-04-07,permis_widget,0,0,0,0,0,0,0,0,0
2026-04-08,shop,154,127,112,95,37,88.2,84.8,29.1,38.9
2026-04-08,unknown,111,93,80,54,17,86.0,67.5,18.3,31.5
2026-04-08,product/pack-permis-complet,31,28,24,18,6,85.7,75.0,21.4,33.3
2026-04-08,product/pack-permis-complet-sans-code,25,16,13,10,6,81.2,76.9,37.5,60.0
2026-04-08,product/pack-permis-complet-sans-code-lead,18,14,12,10,10,85.7,83.3,71.4,100.0
2026-04-08,product/pack-permis-complet-revolut,20,17,14,11,6,82.4,78.6,35.3,54.5
2026-04-08,product/pack-permis-complet-boite-automatique,19,18,16,14,5,88.9,87.5,27.8,35.7
2026-04-08,emailcrm,13,12,11,10,4,91.7,90.9,33.3,40.0
2026-04-08,product/pack-permis-complet-boite-automatique-sans-code,15,12,9,8,5,75.0,88.9,41.7,62.5
2026-04-08,product/pack-permis-complet-boite-automatique-sans-code-lead,13,12,12,10,2,100.0,83.3,16.7,20.0
2026-04-08,product/pack-5h,16,13,12,10,1,92.3,83.3,7.7,10.0
2026-04-08,product/pack-10h,11,8,7,5,2,87.5,71.4,25.0,40.0
2026-04-08,product/conduite-accompagnee-first,12,10,10,8,3,100.0,80.0,30.0,37.5
2026-04-08,product/pack-20h,23,17,14,13,0,82.4,92.9,0.0,0.0
2026-04-08,product/pack-permis-complet-boite-automatique-revolut,10,8,8,8,4,100.0,100.0,50.0,50.0
2026-04-08,emailcrmheader,11,10,6,5,3,60.0,83.3,30.0,60.0
2026-04-08,product/pack-5h-boite-automatique,3,3,3,3,0,100.0,100.0,0.0,0.0
2026-04-08,product/pack-10h-boite-automatique,2,2,1,0,0,50.0,0.0,0.0,0
2026-04-08,checkout/pack-permis-complet,4,3,2,1,1,66.7,50.0,33.3,100.0
2026-04-08,product/conduite-accompagnee-boite-automatique-first,7,5,5,5,4,100.0,100.0,80.0,80.0
2026-04-08,checkout/pack-permis-complet-sans-code,3,3,3,1,1,100.0,33.3,33.3,100.0
2026-04-08,infocards,0,0,0,0,0,0,0,0,0
2026-04-08,checkout/pack-permis-complet-sans-code-lead,8,4,4,4,2,100.0,100.0,50.0,50.0
2026-04-08,checkout/pack-permis-complet-boite-automatique,3,3,3,1,0,100.0,33.3,0.0,0.0
2026-04-08,checkout/pack-permis-complet-revolut,5,4,3,3,1,75.0,100.0,25.0,33.3
2026-04-08,checkout/pack-permis-complet-boite-automatique-sans-code-lead,1,1,1,1,1,100.0,100.0,100.0,100.0
2026-04-08,checkout/pack-5h,3,3,3,2,0,100.0,66.7,0.0,0.0
2026-04-08,checkout/conduite-accompagnee-first,0,0,0,0,0,0,0,0,0
2026-04-08,checkout/pack-permis-complet-boite-automatique-sans-code,0,0,0,0,0,0,0,0,0
2026-04-08,checkout/pack-5h-boite-automatique,1,1,1,1,0,100.0,100.0,0.0,0.0
2026-04-08,product/rendez-vous-pedagogiques,0,0,0,0,0,0,0,0,0
2026-04-08,checkout/pack-10h,1,1,0,0,0,0.0,0,0.0,0
2026-04-08,checkout/pack-permis-complet-boite-automatique-revolut,1,1,1,1,1,100.0,100.0,100.0,100.0
2026-04-08,chatbot_support,0,0,0,0,0,0,0,0,0
2026-04-08,product/pack-permis-casa-nord-france,1,1,1,1,0,100.0,100.0,0.0,0.0
2026-04-08,home_widget,1,1,1,1,0,100.0,100.0,0.0,0.0
2026-04-08,checkout/pack-10h-boite-automatique,1,1,0,0,0,0.0,0,0.0,0
2026-04-08,checkout/pack-20h,1,1,0,0,0,0.0,0,0.0,0
2026-04-08,checkout/conduite-accompagnee-boite-automatique-first,0,0,0,0,0,0,0,0,0
2026-04-08,product/pack-permis-boite-automatique-casa-nord-france,2,2,2,2,1,100.0,100.0,50.0,50.0
2026-04-08,product/rendez-vous-pedagogiques-automatique,0,0,0,0,0,0,0,0,0
2026-04-08,checkout/pack-permis-complet-boite-automatique-sans-code-et-reussite-conduite-plus,0,0,0,0,0,0,0,0,0
2026-04-08,checkout/pack-permis-complet-et-reussite-code-plus,0,0,0,0,0,0,0,0,0
2026-04-08,checkout/pack-permis-casa-nord-france,0,0,0,0,0,0,0,0,0
2026-04-08,checkout/pack-permis-complet-boite-automatique-et-reussite-code-plus,0,0,0,0,0,0,0,0,0
2026-04-08,checkout/rendez-vous-pedagogiques,0,0,0,0,0,0,0,0,0
2026-04-08,checkout/pack-permis-complet-boite-automatique-sans-code-et-reussite-conduite-plus-lead,0,0,0,0,0,0,0,0,0
2026-04-08,checkout/pack-permis-boite-automatique-casa-nord-france,0,0,0,0,0,0,0,0,0
2026-04-08,emailcrm&utm_medium=email&utm_source=crm&utm_campaign=3b74f603-2f61-4df1-9869-4dff5e11d8e9,0,0,0,0,0,0,0,0,0
2026-04-08,permis_widget,0,0,0,0,0,0,0,0,0
2026-04-09,shop,161,125,124,107,38,99.2,86.3,30.4,35.5
2026-04-09,unknown,82,69,66,45,12,95.7,68.2,17.4,26.7
2026-04-09,product/pack-permis-complet,17,16,16,14,2,100.0,87.5,12.5,14.3
2026-04-09,product/pack-permis-complet-sans-code,27,25,25,20,13,100.0,80.0,52.0,65.0
2026-04-09,product/pack-permis-complet-sans-code-lead,29,20,20,18,10,100.0,90.0,50.0,55.6
2026-04-09,product/pack-permis-complet-revolut,20,19,19,14,4,100.0,73.7,21.1,28.6
2026-04-09,product/pack-permis-complet-boite-automatique,8,8,8,7,4,100.0,87.5,50.0,57.1
2026-04-09,emailcrm,10,9,9,8,4,100.0,88.9,44.4,50.0
2026-04-09,product/pack-permis-complet-boite-automatique-sans-code,14,10,10,10,7,100.0,100.0,70.0,70.0
2026-04-09,product/pack-permis-complet-boite-automatique-sans-code-lead,14,11,10,9,4,90.9,90.0,36.4,44.4
2026-04-09,product/pack-5h,6,6,6,5,2,100.0,83.3,33.3,40.0
2026-04-09,product/pack-10h,7,7,7,6,2,100.0,85.7,28.6,33.3
2026-04-09,product/conduite-accompagnee-first,8,6,6,5,1,100.0,83.3,16.7,20.0
2026-04-09,product/pack-20h,13,10,10,7,0,100.0,70.0,0.0,0.0
2026-04-09,product/pack-permis-complet-boite-automatique-revolut,3,3,2,1,1,66.7,50.0,33.3,100.0
2026-04-09,emailcrmheader,19,13,13,12,2,100.0,92.3,15.4,16.7
2026-04-09,product/pack-5h-boite-automatique,7,7,7,7,2,100.0,100.0,28.6,28.6
2026-04-09,product/pack-10h-boite-automatique,4,2,2,1,0,100.0,50.0,0.0,0.0
2026-04-09,checkout/pack-permis-complet,2,2,2,2,0,100.0,100.0,0.0,0.0
2026-04-09,product/conduite-accompagnee-boite-automatique-first,4,4,4,3,1,100.0,75.0,25.0,33.3
2026-04-09,checkout/pack-permis-complet-sans-code,3,3,3,1,0,100.0,33.3,0.0,0.0
2026-04-09,infocards,0,0,0,0,0,0,0,0,0
2026-04-09,checkout/pack-permis-complet-sans-code-lead,0,0,0,0,0,0,0,0,0
2026-04-09,checkout/pack-permis-complet-boite-automatique,0,0,0,0,0,0,0,0,0
2026-04-09,checkout/pack-permis-complet-revolut,3,3,3,1,0,100.0,33.3,0.0,0.0
2026-04-09,checkout/pack-permis-complet-boite-automatique-sans-code-lead,2,2,2,2,1,100.0,100.0,50.0,50.0
2026-04-09,checkout/pack-5h,3,3,3,2,1,100.0,66.7,33.3,50.0
2026-04-09,checkout/conduite-accompagnee-first,1,1,1,0,0,100.0,0.0,0.0,0
2026-04-09,checkout/pack-permis-complet-boite-automatique-sans-code,1,1,1,1,0,100.0,100.0,0.0,0.0
2026-04-09,checkout/pack-5h-boite-automatique,1,1,1,0,0,100.0,0.0,0.0,0
2026-04-09,product/rendez-vous-pedagogiques,2,2,2,2,0,100.0,100.0,0.0,0.0
2026-04-09,checkout/pack-10h,0,0,0,0,0,0,0,0,0
2026-04-09,checkout/pack-permis-complet-boite-automatique-revolut,0,0,0,0,0,0,0,0,0
2026-04-09,chatbot_support,0,0,0,0,0,0,0,0,0
2026-04-09,product/pack-permis-casa-nord-france,0,0,0,0,0,0,0,0,0
2026-04-09,home_widget,0,0,0,0,0,0,0,0,0
2026-04-09,checkout/pack-10h-boite-automatique,0,0,0,0,0,0,0,0,0
2026-04-09,checkout/pack-20h,1,1,1,1,0,100.0,100.0,0.0,0.0
2026-04-09,checkout/conduite-accompagnee-boite-automatique-first,0,0,0,0,0,0,0,0,0
2026-04-09,product/pack-permis-boite-automatique-casa-nord-france,0,0,0,0,0,0,0,0,0
2026-04-09,product/rendez-vous-pedagogiques-automatique,0,0,0,0,0,0,0,0,0
2026-04-09,checkout/pack-permis-complet-boite-automatique-sans-code-et-reussite-conduite-plus,0,0,0,0,0,0,0,0,0
2026-04-09,checkout/pack-permis-complet-et-reussite-code-plus,0,0,0,0,0,0,0,0,0
2026-04-09,checkout/pack-permis-casa-nord-france,0,0,0,0,0,0,0,0,0
2026-04-09,checkout/pack-permis-complet-boite-automatique-et-reussite-code-plus,0,0,0,0,0,0,0,0,0
2026-04-09,checkout/rendez-vous-pedagogiques,0,0,0,0,0,0,0,0,0
2026-04-09,checkout/pack-permis-complet-boite-automatique-sans-code-et-reussite-conduite-plus-lead,0,0,0,0,0,0,0,0,0
2026-04-09,checkout/pack-permis-boite-automatique-casa-nord-france,0,0,0,0,0,0,0,0,0
2026-04-09,emailcrm&utm_medium=email&utm_source=crm&utm_campaign=3b74f603-2f61-4df1-9869-4dff5e11d8e9,0,0,0,0,0,0,0,0,0
2026-04-09,permis_widget,0,0,0,0,0,0,0,0,0
2026-04-10,shop,127,107,101,88,24,94.4,87.1,22.4,27.3
2026-04-10,unknown,64,61,53,35,9,86.9,66.0,14.8,25.7
2026-04-10,product/pack-permis-complet,17,15,15,10,7,100.0,66.7,46.7,70.0
2026-04-10,product/pack-permis-complet-sans-code,17,16,15,12,5,93.8,80.0,31.2,41.7
2026-04-10,product/pack-permis-complet-sans-code-lead,12,11,9,7,2,81.8,77.8,18.2,28.6
2026-04-10,product/pack-permis-complet-revolut,17,13,12,10,5,92.3,83.3,38.5,50.0
2026-04-10,product/pack-permis-complet-boite-automatique,7,7,5,3,2,71.4,60.0,28.6,66.7
2026-04-10,emailcrm,9,9,8,6,5,88.9,75.0,55.6,83.3
2026-04-10,product/pack-permis-complet-boite-automatique-sans-code,4,4,3,3,1,75.0,100.0,25.0,33.3
2026-04-10,product/pack-permis-complet-boite-automatique-sans-code-lead,18,12,11,7,2,91.7,63.6,16.7,28.6
2026-04-10,product/pack-5h,17,15,14,12,0,93.3,85.7,0.0,0.0
2026-04-10,product/pack-10h,2,2,2,2,1,100.0,100.0,50.0,50.0
2026-04-10,product/conduite-accompagnee-first,8,8,7,6,4,87.5,85.7,50.0,66.7
2026-04-10,product/pack-20h,12,8,8,8,0,100.0,100.0,0.0,0.0
2026-04-10,product/pack-permis-complet-boite-automatique-revolut,7,5,5,4,2,100.0,80.0,40.0,50.0
2026-04-10,emailcrmheader,12,9,9,7,2,100.0,77.8,22.2,28.6
2026-04-10,product/pack-5h-boite-automatique,8,4,3,2,1,75.0,66.7,25.0,50.0
2026-04-10,product/pack-10h-boite-automatique,2,2,2,2,1,100.0,100.0,50.0,50.0
2026-04-10,checkout/pack-permis-complet,2,2,2,2,0,100.0,100.0,0.0,0.0
2026-04-10,product/conduite-accompagnee-boite-automatique-first,1,1,1,1,1,100.0,100.0,100.0,100.0
2026-04-10,checkout/pack-permis-complet-sans-code,5,2,2,1,1,100.0,50.0,50.0,100.0
2026-04-10,infocards,0,0,0,0,0,0,0,0,0
2026-04-10,checkout/pack-permis-complet-sans-code-lead,8,3,3,3,2,100.0,100.0,66.7,66.7
2026-04-10,checkout/pack-permis-complet-boite-automatique,0,0,0,0,0,0,0,0,0
2026-04-10,checkout/pack-permis-complet-revolut,2,2,2,2,1,100.0,100.0,50.0,50.0
2026-04-10,checkout/pack-permis-complet-boite-automatique-sans-code-lead,1,1,1,0,0,100.0,0.0,0.0,0
2026-04-10,checkout/pack-5h,2,2,2,0,0,100.0,0.0,0.0,0
2026-04-10,checkout/conduite-accompagnee-first,0,0,0,0,0,0,0,0,0
2026-04-10,checkout/pack-permis-complet-boite-automatique-sans-code,0,0,0,0,0,0,0,0,0
2026-04-10,checkout/pack-5h-boite-automatique,1,1,1,1,0,100.0,100.0,0.0,0.0
2026-04-10,product/rendez-vous-pedagogiques,1,1,1,1,0,100.0,100.0,0.0,0.0
2026-04-10,checkout/pack-10h,3,1,1,1,0,100.0,100.0,0.0,0.0
2026-04-10,checkout/pack-permis-complet-boite-automatique-revolut,2,2,2,1,0,100.0,50.0,0.0,0.0
2026-04-10,chatbot_support,0,0,0,0,0,0,0,0,0
2026-04-10,product/pack-permis-casa-nord-france,2,2,2,2,0,100.0,100.0,0.0,0.0
2026-04-10,home_widget,0,0,0,0,0,0,0,0,0
2026-04-10,checkout/pack-10h-boite-automatique,1,1,1,0,0,100.0,0.0,0.0,0
2026-04-10,checkout/pack-20h,0,0,0,0,0,0,0,0,0
2026-04-10,checkout/conduite-accompagnee-boite-automatique-first,0,0,0,0,0,0,0,0,0
2026-04-10,product/pack-permis-boite-automatique-casa-nord-france,0,0,0,0,0,0,0,0,0
2026-04-10,product/rendez-vous-pedagogiques-automatique,0,0,0,0,0,0,0,0,0
2026-04-10,checkout/pack-permis-complet-boite-automatique-sans-code-et-reussite-conduite-plus,0,0,0,0,0,0,0,0,0
2026-04-10,checkout/pack-permis-complet-et-reussite-code-plus,0,0,0,0,0,0,0,0,0
2026-04-10,checkout/pack-permis-casa-nord-france,0,0,0,0,0,0,0,0,0
2026-04-10,checkout/pack-permis-complet-boite-automatique-et-reussite-code-plus,0,0,0,0,0,0,0,0,0
2026-04-10,checkout/rendez-vous-pedagogiques,0,0,0,0,0,0,0,0,0
2026-04-10,checkout/pack-permis-complet-boite-automatique-sans-code-et-reussite-conduite-plus-lead,0,0,0,0,0,0,0,0,0
2026-04-10,checkout/pack-permis-boite-automatique-casa-nord-france,0,0,0,0,0,0,0,0,0
2026-04-10,emailcrm&utm_medium=email&utm_source=crm&utm_campaign=3b74f603-2f61-4df1-9869-4dff5e11d8e9,0,0,0,0,0,0,0,0,0
2026-04-10,permis_widget,0,0,0,0,0,0,0,0,0
2026-04-11,shop,82,66,58,51,16,87.9,87.9,24.2,31.4
2026-04-11,unknown,60,53,48,28,9,90.6,58.3,17.0,32.1
2026-04-11,product/pack-permis-complet,14,11,9,6,4,81.8,66.7,36.4,66.7
2026-04-11,product/pack-permis-complet-sans-code,6,6,5,4,1,83.3,80.0,16.7,25.0
2026-04-11,product/pack-permis-complet-sans-code-lead,11,8,8,7,5,100.0,87.5,62.5,71.4
2026-04-11,product/pack-permis-complet-revolut,4,4,4,1,0,100.0,25.0,0.0,0.0
2026-04-11,product/pack-permis-complet-boite-automatique,2,2,2,2,1,100.0,100.0,50.0,50.0
2026-04-11,emailcrm,7,6,6,6,2,100.0,100.0,33.3,33.3
2026-04-11,product/pack-permis-complet-boite-automatique-sans-code,7,5,5,5,1,100.0,100.0,20.0,20.0
2026-04-11,product/pack-permis-complet-boite-automatique-sans-code-lead,9,7,7,6,1,100.0,85.7,14.3,16.7
2026-04-11,product/pack-5h,4,4,3,3,2,75.0,100.0,50.0,66.7
2026-04-11,product/pack-10h,2,2,2,1,1,100.0,50.0,50.0,100.0
2026-04-11,product/conduite-accompagnee-first,6,6,4,2,2,66.7,50.0,33.3,100.0
2026-04-11,product/pack-20h,12,8,7,5,0,87.5,71.4,0.0,0.0
2026-04-11,product/pack-permis-complet-boite-automatique-revolut,10,7,6,6,1,85.7,100.0,14.3,16.7
2026-04-11,emailcrmheader,6,6,5,4,1,83.3,80.0,16.7,25.0
2026-04-11,product/pack-5h-boite-automatique,1,1,0,0,0,0.0,0,0.0,0
2026-04-11,product/pack-10h-boite-automatique,1,1,1,1,0,100.0,100.0,0.0,0.0
2026-04-11,checkout/pack-permis-complet,3,3,3,2,1,100.0,66.7,33.3,50.0
2026-04-11,product/conduite-accompagnee-boite-automatique-first,0,0,0,0,0,0,0,0,0
2026-04-11,checkout/pack-permis-complet-sans-code,2,2,0,0,0,0.0,0,0.0,0
2026-04-11,infocards,0,0,0,0,0,0,0,0,0
2026-04-11,checkout/pack-permis-complet-sans-code-lead,0,0,0,0,0,0,0,0,0
2026-04-11,checkout/pack-permis-complet-boite-automatique,0,0,0,0,0,0,0,0,0
2026-04-11,checkout/pack-permis-complet-revolut,0,0,0,0,0,0,0,0,0
2026-04-11,checkout/pack-permis-complet-boite-automatique-sans-code-lead,3,3,3,2,0,100.0,66.7,0.0,0.0
2026-04-11,checkout/pack-5h,0,0,0,0,0,0,0,0,0
2026-04-11,checkout/conduite-accompagnee-first,0,0,0,0,0,0,0,0,0
2026-04-11,checkout/pack-permis-complet-boite-automatique-sans-code,0,0,0,0,0,0,0,0,0
2026-04-11,checkout/pack-5h-boite-automatique,1,1,1,1,0,100.0,100.0,0.0,0.0
2026-04-11,product/rendez-vous-pedagogiques,0,0,0,0,0,0,0,0,0
2026-04-11,checkout/pack-10h,0,0,0,0,0,0,0,0,0
2026-04-11,checkout/pack-permis-complet-boite-automatique-revolut,1,1,1,0,0,100.0,0.0,0.0,0
2026-04-11,chatbot_support,0,0,0,0,0,0,0,0,0
2026-04-11,product/pack-permis-casa-nord-france,3,3,3,3,2,100.0,100.0,66.7,66.7
2026-04-11,home_widget,0,0,0,0,0,0,0,0,0
2026-04-11,checkout/pack-10h-boite-automatique,0,0,0,0,0,0,0,0,0
2026-04-11,checkout/pack-20h,0,0,0,0,0,0,0,0,0
2026-04-11,checkout/conduite-accompagnee-boite-automatique-first,0,0,0,0,0,0,0,0,0
2026-04-11,product/pack-permis-boite-automatique-casa-nord-france,0,0,0,0,0,0,0,0,0
2026-04-11,product/rendez-vous-pedagogiques-automatique,0,0,0,0,0,0,0,0,0
2026-04-11,checkout/pack-permis-complet-boite-automatique-sans-code-et-reussite-conduite-plus,0,0,0,0,0,0,0,0,0
2026-04-11,checkout/pack-permis-complet-et-reussite-code-plus,0,0,0,0,0,0,0,0,0
2026-04-11,checkout/pack-permis-casa-nord-france,0,0,0,0,0,0,0,0,0
2026-04-11,checkout/pack-permis-complet-boite-automatique-et-reussite-code-plus,0,0,0,0,0,0,0,0,0
2026-04-11,checkout/rendez-vous-pedagogiques,0,0,0,0,0,0,0,0,0
2026-04-11,checkout/pack-permis-complet-boite-automatique-sans-code-et-reussite-conduite-plus-lead,0,0,0,0,0,0,0,0,0
2026-04-11,checkout/pack-permis-boite-automatique-casa-nord-france,0,0,0,0,0,0,0,0,0
2026-04-11,emailcrm&utm_medium=email&utm_source=crm&utm_campaign=3b74f603-2f61-4df1-9869-4dff5e11d8e9,0,0,0,0,0,0,0,0,0
2026-04-11,permis_widget,0,0,0,0,0,0,0,0,0
2026-04-12,shop,0,0,0,0,0,0,0,0,0
2026-04-12,unknown,0,0,0,0,0,0,0,0,0
2026-04-12,product/pack-permis-complet,0,0,0,0,0,0,0,0,0
2026-04-12,product/pack-permis-complet-sans-code,0,0,0,0,0,0,0,0,0
2026-04-12,product/pack-permis-complet-sans-code-lead,0,0,0,0,0,0,0,0,0
2026-04-12,product/pack-permis-complet-revolut,0,0,0,0,0,0,0,0,0
2026-04-12,product/pack-permis-complet-boite-automatique,0,0,0,0,0,0,0,0,0
2026-04-12,emailcrm,0,0,0,0,0,0,0,0,0
2026-04-12,product/pack-permis-complet-boite-automatique-sans-code,0,0,0,0,0,0,0,0,0
2026-04-12,product/pack-permis-complet-boite-automatique-sans-code-lead,0,0,0,0,0,0,0,0,0
2026-04-12,product/pack-5h,0,0,0,0,0,0,0,0,0
2026-04-12,product/pack-10h,0,0,0,0,0,0,0,0,0
2026-04-12,product/conduite-accompagnee-first,0,0,0,0,0,0,0,0,0
2026-04-12,product/pack-20h,0,0,0,0,0,0,0,0,0
2026-04-12,product/pack-permis-complet-boite-automatique-revolut,0,0,0,0,0,0,0,0,0
2026-04-12,emailcrmheader,0,0,0,0,0,0,0,0,0
2026-04-12,product/pack-5h-boite-automatique,0,0,0,0,0,0,0,0,0
2026-04-12,product/pack-10h-boite-automatique,0,0,0,0,0,0,0,0,0
2026-04-12,checkout/pack-permis-complet,0,0,0,0,0,0,0,0,0
2026-04-12,product/conduite-accompagnee-boite-automatique-first,0,0,0,0,0,0,0,0,0
2026-04-12,checkout/pack-permis-complet-sans-code,0,0,0,0,0,0,0,0,0
2026-04-12,infocards,0,0,0,0,0,0,0,0,0
2026-04-12,checkout/pack-permis-complet-sans-code-lead,0,0,0,0,0,0,0,0,0
2026-04-12,checkout/pack-permis-complet-boite-automatique,0,0,0,0,0,0,0,0,0
2026-04-12,checkout/pack-permis-complet-revolut,0,0,0,0,0,0,0,0,0
2026-04-12,checkout/pack-permis-complet-boite-automatique-sans-code-lead,0,0,0,0,0,0,0,0,0
2026-04-12,checkout/pack-5h,0,0,0,0,0,0,0,0,0
2026-04-12,checkout/conduite-accompagnee-first,0,0,0,0,0,0,0,0,0
2026-04-12,checkout/pack-permis-complet-boite-automatique-sans-code,0,0,0,0,0,0,0,0,0
2026-04-12,checkout/pack-5h-boite-automatique,0,0,0,0,0,0,0,0,0
2026-04-12,product/rendez-vous-pedagogiques,0,0,0,0,0,0,0,0,0
2026-04-12,checkout/pack-10h,0,0,0,0,0,0,0,0,0
2026-04-12,checkout/pack-permis-complet-boite-automatique-revolut,0,0,0,0,0,0,0,0,0
2026-04-12,chatbot_support,0,0,0,0,0,0,0,0,0
2026-04-12,product/pack-permis-casa-nord-france,0,0,0,0,0,0,0,0,0
2026-04-12,home_widget,0,0,0,0,0,0,0,0,0
2026-04-12,checkout/pack-10h-boite-automatique,0,0,0,0,0,0,0,0,0
2026-04-12,checkout/pack-20h,0,0,0,0,0,0,0,0,0
2026-04-12,checkout/conduite-accompagnee-boite-automatique-first,0,0,0,0,0,0,0,0,0
2026-04-12,product/pack-permis-boite-automatique-casa-nord-france,0,0,0,0,0,0,0,0,0
2026-04-12,product/rendez-vous-pedagogiques-automatique,0,0,0,0,0,0,0,0,0
2026-04-12,checkout/pack-permis-complet-boite-automatique-sans-code-et-reussite-conduite-plus,0,0,0,0,0,0,0,0,0
2026-04-12,checkout/pack-permis-complet-et-reussite-code-plus,0,0,0,0,0,0,0,0,0
2026-04-12,checkout/pack-permis-casa-nord-france,0,0,0,0,0,0,0,0,0
2026-04-12,checkout/pack-permis-complet-boite-automatique-et-reussite-code-plus,0,0,0,0,0,0,0,0,0
2026-04-12,checkout/rendez-vous-pedagogiques,0,0,0,0,0,0,0,0,0
2026-04-12,checkout/pack-permis-complet-boite-automatique-sans-code-et-reussite-conduite-plus-lead,0,0,0,0,0,0,0,0,0
2026-04-12,checkout/pack-permis-boite-automatique-casa-nord-france,0,0,0,0,0,0,0,0,0
2026-04-12,emailcrm&utm_medium=email&utm_source=crm&utm_campaign=3b74f603-2f61-4df1-9869-4dff5e11d8e9,0,0,0,0,0,0,0,0,0
2026-04-12,permis_widget,0,0,0,0,0,0,0,0,0
2026-04-13,shop,189,146,133,112,41,91.1,84.2,28.1,36.6
2026-04-13,unknown,138,122,108,69,21,88.5,63.9,17.2,30.4
2026-04-13,product/pack-permis-complet,29,27,24,20,9,88.9,83.3,33.3,45.0
2026-04-13,product/pack-permis-complet-sans-code,22,20,16,10,4,80.0,62.5,20.0,40.0
2026-04-13,product/pack-permis-complet-sans-code-lead,42,38,30,26,10,78.9,86.7,26.3,38.5
2026-04-13,product/pack-permis-complet-revolut,25,25,18,12,6,72.0,66.7,24.0,50.0
2026-04-13,product/pack-permis-complet-boite-automatique,8,8,8,7,5,100.0,87.5,62.5,71.4
2026-04-13,emailcrm,7,7,4,4,0,57.1,100.0,0.0,0.0
2026-04-13,product/pack-permis-complet-boite-automatique-sans-code,7,7,5,3,3,71.4,60.0,42.9,100.0
2026-04-13,product/pack-permis-complet-boite-automatique-sans-code-lead,15,12,12,8,4,100.0,66.7,33.3,50.0
2026-04-13,product/pack-5h,22,18,15,11,1,83.3,73.3,5.6,9.1
2026-04-13,product/pack-10h,9,7,7,7,1,100.0,100.0,14.3,14.3
2026-04-13,product/conduite-accompagnee-first,21,18,16,12,7,88.9,75.0,38.9,58.3
2026-04-13,product/pack-20h,11,7,7,7,0,100.0,100.0,0.0,0.0
2026-04-13,product/pack-permis-complet-boite-automatique-revolut,6,5,3,2,1,60.0,66.7,20.0,50.0
2026-04-13,emailcrmheader,8,8,8,8,2,100.0,100.0,25.0,25.0
2026-04-13,product/pack-5h-boite-automatique,6,6,6,4,2,100.0,66.7,33.3,50.0
2026-04-13,product/pack-10h-boite-automatique,1,1,1,1,0,100.0,100.0,0.0,0.0
2026-04-13,checkout/pack-permis-complet,1,1,1,1,1,100.0,100.0,100.0,100.0
2026-04-13,product/conduite-accompagnee-boite-automatique-first,10,10,9,7,4,90.0,77.8,40.0,57.1
2026-04-13,checkout/pack-permis-complet-sans-code,0,0,0,0,0,0,0,0,0
2026-04-13,infocards,0,0,0,0,0,0,0,0,0
2026-04-13,checkout/pack-permis-complet-sans-code-lead,4,4,3,3,2,75.0,100.0,50.0,66.7
2026-04-13,checkout/pack-permis-complet-boite-automatique,3,2,2,1,1,100.0,50.0,50.0,100.0
2026-04-13,checkout/pack-permis-complet-revolut,0,0,0,0,0,0,0,0,0
2026-04-13,checkout/pack-permis-complet-boite-automatique-sans-code-lead,1,1,1,1,0,100.0,100.0,0.0,0.0
2026-04-13,checkout/pack-5h,2,2,2,2,1,100.0,100.0,50.0,50.0
2026-04-13,checkout/conduite-accompagnee-first,1,1,1,0,0,100.0,0.0,0.0,0
2026-04-13,checkout/pack-permis-complet-boite-automatique-sans-code,4,4,3,3,2,75.0,100.0,50.0,66.7
2026-04-13,checkout/pack-5h-boite-automatique,2,1,1,1,0,100.0,100.0,0.0,0.0
2026-04-13,product/rendez-vous-pedagogiques,1,1,1,1,0,100.0,100.0,0.0,0.0
2026-04-13,checkout/pack-10h,1,1,1,1,0,100.0,100.0,0.0,0.0
2026-04-13,checkout/pack-permis-complet-boite-automatique-revolut,2,2,1,1,0,50.0,100.0,0.0,0.0
2026-04-13,chatbot_support,0,0,0,0,0,0,0,0,0
2026-04-13,product/pack-permis-casa-nord-france,6,4,3,3,0,75.0,100.0,0.0,0.0
2026-04-13,home_widget,1,1,1,1,0,100.0,100.0,0.0,0.0
2026-04-13,checkout/pack-10h-boite-automatique,0,0,0,0,0,0,0,0,0
2026-04-13,checkout/pack-20h,0,0,0,0,0,0,0,0,0
2026-04-13,checkout/conduite-accompagnee-boite-automatique-first,0,0,0,0,0,0,0,0,0
2026-04-13,product/pack-permis-boite-automatique-casa-nord-france,0,0,0,0,0,0,0,0,0
2026-04-13,product/rendez-vous-pedagogiques-automatique,0,0,0,0,0,0,0,0,0
2026-04-13,checkout/pack-permis-complet-boite-automatique-sans-code-et-reussite-conduite-plus,0,0,0,0,0,0,0,0,0
2026-04-13,checkout/pack-permis-complet-et-reussite-code-plus,0,0,0,0,0,0,0,0,0
2026-04-13,checkout/pack-permis-casa-nord-france,0,0,0,0,0,0,0,0,0
2026-04-13,checkout/pack-permis-complet-boite-automatique-et-reussite-code-plus,0,0,0,0,0,0,0,0,0
2026-04-13,checkout/rendez-vous-pedagogiques,0,0,0,0,0,0,0,0,0
2026-04-13,checkout/pack-permis-complet-boite-automatique-sans-code-et-reussite-conduite-plus-lead,0,0,0,0,0,0,0,0,0
2026-04-13,checkout/pack-permis-boite-automatique-casa-nord-france,0,0,0,0,0,0,0,0,0
2026-04-13,emailcrm&utm_medium=email&utm_source=crm&utm_campaign=3b74f603-2f61-4df1-9869-4dff5e11d8e9,0,0,0,0,0,0,0,0,0
2026-04-13,permis_widget,0,0,0,0,0,0,0,0,0
2026-04-14,shop,139,117,111,99,33,94.9,89.2,28.2,33.3
2026-04-14,unknown,94,79,77,58,18,97.5,75.3,22.8,31.0
2026-04-14,product/pack-permis-complet,25,21,19,15,4,90.5,78.9,19.0,26.7
2026-04-14,product/pack-permis-complet-sans-code,23,17,16,15,8,94.1,93.8,47.1,53.3
2026-04-14,product/pack-permis-complet-sans-code-lead,23,20,18,15,8,90.0,83.3,40.0,53.3
2026-04-14,product/pack-permis-complet-revolut,13,13,12,9,3,92.3,75.0,23.1,33.3
2026-04-14,product/pack-permis-complet-boite-automatique,6,6,6,4,2,100.0,66.7,33.3,50.0
2026-04-14,emailcrm,6,5,5,5,0,100.0,100.0,0.0,0.0
2026-04-14,product/pack-permis-complet-boite-automatique-sans-code,13,9,9,8,3,100.0,88.9,33.3,37.5
2026-04-14,product/pack-permis-complet-boite-automatique-sans-code-lead,3,3,2,2,0,66.7,100.0,0.0,0.0
2026-04-14,product/pack-5h,8,8,7,4,1,87.5,57.1,12.5,25.0
2026-04-14,product/pack-10h,8,7,6,5,3,85.7,83.3,42.9,60.0
2026-04-14,product/conduite-accompagnee-first,10,9,8,6,0,88.9,75.0,0.0,0.0
2026-04-14,product/pack-20h,16,10,10,9,0,100.0,90.0,0.0,0.0
2026-04-14,product/pack-permis-complet-boite-automatique-revolut,3,3,3,3,1,100.0,100.0,33.3,33.3
2026-04-14,emailcrmheader,10,9,9,8,3,100.0,88.9,33.3,37.5
2026-04-14,product/pack-5h-boite-automatique,6,5,4,2,0,80.0,50.0,0.0,0.0
2026-04-14,product/pack-10h-boite-automatique,3,3,3,2,1,100.0,66.7,33.3,50.0
2026-04-14,checkout/pack-permis-complet,6,4,4,3,2,100.0,75.0,50.0,66.7
2026-04-14,product/conduite-accompagnee-boite-automatique-first,4,3,3,1,1,100.0,33.3,33.3,100.0
2026-04-14,checkout/pack-permis-complet-sans-code,3,2,2,2,1,100.0,100.0,50.0,50.0
2026-04-14,infocards,0,0,0,0,0,0,0,0,0
2026-04-14,checkout/pack-permis-complet-sans-code-lead,5,5,5,3,2,100.0,60.0,40.0,66.7
2026-04-14,checkout/pack-permis-complet-boite-automatique,1,1,1,1,1,100.0,100.0,100.0,100.0
2026-04-14,checkout/pack-permis-complet-revolut,1,1,1,1,1,100.0,100.0,100.0,100.0
2026-04-14,checkout/pack-permis-complet-boite-automatique-sans-code-lead,0,0,0,0,0,0,0,0,0
2026-04-14,checkout/pack-5h,3,3,3,3,2,100.0,100.0,66.7,66.7
2026-04-14,checkout/conduite-accompagnee-first,1,1,1,1,0,100.0,100.0,0.0,0.0
2026-04-14,checkout/pack-permis-complet-boite-automatique-sans-code,2,2,2,2,1,100.0,100.0,50.0,50.0
2026-04-14,checkout/pack-5h-boite-automatique,0,0,0,0,0,0,0,0,0
2026-04-14,product/rendez-vous-pedagogiques,1,1,1,1,0,100.0,100.0,0.0,0.0
2026-04-14,checkout/pack-10h,1,1,1,1,1,100.0,100.0,100.0,100.0
2026-04-14,checkout/pack-permis-complet-boite-automatique-revolut,1,1,1,1,1,100.0,100.0,100.0,100.0
2026-04-14,chatbot_support,0,0,0,0,0,0,0,0,0
2026-04-14,product/pack-permis-casa-nord-france,0,0,0,0,0,0,0,0,0
2026-04-14,home_widget,0,0,0,0,0,0,0,0,0
2026-04-14,checkout/pack-10h-boite-automatique,0,0,0,0,0,0,0,0,0
2026-04-14,checkout/pack-20h,0,0,0,0,0,0,0,0,0
2026-04-14,checkout/conduite-accompagnee-boite-automatique-first,3,1,1,1,0,100.0,100.0,0.0,0.0
2026-04-14,product/pack-permis-boite-automatique-casa-nord-france,0,0,0,0,0,0,0,0,0
2026-04-14,product/rendez-vous-pedagogiques-automatique,0,0,0,0,0,0,0,0,0
2026-04-14,checkout/pack-permis-complet-boite-automatique-sans-code-et-reussite-conduite-plus,0,0,0,0,0,0,0,0,0
2026-04-14,checkout/pack-permis-complet-et-reussite-code-plus,0,0,0,0,0,0,0,0,0
2026-04-14,checkout/pack-permis-casa-nord-france,0,0,0,0,0,0,0,0,0
2026-04-14,checkout/pack-permis-complet-boite-automatique-et-reussite-code-plus,0,0,0,0,0,0,0,0,0
2026-04-14,checkout/rendez-vous-pedagogiques,0,0,0,0,0,0,0,0,0
2026-04-14,checkout/pack-permis-complet-boite-automatique-sans-code-et-reussite-conduite-plus-lead,0,0,0,0,0,0,0,0,0
2026-04-14,checkout/pack-permis-boite-automatique-casa-nord-france,0,0,0,0,0,0,0,0,0
2026-04-14,emailcrm&utm_medium=email&utm_source=crm&utm_campaign=3b74f603-2f61-4df1-9869-4dff5e11d8e9,0,0,0,0,0,0,0,0,0
2026-04-14,permis_widget,0,0,0,0,0,0,0,0,0
2026-04-15,shop,135,110,100,87,24,90.9,87.0,21.8,27.6
2026-04-15,unknown,122,102,88,54,14,86.3,61.4,13.7,25.9
2026-04-15,product/pack-permis-complet,31,28,26,23,10,92.9,88.5,35.7,43.5
2026-04-15,product/pack-permis-complet-sans-code,20,17,14,11,5,82.4,78.6,29.4,45.5
2026-04-15,product/pack-permis-complet-sans-code-lead,32,28,24,21,16,85.7,87.5,57.1,76.2
2026-04-15,product/pack-permis-complet-revolut,20,16,13,9,5,81.2,69.2,31.2,55.6
2026-04-15,product/pack-permis-complet-boite-automatique,9,8,7,5,1,87.5,71.4,12.5,20.0
2026-04-15,emailcrm,14,12,12,8,2,100.0,66.7,16.7,25.0
2026-04-15,product/pack-permis-complet-boite-automatique-sans-code,17,13,13,11,7,100.0,84.6,53.8,63.6
2026-04-15,product/pack-permis-complet-boite-automatique-sans-code-lead,15,9,9,9,5,100.0,100.0,55.6,55.6
2026-04-15,product/pack-5h,13,13,12,10,2,92.3,83.3,15.4,20.0
2026-04-15,product/pack-10h,9,8,8,5,3,100.0,62.5,37.5,60.0
2026-04-15,product/conduite-accompagnee-first,14,11,11,11,5,100.0,100.0,45.5,45.5
2026-04-15,product/pack-20h,5,5,5,4,0,100.0,80.0,0.0,0.0
2026-04-15,product/pack-permis-complet-boite-automatique-revolut,11,8,7,4,3,87.5,57.1,37.5,75.0
2026-04-15,emailcrmheader,22,18,17,12,1,94.4,70.6,5.6,8.3
2026-04-15,product/pack-5h-boite-automatique,2,2,2,0,0,100.0,0.0,0.0,0
2026-04-15,product/pack-10h-boite-automatique,0,0,0,0,0,0,0,0,0
2026-04-15,checkout/pack-permis-complet,5,5,5,3,2,100.0,60.0,40.0,66.7
2026-04-15,product/conduite-accompagnee-boite-automatique-first,5,5,5,4,1,100.0,80.0,20.0,25.0
2026-04-15,checkout/pack-permis-complet-sans-code,0,0,0,0,0,0,0,0,0
2026-04-15,infocards,0,0,0,0,0,0,0,0,0
2026-04-15,checkout/pack-permis-complet-sans-code-lead,1,1,1,1,1,100.0,100.0,100.0,100.0
2026-04-15,checkout/pack-permis-complet-boite-automatique,2,2,2,1,0,100.0,50.0,0.0,0.0
2026-04-15,checkout/pack-permis-complet-revolut,0,0,0,0,0,0,0,0,0
2026-04-15,checkout/pack-permis-complet-boite-automatique-sans-code-lead,1,1,0,0,0,0.0,0,0.0,0
2026-04-15,checkout/pack-5h,1,1,1,1,0,100.0,100.0,0.0,0.0
2026-04-15,checkout/conduite-accompagnee-first,0,0,0,0,0,0,0,0,0
2026-04-15,checkout/pack-permis-complet-boite-automatique-sans-code,1,1,1,0,0,100.0,0.0,0.0,0
2026-04-15,checkout/pack-5h-boite-automatique,1,1,1,1,0,100.0,100.0,0.0,0.0
2026-04-15,product/rendez-vous-pedagogiques,2,1,1,1,1,100.0,100.0,100.0,100.0
2026-04-15,checkout/pack-10h,1,1,1,1,0,100.0,100.0,0.0,0.0
2026-04-15,checkout/pack-permis-complet-boite-automatique-revolut,2,2,2,1,1,100.0,50.0,50.0,100.0
2026-04-15,chatbot_support,0,0,0,0,0,0,0,0,0
2026-04-15,product/pack-permis-casa-nord-france,0,0,0,0,0,0,0,0,0
2026-04-15,home_widget,0,0,0,0,0,0,0,0,0
2026-04-15,checkout/pack-10h-boite-automatique,0,0,0,0,0,0,0,0,0
2026-04-15,checkout/pack-20h,0,0,0,0,0,0,0,0,0
2026-04-15,checkout/conduite-accompagnee-boite-automatique-first,0,0,0,0,0,0,0,0,0
2026-04-15,product/pack-permis-boite-automatique-casa-nord-france,1,1,1,0,0,100.0,0.0,0.0,0
2026-04-15,product/rendez-vous-pedagogiques-automatique,0,0,0,0,0,0,0,0,0
2026-04-15,checkout/pack-permis-complet-boite-automatique-sans-code-et-reussite-conduite-plus,0,0,0,0,0,0,0,0,0
2026-04-15,checkout/pack-permis-complet-et-reussite-code-plus,0,0,0,0,0,0,0,0,0
2026-04-15,checkout/pack-permis-casa-nord-france,0,0,0,0,0,0,0,0,0
2026-04-15,checkout/pack-permis-complet-boite-automatique-et-reussite-code-plus,0,0,0,0,0,0,0,0,0
2026-04-15,checkout/rendez-vous-pedagogiques,0,0,0,0,0,0,0,0,0
2026-04-15,checkout/pack-permis-complet-boite-automatique-sans-code-et-reussite-conduite-plus-lead,0,0,0,0,0,0,0,0,0
2026-04-15,checkout/pack-permis-boite-automatique-casa-nord-france,0,0,0,0,0,0,0,0,0
2026-04-15,emailcrm&utm_medium=email&utm_source=crm&utm_campaign=3b74f603-2f61-4df1-9869-4dff5e11d8e9,0,0,0,0,0,0,0,0,0
2026-04-15,permis_widget,0,0,0,0,0,0,0,0,0
2026-04-16,shop,149,107,105,91,30,98.1,86.7,28.0,33.0
2026-04-16,unknown,28,27,26,15,3,96.3,57.7,11.1,20.0
2026-04-16,product/pack-permis-complet,20,16,16,14,5,100.0,87.5,31.2,35.7
2026-04-16,product/pack-permis-complet-sans-code,15,14,13,10,8,92.9,76.9,57.1,80.0
2026-04-16,product/pack-permis-complet-sans-code-lead,26,20,20,17,9,100.0,85.0,45.0,52.9
2026-04-16,product/pack-permis-complet-revolut,15,13,13,11,5,100.0,84.6,38.5,45.5
2026-04-16,product/pack-permis-complet-boite-automatique,6,4,4,4,1,100.0,100.0,25.0,25.0
2026-04-16,emailcrm,9,7,7,5,0,100.0,71.4,0.0,0.0
2026-04-16,product/pack-permis-complet-boite-automatique-sans-code,5,5,5,4,3,100.0,80.0,60.0,75.0
2026-04-16,product/pack-permis-complet-boite-automatique-sans-code-lead,4,4,3,3,1,75.0,100.0,25.0,33.3
2026-04-16,product/pack-5h,7,6,5,5,0,83.3,100.0,0.0,0.0
2026-04-16,product/pack-10h,6,5,5,5,2,100.0,100.0,40.0,40.0
2026-04-16,product/conduite-accompagnee-first,3,3,3,2,2,100.0,66.7,66.7,100.0
2026-04-16,product/pack-20h,6,5,5,4,0,100.0,80.0,0.0,0.0
2026-04-16,product/pack-permis-complet-boite-automatique-revolut,7,7,7,6,2,100.0,85.7,28.6,33.3
2026-04-16,emailcrmheader,7,7,6,5,0,85.7,83.3,0.0,0.0
2026-04-16,product/pack-5h-boite-automatique,1,1,1,1,1,100.0,100.0,100.0,100.0
2026-04-16,product/pack-10h-boite-automatique,3,3,3,2,1,100.0,66.7,33.3,50.0
2026-04-16,checkout/pack-permis-complet,3,3,3,3,0,100.0,100.0,0.0,0.0
2026-04-16,product/conduite-accompagnee-boite-automatique-first,0,0,0,0,0,0,0,0,0
2026-04-16,checkout/pack-permis-complet-sans-code,2,2,2,2,0,100.0,100.0,0.0,0.0
2026-04-16,infocards,0,0,0,0,0,0,0,0,0
2026-04-16,checkout/pack-permis-complet-sans-code-lead,1,1,1,1,0,100.0,100.0,0.0,0.0
2026-04-16,checkout/pack-permis-complet-boite-automatique,4,3,3,2,0,100.0,66.7,0.0,0.0
2026-04-16,checkout/pack-permis-complet-revolut,2,2,2,2,0,100.0,100.0,0.0,0.0
2026-04-16,checkout/pack-permis-complet-boite-automatique-sans-code-lead,2,2,2,2,2,100.0,100.0,100.0,100.0
2026-04-16,checkout/pack-5h,4,4,4,3,0,100.0,75.0,0.0,0.0
2026-04-16,checkout/conduite-accompagnee-first,1,1,1,1,0,100.0,100.0,0.0,0.0
2026-04-16,checkout/pack-permis-complet-boite-automatique-sans-code,0,0,0,0,0,0,0,0,0
2026-04-16,checkout/pack-5h-boite-automatique,0,0,0,0,0,0,0,0,0
2026-04-16,product/rendez-vous-pedagogiques,4,1,1,1,0,100.0,100.0,0.0,0.0
2026-04-16,checkout/pack-10h,0,0,0,0,0,0,0,0,0
2026-04-16,checkout/pack-permis-complet-boite-automatique-revolut,0,0,0,0,0,0,0,0,0
2026-04-16,chatbot_support,0,0,0,0,0,0,0,0,0
2026-04-16,product/pack-permis-casa-nord-france,4,3,3,3,1,100.0,100.0,33.3,33.3
2026-04-16,home_widget,1,1,1,1,0,100.0,100.0,0.0,0.0
2026-04-16,checkout/pack-10h-boite-automatique,0,0,0,0,0,0,0,0,0
2026-04-16,checkout/pack-20h,0,0,0,0,0,0,0,0,0
2026-04-16,checkout/conduite-accompagnee-boite-automatique-first,0,0,0,0,0,0,0,0,0
2026-04-16,product/pack-permis-boite-automatique-casa-nord-france,0,0,0,0,0,0,0,0,0
2026-04-16,product/rendez-vous-pedagogiques-automatique,0,0,0,0,0,0,0,0,0
2026-04-16,checkout/pack-permis-complet-boite-automatique-sans-code-et-reussite-conduite-plus,0,0,0,0,0,0,0,0,0
2026-04-16,checkout/pack-permis-complet-et-reussite-code-plus,0,0,0,0,0,0,0,0,0
2026-04-16,checkout/pack-permis-casa-nord-france,0,0,0,0,0,0,0,0,0
2026-04-16,checkout/pack-permis-complet-boite-automatique-et-reussite-code-plus,0,0,0,0,0,0,0,0,0
2026-04-16,checkout/rendez-vous-pedagogiques,0,0,0,0,0,0,0,0,0
2026-04-16,checkout/pack-permis-complet-boite-automatique-sans-code-et-reussite-conduite-plus-lead,0,0,0,0,0,0,0,0,0
2026-04-16,checkout/pack-permis-boite-automatique-casa-nord-france,1,1,1,1,0,100.0,100.0,0.0,0.0
2026-04-16,emailcrm&utm_medium=email&utm_source=crm&utm_campaign=3b74f603-2f61-4df1-9869-4dff5e11d8e9,0,0,0,0,0,0,0,0,0
2026-04-16,permis_widget,0,0,0,0,0,0,0,0,0
2026-04-17,shop,123,97,90,81,20,92.8,90.0,20.6,24.7
2026-04-17,unknown,5,5,5,4,3,100.0,80.0,60.0,75.0
2026-04-17,product/pack-permis-complet,16,13,10,8,3,76.9,80.0,23.1,37.5
2026-04-17,product/pack-permis-complet-sans-code,12,9,7,5,6,77.8,71.4,66.7,120.0
2026-04-17,product/pack-permis-complet-sans-code-lead,10,10,9,7,3,90.0,77.8,30.0,42.9
2026-04-17,product/pack-permis-complet-revolut,10,8,7,5,1,87.5,71.4,12.5,20.0
2026-04-17,product/pack-permis-complet-boite-automatique,5,5,4,3,3,80.0,75.0,60.0,100.0
2026-04-17,emailcrm,12,12,12,8,2,100.0,66.7,16.7,25.0
2026-04-17,product/pack-permis-complet-boite-automatique-sans-code,8,7,7,6,3,100.0,85.7,42.9,50.0
2026-04-17,product/pack-permis-complet-boite-automatique-sans-code-lead,8,8,8,5,2,100.0,62.5,25.0,40.0
2026-04-17,product/pack-5h,16,14,11,8,1,78.6,72.7,7.1,12.5
2026-04-17,product/pack-10h,10,9,8,5,2,88.9,62.5,22.2,40.0
2026-04-17,product/conduite-accompagnee-first,3,3,3,3,2,100.0,100.0,66.7,66.7
2026-04-17,product/pack-20h,7,5,4,4,0,80.0,100.0,0.0,0.0
2026-04-17,product/pack-permis-complet-boite-automatique-revolut,6,6,5,4,2,83.3,80.0,33.3,50.0
2026-04-17,emailcrmheader,7,7,7,6,2,100.0,85.7,28.6,33.3
2026-04-17,product/pack-5h-boite-automatique,6,5,5,4,3,100.0,80.0,60.0,75.0
2026-04-17,product/pack-10h-boite-automatique,2,2,2,2,2,100.0,100.0,100.0,100.0
2026-04-17,checkout/pack-permis-complet,1,1,1,1,0,100.0,100.0,0.0,0.0
2026-04-17,product/conduite-accompagnee-boite-automatique-first,1,1,1,1,0,100.0,100.0,0.0,0.0
2026-04-17,checkout/pack-permis-complet-sans-code,4,4,4,3,1,100.0,75.0,25.0,33.3
2026-04-17,infocards,0,0,0,0,0,0,0,0,0
2026-04-17,checkout/pack-permis-complet-sans-code-lead,1,1,1,0,0,100.0,0.0,0.0,0
2026-04-17,checkout/pack-permis-complet-boite-automatique,1,1,1,1,0,100.0,100.0,0.0,0.0
2026-04-17,checkout/pack-permis-complet-revolut,1,1,1,1,1,100.0,100.0,100.0,100.0
2026-04-17,checkout/pack-permis-complet-boite-automatique-sans-code-lead,2,2,2,1,0,100.0,50.0,0.0,0.0
2026-04-17,checkout/pack-5h,1,1,1,0,0,100.0,0.0,0.0,0
2026-04-17,checkout/conduite-accompagnee-first,0,0,0,0,0,0,0,0,0
2026-04-17,checkout/pack-permis-complet-boite-automatique-sans-code,1,1,1,0,0,100.0,0.0,0.0,0
2026-04-17,checkout/pack-5h-boite-automatique,0,0,0,0,0,0,0,0,0
2026-04-17,product/rendez-vous-pedagogiques,0,0,0,0,0,0,0,0,0
2026-04-17,checkout/pack-10h,1,1,1,1,0,100.0,100.0,0.0,0.0
2026-04-17,checkout/pack-permis-complet-boite-automatique-revolut,0,0,0,0,0,0,0,0,0
2026-04-17,chatbot_support,0,0,0,0,0,0,0,0,0
2026-04-17,product/pack-permis-casa-nord-france,4,3,2,1,0,66.7,50.0,0.0,0.0
2026-04-17,home_widget,0,0,0,0,0,0,0,0,0
2026-04-17,checkout/pack-10h-boite-automatique,0,0,0,0,0,0,0,0,0
2026-04-17,checkout/pack-20h,0,0,0,0,0,0,0,0,0
2026-04-17,checkout/conduite-accompagnee-boite-automatique-first,0,0,0,0,0,0,0,0,0
2026-04-17,product/pack-permis-boite-automatique-casa-nord-france,0,0,0,0,0,0,0,0,0
2026-04-17,product/rendez-vous-pedagogiques-automatique,0,0,0,0,0,0,0,0,0
2026-04-17,checkout/pack-permis-complet-boite-automatique-sans-code-et-reussite-conduite-plus,0,0,0,0,0,0,0,0,0
2026-04-17,checkout/pack-permis-complet-et-reussite-code-plus,0,0,0,0,0,0,0,0,0
2026-04-17,checkout/pack-permis-casa-nord-france,0,0,0,0,0,0,0,0,0
2026-04-17,checkout/pack-permis-complet-boite-automatique-et-reussite-code-plus,0,0,0,0,0,0,0,0,0
2026-04-17,checkout/rendez-vous-pedagogiques,0,0,0,0,0,0,0,0,0
2026-04-17,checkout/pack-permis-complet-boite-automatique-sans-code-et-reussite-conduite-plus-lead,0,0,0,0,0,0,0,0,0
2026-04-17,checkout/pack-permis-boite-automatique-casa-nord-france,0,0,0,0,0,0,0,0,0
2026-04-17,emailcrm&utm_medium=email&utm_source=crm&utm_campaign=3b74f603-2f61-4df1-9869-4dff5e11d8e9,0,0,0,0,0,0,0,0,0
2026-04-17,permis_widget,0,0,0,0,0,0,0,0,0
2026-04-18,shop,76,61,50,37,11,82.0,74.0,18.0,29.7
2026-04-18,unknown,11,8,8,5,3,100.0,62.5,37.5,60.0
2026-04-18,product/pack-permis-complet,10,8,7,6,1,87.5,85.7,12.5,16.7
2026-04-18,product/pack-permis-complet-sans-code,6,5,5,4,4,100.0,80.0,80.0,100.0
2026-04-18,product/pack-permis-complet-sans-code-lead,11,10,9,8,4,90.0,88.9,40.0,50.0
2026-04-18,product/pack-permis-complet-revolut,11,9,7,4,2,77.8,57.1,22.2,50.0
2026-04-18,product/pack-permis-complet-boite-automatique,4,3,3,2,0,100.0,66.7,0.0,0.0
2026-04-18,emailcrm,9,8,8,6,3,100.0,75.0,37.5,50.0
2026-04-18,product/pack-permis-complet-boite-automatique-sans-code,2,1,1,1,1,100.0,100.0,100.0,100.0
2026-04-18,product/pack-permis-complet-boite-automatique-sans-code-lead,4,4,4,4,2,100.0,100.0,50.0,50.0
2026-04-18,product/pack-5h,4,4,2,1,0,50.0,50.0,0.0,0.0
2026-04-18,product/pack-10h,4,4,3,2,0,75.0,66.7,0.0,0.0
2026-04-18,product/conduite-accompagnee-first,0,0,0,0,0,0,0,0,0
2026-04-18,product/pack-20h,4,4,2,0,0,50.0,0.0,0.0,0
2026-04-18,product/pack-permis-complet-boite-automatique-revolut,4,3,3,2,2,100.0,66.7,66.7,100.0
2026-04-18,emailcrmheader,2,2,2,1,0,100.0,50.0,0.0,0.0
2026-04-18,product/pack-5h-boite-automatique,0,0,0,0,0,0,0,0,0
2026-04-18,product/pack-10h-boite-automatique,1,1,1,1,1,100.0,100.0,100.0,100.0
2026-04-18,checkout/pack-permis-complet,2,2,2,2,1,100.0,100.0,50.0,50.0
2026-04-18,product/conduite-accompagnee-boite-automatique-first,2,2,2,1,0,100.0,50.0,0.0,0.0
2026-04-18,checkout/pack-permis-complet-sans-code,2,2,2,2,1,100.0,100.0,50.0,50.0
2026-04-18,infocards,0,0,0,0,0,0,0,0,0
2026-04-18,checkout/pack-permis-complet-sans-code-lead,1,1,1,1,0,100.0,100.0,0.0,0.0
2026-04-18,checkout/pack-permis-complet-boite-automatique,1,1,1,0,0,100.0,0.0,0.0,0
2026-04-18,checkout/pack-permis-complet-revolut,0,0,0,0,0,0,0,0,0
2026-04-18,checkout/pack-permis-complet-boite-automatique-sans-code-lead,1,1,1,1,0,100.0,100.0,0.0,0.0
2026-04-18,checkout/pack-5h,0,0,0,0,0,0,0,0,0
2026-04-18,checkout/conduite-accompagnee-first,0,0,0,0,0,0,0,0,0
2026-04-18,checkout/pack-permis-complet-boite-automatique-sans-code,0,0,0,0,0,0,0,0,0
2026-04-18,checkout/pack-5h-boite-automatique,0,0,0,0,0,0,0,0,0
2026-04-18,product/rendez-vous-pedagogiques,1,1,1,0,0,100.0,0.0,0.0,0
2026-04-18,checkout/pack-10h,1,1,1,1,0,100.0,100.0,0.0,0.0
2026-04-18,checkout/pack-permis-complet-boite-automatique-revolut,0,0,0,0,0,0,0,0,0
2026-04-18,chatbot_support,0,0,0,0,0,0,0,0,0
2026-04-18,product/pack-permis-casa-nord-france,0,0,0,0,0,0,0,0,0
2026-04-18,home_widget,0,0,0,0,0,0,0,0,0
2026-04-18,checkout/pack-10h-boite-automatique,1,1,1,1,1,100.0,100.0,100.0,100.0
2026-04-18,checkout/pack-20h,1,1,1,0,0,100.0,0.0,0.0,0
2026-04-18,checkout/conduite-accompagnee-boite-automatique-first,0,0,0,0,0,0,0,0,0
2026-04-18,product/pack-permis-boite-automatique-casa-nord-france,0,0,0,0,0,0,0,0,0
2026-04-18,product/rendez-vous-pedagogiques-automatique,1,1,1,1,0,100.0,100.0,0.0,0.0
2026-04-18,checkout/pack-permis-complet-boite-automatique-sans-code-et-reussite-conduite-plus,0,0,0,0,0,0,0,0,0
2026-04-18,checkout/pack-permis-complet-et-reussite-code-plus,0,0,0,0,0,0,0,0,0
2026-04-18,checkout/pack-permis-casa-nord-france,0,0,0,0,0,0,0,0,0
2026-04-18,checkout/pack-permis-complet-boite-automatique-et-reussite-code-plus,0,0,0,0,0,0,0,0,0
2026-04-18,checkout/rendez-vous-pedagogiques,0,0,0,0,0,0,0,0,0
2026-04-18,checkout/pack-permis-complet-boite-automatique-sans-code-et-reussite-conduite-plus-lead,0,0,0,0,0,0,0,0,0
2026-04-18,checkout/pack-permis-boite-automatique-casa-nord-france,0,0,0,0,0,0,0,0,0
2026-04-18,emailcrm&utm_medium=email&utm_source=crm&utm_campaign=3b74f603-2f61-4df1-9869-4dff5e11d8e9,0,0,0,0,0,0,0,0,0
2026-04-18,permis_widget,0,0,0,0,0,0,0,0,0
2026-04-19,shop,0,0,0,0,0,0,0,0,0
2026-04-19,unknown,0,0,0,0,0,0,0,0,0
2026-04-19,product/pack-permis-complet,0,0,0,0,0,0,0,0,0
2026-04-19,product/pack-permis-complet-sans-code,0,0,0,0,0,0,0,0,0
2026-04-19,product/pack-permis-complet-sans-code-lead,0,0,0,0,0,0,0,0,0
2026-04-19,product/pack-permis-complet-revolut,0,0,0,0,0,0,0,0,0
2026-04-19,product/pack-permis-complet-boite-automatique,0,0,0,0,0,0,0,0,0
2026-04-19,emailcrm,0,0,0,0,0,0,0,0,0
2026-04-19,product/pack-permis-complet-boite-automatique-sans-code,0,0,0,0,0,0,0,0,0
2026-04-19,product/pack-permis-complet-boite-automatique-sans-code-lead,0,0,0,0,0,0,0,0,0
2026-04-19,product/pack-5h,0,0,0,0,0,0,0,0,0
2026-04-19,product/pack-10h,0,0,0,0,0,0,0,0,0
2026-04-19,product/conduite-accompagnee-first,0,0,0,0,0,0,0,0,0
2026-04-19,product/pack-20h,0,0,0,0,0,0,0,0,0
2026-04-19,product/pack-permis-complet-boite-automatique-revolut,0,0,0,0,0,0,0,0,0
2026-04-19,emailcrmheader,0,0,0,0,0,0,0,0,0
2026-04-19,product/pack-5h-boite-automatique,0,0,0,0,0,0,0,0,0
2026-04-19,product/pack-10h-boite-automatique,0,0,0,0,0,0,0,0,0
2026-04-19,checkout/pack-permis-complet,0,0,0,0,0,0,0,0,0
2026-04-19,product/conduite-accompagnee-boite-automatique-first,0,0,0,0,0,0,0,0,0
2026-04-19,checkout/pack-permis-complet-sans-code,0,0,0,0,0,0,0,0,0
2026-04-19,infocards,0,0,0,0,0,0,0,0,0
2026-04-19,checkout/pack-permis-complet-sans-code-lead,0,0,0,0,0,0,0,0,0
2026-04-19,checkout/pack-permis-complet-boite-automatique,0,0,0,0,0,0,0,0,0
2026-04-19,checkout/pack-permis-complet-revolut,0,0,0,0,0,0,0,0,0
2026-04-19,checkout/pack-permis-complet-boite-automatique-sans-code-lead,0,0,0,0,0,0,0,0,0
2026-04-19,checkout/pack-5h,0,0,0,0,0,0,0,0,0
2026-04-19,checkout/conduite-accompagnee-first,0,0,0,0,0,0,0,0,0
2026-04-19,checkout/pack-permis-complet-boite-automatique-sans-code,0,0,0,0,0,0,0,0,0
2026-04-19,checkout/pack-5h-boite-automatique,0,0,0,0,0,0,0,0,0
2026-04-19,product/rendez-vous-pedagogiques,0,0,0,0,0,0,0,0,0
2026-04-19,checkout/pack-10h,0,0,0,0,0,0,0,0,0
2026-04-19,checkout/pack-permis-complet-boite-automatique-revolut,0,0,0,0,0,0,0,0,0
2026-04-19,chatbot_support,0,0,0,0,0,0,0,0,0
2026-04-19,product/pack-permis-casa-nord-france,0,0,0,0,0,0,0,0,0
2026-04-19,home_widget,0,0,0,0,0,0,0,0,0
2026-04-19,checkout/pack-10h-boite-automatique,0,0,0,0,0,0,0,0,0
2026-04-19,checkout/pack-20h,0,0,0,0,0,0,0,0,0
2026-04-19,checkout/conduite-accompagnee-boite-automatique-first,0,0,0,0,0,0,0,0,0
2026-04-19,product/pack-permis-boite-automatique-casa-nord-france,0,0,0,0,0,0,0,0,0
2026-04-19,product/rendez-vous-pedagogiques-automatique,0,0,0,0,0,0,0,0,0
2026-04-19,checkout/pack-permis-complet-boite-automatique-sans-code-et-reussite-conduite-plus,0,0,0,0,0,0,0,0,0
2026-04-19,checkout/pack-permis-complet-et-reussite-code-plus,0,0,0,0,0,0,0,0,0
2026-04-19,checkout/pack-permis-casa-nord-france,0,0,0,0,0,0,0,0,0
2026-04-19,checkout/pack-permis-complet-boite-automatique-et-reussite-code-plus,0,0,0,0,0,0,0,0,0
2026-04-19,checkout/rendez-vous-pedagogiques,0,0,0,0,0,0,0,0,0
2026-04-19,checkout/pack-permis-complet-boite-automatique-sans-code-et-reussite-conduite-plus-lead,0,0,0,0,0,0,0,0,0
2026-04-19,checkout/pack-permis-boite-automatique-casa-nord-france,0,0,0,0,0,0,0,0,0
2026-04-19,emailcrm&utm_medium=email&utm_source=crm&utm_campaign=3b74f603-2f61-4df1-9869-4dff5e11d8e9,0,0,0,0,0,0,0,0,0
2026-04-19,permis_widget,0,0,0,0,0,0,0,0,0
2026-04-20,shop,146,117,111,94,22,94.9,84.7,18.8,23.4
2026-04-20,unknown,16,16,13,8,4,81.2,61.5,25.0,50.0
2026-04-20,product/pack-permis-complet,22,21,21,15,7,100.0,71.4,33.3,46.7
2026-04-20,product/pack-permis-complet-sans-code,24,19,18,16,7,94.7,88.9,36.8,43.8
2026-04-20,product/pack-permis-complet-sans-code-lead,19,18,15,11,5,83.3,73.3,27.8,45.5
2026-04-20,product/pack-permis-complet-revolut,28,24,20,16,5,83.3,80.0,20.8,31.2
2026-04-20,product/pack-permis-complet-boite-automatique,8,8,8,6,2,100.0,75.0,25.0,33.3
2026-04-20,emailcrm,12,12,10,9,2,83.3,90.0,16.7,22.2
2026-04-20,product/pack-permis-complet-boite-automatique-sans-code,11,11,11,11,3,100.0,100.0,27.3,27.3
2026-04-20,product/pack-permis-complet-boite-automatique-sans-code-lead,9,7,7,5,4,100.0,71.4,57.1,80.0
2026-04-20,product/pack-5h,21,17,15,12,4,88.2,80.0,23.5,33.3
2026-04-20,product/pack-10h,4,4,4,4,1,100.0,100.0,25.0,25.0
2026-04-20,product/conduite-accompagnee-first,12,11,11,8,6,100.0,72.7,54.5,75.0
2026-04-20,product/pack-20h,10,7,7,7,0,100.0,100.0,0.0,0.0
2026-04-20,product/pack-permis-complet-boite-automatique-revolut,11,11,11,9,3,100.0,81.8,27.3,33.3
2026-04-20,emailcrmheader,9,9,9,7,1,100.0,77.8,11.1,14.3
2026-04-20,product/pack-5h-boite-automatique,4,4,4,2,0,100.0,50.0,0.0,0.0
2026-04-20,product/pack-10h-boite-automatique,2,2,2,1,1,100.0,50.0,50.0,100.0
2026-04-20,checkout/pack-permis-complet,1,1,1,1,0,100.0,100.0,0.0,0.0
2026-04-20,product/conduite-accompagnee-boite-automatique-first,1,1,1,1,0,100.0,100.0,0.0,0.0
2026-04-20,checkout/pack-permis-complet-sans-code,0,0,0,0,0,0,0,0,0
2026-04-20,infocards,0,0,0,0,0,0,0,0,0
2026-04-20,checkout/pack-permis-complet-sans-code-lead,1,1,1,1,0,100.0,100.0,0.0,0.0
2026-04-20,checkout/pack-permis-complet-boite-automatique,4,4,4,2,1,100.0,50.0,25.0,50.0
2026-04-20,checkout/pack-permis-complet-revolut,5,5,5,4,2,100.0,80.0,40.0,50.0
2026-04-20,checkout/pack-permis-complet-boite-automatique-sans-code-lead,1,1,0,0,0,0.0,0,0.0,0
2026-04-20,checkout/pack-5h,2,2,2,2,0,100.0,100.0,0.0,0.0
2026-04-20,checkout/conduite-accompagnee-first,1,1,1,1,0,100.0,100.0,0.0,0.0
2026-04-20,checkout/pack-permis-complet-boite-automatique-sans-code,1,1,1,0,0,100.0,0.0,0.0,0
2026-04-20,checkout/pack-5h-boite-automatique,1,1,1,1,0,100.0,100.0,0.0,0.0
2026-04-20,product/rendez-vous-pedagogiques,1,1,1,1,0,100.0,100.0,0.0,0.0
2026-04-20,checkout/pack-10h,2,2,2,2,0,100.0,100.0,0.0,0.0
2026-04-20,checkout/pack-permis-complet-boite-automatique-revolut,0,0,0,0,0,0,0,0,0
2026-04-20,chatbot_support,0,0,0,0,0,0,0,0,0
2026-04-20,product/pack-permis-casa-nord-france,2,2,2,2,2,100.0,100.0,100.0,100.0
2026-04-20,home_widget,0,0,0,0,0,0,0,0,0
2026-04-20,checkout/pack-10h-boite-automatique,0,0,0,0,0,0,0,0,0
2026-04-20,checkout/pack-20h,0,0,0,0,0,0,0,0,0
2026-04-20,checkout/conduite-accompagnee-boite-automatique-first,0,0,0,0,0,0,0,0,0
2026-04-20,product/pack-permis-boite-automatique-casa-nord-france,2,2,2,2,1,100.0,100.0,50.0,50.0
2026-04-20,product/rendez-vous-pedagogiques-automatique,0,0,0,0,0,0,0,0,0
2026-04-20,checkout/pack-permis-complet-boite-automatique-sans-code-et-reussite-conduite-plus,0,0,0,0,0,0,0,0,0
2026-04-20,checkout/pack-permis-complet-et-reussite-code-plus,0,0,0,0,0,0,0,0,0
2026-04-20,checkout/pack-permis-casa-nord-france,0,0,0,0,0,0,0,0,0
2026-04-20,checkout/pack-permis-complet-boite-automatique-et-reussite-code-plus,0,0,0,0,0,0,0,0,0
2026-04-20,checkout/rendez-vous-pedagogiques,0,0,0,0,0,0,0,0,0
2026-04-20,checkout/pack-permis-complet-boite-automatique-sans-code-et-reussite-conduite-plus-lead,0,0,0,0,0,0,0,0,0
2026-04-20,checkout/pack-permis-boite-automatique-casa-nord-france,0,0,0,0,0,0,0,0,0
2026-04-20,emailcrm&utm_medium=email&utm_source=crm&utm_campaign=3b74f603-2f61-4df1-9869-4dff5e11d8e9,0,0,0,0,0,0,0,0,0
2026-04-20,permis_widget,0,0,0,0,0,0,0,0,0
2026-04-21,shop,152,114,113,96,26,99.1,85.0,22.8,27.1
2026-04-21,unknown,12,11,11,8,4,100.0,72.7,36.4,50.0
2026-04-21,product/pack-permis-complet,16,15,15,11,4,100.0,73.3,26.7,36.4
2026-04-21,product/pack-permis-complet-sans-code,17,16,16,16,8,100.0,100.0,50.0,50.0
2026-04-21,product/pack-permis-complet-sans-code-lead,26,23,23,19,5,100.0,82.6,21.7,26.3
2026-04-21,product/pack-permis-complet-revolut,24,21,20,15,7,95.2,75.0,33.3,46.7
2026-04-21,product/pack-permis-complet-boite-automatique,7,7,7,7,4,100.0,100.0,57.1,57.1
2026-04-21,emailcrm,8,8,8,4,1,100.0,50.0,12.5,25.0
2026-04-21,product/pack-permis-complet-boite-automatique-sans-code,2,2,2,1,0,100.0,50.0,0.0,0.0
2026-04-21,product/pack-permis-complet-boite-automatique-sans-code-lead,8,8,8,8,5,100.0,100.0,62.5,62.5
2026-04-21,product/pack-5h,6,5,5,5,0,100.0,100.0,0.0,0.0
2026-04-21,product/pack-10h,3,2,2,2,2,100.0,100.0,100.0,100.0
2026-04-21,product/conduite-accompagnee-first,7,5,4,2,1,80.0,50.0,20.0,50.0
2026-04-21,product/pack-20h,8,7,7,7,0,100.0,100.0,0.0,0.0
2026-04-21,product/pack-permis-complet-boite-automatique-revolut,6,6,6,6,2,100.0,100.0,33.3,33.3
2026-04-21,emailcrmheader,5,4,4,4,0,100.0,100.0,0.0,0.0
2026-04-21,product/pack-5h-boite-automatique,5,3,2,1,1,66.7,50.0,33.3,100.0
2026-04-21,product/pack-10h-boite-automatique,0,0,0,0,0,0,0,0,0
2026-04-21,checkout/pack-permis-complet,4,4,4,3,0,100.0,75.0,0.0,0.0
2026-04-21,product/conduite-accompagnee-boite-automatique-first,1,1,1,1,0,100.0,100.0,0.0,0.0
2026-04-21,checkout/pack-permis-complet-sans-code,1,1,1,1,1,100.0,100.0,100.0,100.0
2026-04-21,infocards,0,0,0,0,0,0,0,0,0
2026-04-21,checkout/pack-permis-complet-sans-code-lead,1,1,1,1,0,100.0,100.0,0.0,0.0
2026-04-21,checkout/pack-permis-complet-boite-automatique,1,1,1,1,0,100.0,100.0,0.0,0.0
2026-04-21,checkout/pack-permis-complet-revolut,3,3,3,1,1,100.0,33.3,33.3,100.0
2026-04-21,checkout/pack-permis-complet-boite-automatique-sans-code-lead,0,0,0,0,0,0,0,0,0
2026-04-21,checkout/pack-5h,2,2,2,2,1,100.0,100.0,50.0,50.0
2026-04-21,checkout/conduite-accompagnee-first,0,0,0,0,0,0,0,0,0
2026-04-21,checkout/pack-permis-complet-boite-automatique-sans-code,0,0,0,0,0,0,0,0,0
2026-04-21,checkout/pack-5h-boite-automatique,1,1,1,0,0,100.0,0.0,0.0,0
2026-04-21,product/rendez-vous-pedagogiques,1,1,1,1,1,100.0,100.0,100.0,100.0
2026-04-21,checkout/pack-10h,1,1,1,1,1,100.0,100.0,100.0,100.0
2026-04-21,checkout/pack-permis-complet-boite-automatique-revolut,0,0,0,0,0,0,0,0,0
2026-04-21,chatbot_support,0,0,0,0,0,0,0,0,0
2026-04-21,product/pack-permis-casa-nord-france,2,2,2,2,0,100.0,100.0,0.0,0.0
2026-04-21,home_widget,1,1,1,1,0,100.0,100.0,0.0,0.0
2026-04-21,checkout/pack-10h-boite-automatique,0,0,0,0,0,0,0,0,0
2026-04-21,checkout/pack-20h,2,2,2,1,0,100.0,50.0,0.0,0.0
2026-04-21,checkout/conduite-accompagnee-boite-automatique-first,0,0,0,0,0,0,0,0,0
2026-04-21,product/pack-permis-boite-automatique-casa-nord-france,1,1,1,1,1,100.0,100.0,100.0,100.0
2026-04-21,product/rendez-vous-pedagogiques-automatique,0,0,0,0,0,0,0,0,0
2026-04-21,checkout/pack-permis-complet-boite-automatique-sans-code-et-reussite-conduite-plus,0,0,0,0,0,0,0,0,0
2026-04-21,checkout/pack-permis-complet-et-reussite-code-plus,0,0,0,0,0,0,0,0,0
2026-04-21,checkout/pack-permis-casa-nord-france,1,1,1,1,0,100.0,100.0,0.0,0.0
2026-04-21,checkout/pack-permis-complet-boite-automatique-et-reussite-code-plus,0,0,0,0,0,0,0,0,0
2026-04-21,checkout/rendez-vous-pedagogiques,0,0,0,0,0,0,0,0,0
2026-04-21,checkout/pack-permis-complet-boite-automatique-sans-code-et-reussite-conduite-plus-lead,0,0,0,0,0,0,0,0,0
2026-04-21,checkout/pack-permis-boite-automatique-casa-nord-france,0,0,0,0,0,0,0,0,0
2026-04-21,emailcrm&utm_medium=email&utm_source=crm&utm_campaign=3b74f603-2f61-4df1-9869-4dff5e11d8e9,0,0,0,0,0,0,0,0,0
2026-04-21,permis_widget,0,0,0,0,0,0,0,0,0
2026-04-22,shop,111,88,87,73,21,98.9,83.9,23.9,28.8
2026-04-22,unknown,12,12,12,9,2,100.0,75.0,16.7,22.2
2026-04-22,product/pack-permis-complet,14,12,12,10,3,100.0,83.3,25.0,30.0
2026-04-22,product/pack-permis-complet-sans-code,21,19,17,11,6,89.5,64.7,31.6,54.5
2026-04-22,product/pack-permis-complet-sans-code-lead,14,14,13,12,5,92.9,92.3,35.7,41.7
2026-04-22,product/pack-permis-complet-revolut,28,25,25,19,4,100.0,76.0,16.0,21.1
2026-04-22,product/pack-permis-complet-boite-automatique,7,5,5,5,2,100.0,100.0,40.0,40.0
2026-04-22,emailcrm,7,5,5,3,0,100.0,60.0,0.0,0.0
2026-04-22,product/pack-permis-complet-boite-automatique-sans-code,12,8,8,8,4,100.0,100.0,50.0,50.0
2026-04-22,product/pack-permis-complet-boite-automatique-sans-code-lead,9,9,9,7,2,100.0,77.8,22.2,28.6
2026-04-22,product/pack-5h,11,9,9,7,1,100.0,77.8,11.1,14.3
2026-04-22,product/pack-10h,5,5,5,4,1,100.0,80.0,20.0,25.0
2026-04-22,product/conduite-accompagnee-first,8,8,8,7,2,100.0,87.5,25.0,28.6
2026-04-22,product/pack-20h,6,6,6,6,0,100.0,100.0,0.0,0.0
2026-04-22,product/pack-permis-complet-boite-automatique-revolut,5,5,4,4,0,80.0,100.0,0.0,0.0
2026-04-22,emailcrmheader,6,6,6,4,0,100.0,66.7,0.0,0.0
2026-04-22,product/pack-5h-boite-automatique,4,4,4,4,2,100.0,100.0,50.0,50.0
2026-04-22,product/pack-10h-boite-automatique,1,1,1,1,0,100.0,100.0,0.0,0.0
2026-04-22,checkout/pack-permis-complet,0,0,0,0,0,0,0,0,0
2026-04-22,product/conduite-accompagnee-boite-automatique-first,1,1,1,1,1,100.0,100.0,100.0,100.0
2026-04-22,checkout/pack-permis-complet-sans-code,2,2,2,1,0,100.0,50.0,0.0,0.0
2026-04-22,infocards,0,0,0,0,0,0,0,0,0
2026-04-22,checkout/pack-permis-complet-sans-code-lead,3,3,3,1,1,100.0,33.3,33.3,100.0
2026-04-22,checkout/pack-permis-complet-boite-automatique,1,1,1,0,0,100.0,0.0,0.0,0
2026-04-22,checkout/pack-permis-complet-revolut,2,2,2,1,0,100.0,50.0,0.0,0.0
2026-04-22,checkout/pack-permis-complet-boite-automatique-sans-code-lead,2,2,2,2,0,100.0,100.0,0.0,0.0
2026-04-22,checkout/pack-5h,2,2,2,2,0,100.0,100.0,0.0,0.0
2026-04-22,checkout/conduite-accompagnee-first,1,1,1,1,1,100.0,100.0,100.0,100.0
2026-04-22,checkout/pack-permis-complet-boite-automatique-sans-code,3,1,1,1,1,100.0,100.0,100.0,100.0
2026-04-22,checkout/pack-5h-boite-automatique,2,2,2,2,0,100.0,100.0,0.0,0.0
2026-04-22,product/rendez-vous-pedagogiques,1,1,1,1,0,100.0,100.0,0.0,0.0
2026-04-22,checkout/pack-10h,1,1,1,1,0,100.0,100.0,0.0,0.0
2026-04-22,checkout/pack-permis-complet-boite-automatique-revolut,1,1,1,1,1,100.0,100.0,100.0,100.0
2026-04-22,chatbot_support,0,0,0,0,0,0,0,0,0
2026-04-22,product/pack-permis-casa-nord-france,0,0,0,0,0,0,0,0,0
2026-04-22,home_widget,0,0,0,0,0,0,0,0,0
2026-04-22,checkout/pack-10h-boite-automatique,0,0,0,0,0,0,0,0,0
2026-04-22,checkout/pack-20h,0,0,0,0,0,0,0,0,0
2026-04-22,checkout/conduite-accompagnee-boite-automatique-first,0,0,0,0,0,0,0,0,0
2026-04-22,product/pack-permis-boite-automatique-casa-nord-france,0,0,0,0,0,0,0,0,0
2026-04-22,product/rendez-vous-pedagogiques-automatique,0,0,0,0,0,0,0,0,0
2026-04-22,checkout/pack-permis-complet-boite-automatique-sans-code-et-reussite-conduite-plus,0,0,0,0,0,0,0,0,0
2026-04-22,checkout/pack-permis-complet-et-reussite-code-plus,0,0,0,0,0,0,0,0,0
2026-04-22,checkout/pack-permis-casa-nord-france,0,0,0,0,0,0,0,0,0
2026-04-22,checkout/pack-permis-complet-boite-automatique-et-reussite-code-plus,0,0,0,0,0,0,0,0,0
2026-04-22,checkout/rendez-vous-pedagogiques,0,0,0,0,0,0,0,0,0
2026-04-22,checkout/pack-permis-complet-boite-automatique-sans-code-et-reussite-conduite-plus-lead,0,0,0,0,0,0,0,0,0
2026-04-22,checkout/pack-permis-boite-automatique-casa-nord-france,0,0,0,0,0,0,0,0,0
2026-04-22,emailcrm&utm_medium=email&utm_source=crm&utm_campaign=3b74f603-2f61-4df1-9869-4dff5e11d8e9,0,0,0,0,0,0,0,0,0
2026-04-22,permis_widget,0,0,0,0,0,0,0,0,0
2026-04-23,shop,95,79,79,67,20,100.0,84.8,25.3,29.9
2026-04-23,unknown,17,16,15,9,3,93.8,60.0,18.8,33.3
2026-04-23,product/pack-permis-complet,12,12,12,10,3,100.0,83.3,25.0,30.0
2026-04-23,product/pack-permis-complet-sans-code,17,17,16,14,8,94.1,87.5,47.1,57.1
2026-04-23,product/pack-permis-complet-sans-code-lead,10,9,9,6,4,100.0,66.7,44.4,66.7
2026-04-23,product/pack-permis-complet-revolut,12,10,9,5,1,90.0,55.6,10.0,20.0
2026-04-23,product/pack-permis-complet-boite-automatique,6,4,4,3,1,100.0,75.0,25.0,33.3
2026-04-23,emailcrm,10,8,8,8,4,100.0,100.0,50.0,50.0
2026-04-23,product/pack-permis-complet-boite-automatique-sans-code,12,10,10,8,1,100.0,80.0,10.0,12.5
2026-04-23,product/pack-permis-complet-boite-automatique-sans-code-lead,5,5,5,4,2,100.0,80.0,40.0,50.0
2026-04-23,product/pack-5h,8,8,8,7,1,100.0,87.5,12.5,14.3
2026-04-23,product/pack-10h,9,9,9,7,1,100.0,77.8,11.1,14.3
2026-04-23,product/conduite-accompagnee-first,7,7,7,6,1,100.0,85.7,14.3,16.7
2026-04-23,product/pack-20h,16,13,11,9,0,84.6,81.8,0.0,0.0
2026-04-23,product/pack-permis-complet-boite-automatique-revolut,5,4,4,3,1,100.0,75.0,25.0,33.3
2026-04-23,emailcrmheader,7,7,7,7,0,100.0,100.0,0.0,0.0
2026-04-23,product/pack-5h-boite-automatique,4,3,3,2,1,100.0,66.7,33.3,50.0
2026-04-23,product/pack-10h-boite-automatique,1,1,1,1,1,100.0,100.0,100.0,100.0
2026-04-23,checkout/pack-permis-complet,1,1,1,1,0,100.0,100.0,0.0,0.0
2026-04-23,product/conduite-accompagnee-boite-automatique-first,2,2,2,2,0,100.0,100.0,0.0,0.0
2026-04-23,checkout/pack-permis-complet-sans-code,1,1,1,0,0,100.0,0.0,0.0,0
2026-04-23,infocards,0,0,0,0,0,0,0,0,0
2026-04-23,checkout/pack-permis-complet-sans-code-lead,1,1,1,1,1,100.0,100.0,100.0,100.0
2026-04-23,checkout/pack-permis-complet-boite-automatique,1,1,1,0,0,100.0,0.0,0.0,0
2026-04-23,checkout/pack-permis-complet-revolut,1,1,1,1,0,100.0,100.0,0.0,0.0
2026-04-23,checkout/pack-permis-complet-boite-automatique-sans-code-lead,0,0,0,0,0,0,0,0,0
2026-04-23,checkout/pack-5h,1,1,1,1,1,100.0,100.0,100.0,100.0
2026-04-23,checkout/conduite-accompagnee-first,1,1,1,1,1,100.0,100.0,100.0,100.0
2026-04-23,checkout/pack-permis-complet-boite-automatique-sans-code,0,0,0,0,0,0,0,0,0
2026-04-23,checkout/pack-5h-boite-automatique,0,0,0,0,0,0,0,0,0
2026-04-23,product/rendez-vous-pedagogiques,0,0,0,0,0,0,0,0,0
2026-04-23,checkout/pack-10h,0,0,0,0,0,0,0,0,0
2026-04-23,checkout/pack-permis-complet-boite-automatique-revolut,1,1,1,0,0,100.0,0.0,0.0,0
2026-04-23,chatbot_support,0,0,0,0,0,0,0,0,0
2026-04-23,product/pack-permis-casa-nord-france,0,0,0,0,0,0,0,0,0
2026-04-23,home_widget,0,0,0,0,0,0,0,0,0
2026-04-23,checkout/pack-10h-boite-automatique,0,0,0,0,0,0,0,0,0
2026-04-23,checkout/pack-20h,1,1,1,1,0,100.0,100.0,0.0,0.0
2026-04-23,checkout/conduite-accompagnee-boite-automatique-first,0,0,0,0,0,0,0,0,0
2026-04-23,product/pack-permis-boite-automatique-casa-nord-france,0,0,0,0,0,0,0,0,0
2026-04-23,product/rendez-vous-pedagogiques-automatique,0,0,0,0,0,0,0,0,0
2026-04-23,checkout/pack-permis-complet-boite-automatique-sans-code-et-reussite-conduite-plus,0,0,0,0,0,0,0,0,0
2026-04-23,checkout/pack-permis-complet-et-reussite-code-plus,0,0,0,0,0,0,0,0,0
2026-04-23,checkout/pack-permis-casa-nord-france,0,0,0,0,0,0,0,0,0
2026-04-23,checkout/pack-permis-complet-boite-automatique-et-reussite-code-plus,0,0,0,0,0,0,0,0,0
2026-04-23,checkout/rendez-vous-pedagogiques,0,0,0,0,0,0,0,0,0
2026-04-23,checkout/pack-permis-complet-boite-automatique-sans-code-et-reussite-conduite-plus-lead,0,0,0,0,0,0,0,0,0
2026-04-23,checkout/pack-permis-boite-automatique-casa-nord-france,0,0,0,0,0,0,0,0,0
2026-04-23,emailcrm&utm_medium=email&utm_source=crm&utm_campaign=3b74f603-2f61-4df1-9869-4dff5e11d8e9,0,0,0,0,0,0,0,0,0
2026-04-23,permis_widget,0,0,0,0,0,0,0,0,0
2026-04-24,shop,93,82,81,68,25,98.8,84.0,30.5,36.8
2026-04-24,unknown,13,12,12,9,3,100.0,75.0,25.0,33.3
2026-04-24,product/pack-permis-complet,19,19,19,18,6,100.0,94.7,31.6,33.3
2026-04-24,product/pack-permis-complet-sans-code,8,8,8,6,4,100.0,75.0,50.0,66.7
2026-04-24,product/pack-permis-complet-sans-code-lead,19,16,16,12,3,100.0,75.0,18.8,25.0
2026-04-24,product/pack-permis-complet-revolut,15,13,13,11,1,100.0,84.6,7.7,9.1
2026-04-24,product/pack-permis-complet-boite-automatique,6,6,6,6,0,100.0,100.0,0.0,0.0
2026-04-24,emailcrm,6,6,6,6,3,100.0,100.0,50.0,50.0
2026-04-24,product/pack-permis-complet-boite-automatique-sans-code,10,9,9,7,4,100.0,77.8,44.4,57.1
2026-04-24,product/pack-permis-complet-boite-automatique-sans-code-lead,8,7,7,6,4,100.0,85.7,57.1,66.7
2026-04-24,product/pack-5h,11,11,11,10,0,100.0,90.9,0.0,0.0
2026-04-24,product/pack-10h,4,4,4,4,1,100.0,100.0,25.0,25.0
2026-04-24,product/conduite-accompagnee-first,7,6,5,4,3,83.3,80.0,50.0,75.0
2026-04-24,product/pack-20h,10,7,7,7,1,100.0,100.0,14.3,14.3
2026-04-24,product/pack-permis-complet-boite-automatique-revolut,9,6,6,6,4,100.0,100.0,66.7,66.7
2026-04-24,emailcrmheader,7,6,6,6,2,100.0,100.0,33.3,33.3
2026-04-24,product/pack-5h-boite-automatique,2,2,2,2,1,100.0,100.0,50.0,50.0
2026-04-24,product/pack-10h-boite-automatique,2,2,2,2,1,100.0,100.0,50.0,50.0
2026-04-24,checkout/pack-permis-complet,0,0,0,0,0,0,0,0,0
2026-04-24,product/conduite-accompagnee-boite-automatique-first,3,3,3,3,0,100.0,100.0,0.0,0.0
2026-04-24,checkout/pack-permis-complet-sans-code,0,0,0,0,0,0,0,0,0
2026-04-24,infocards,0,0,0,0,0,0,0,0,0
2026-04-24,checkout/pack-permis-complet-sans-code-lead,1,1,1,1,0,100.0,100.0,0.0,0.0
2026-04-24,checkout/pack-permis-complet-boite-automatique,0,0,0,0,0,0,0,0,0
2026-04-24,checkout/pack-permis-complet-revolut,0,0,0,0,0,0,0,0,0
2026-04-24,checkout/pack-permis-complet-boite-automatique-sans-code-lead,0,0,0,0,0,0,0,0,0
2026-04-24,checkout/pack-5h,1,1,1,1,0,100.0,100.0,0.0,0.0
2026-04-24,checkout/conduite-accompagnee-first,0,0,0,0,0,0,0,0,0
2026-04-24,checkout/pack-permis-complet-boite-automatique-sans-code,0,0,0,0,0,0,0,0,0
2026-04-24,checkout/pack-5h-boite-automatique,0,0,0,0,0,0,0,0,0
2026-04-24,product/rendez-vous-pedagogiques,4,3,3,3,1,100.0,100.0,33.3,33.3
2026-04-24,checkout/pack-10h,2,1,1,1,0,100.0,100.0,0.0,0.0
2026-04-24,checkout/pack-permis-complet-boite-automatique-revolut,1,1,1,1,0,100.0,100.0,0.0,0.0
2026-04-24,chatbot_support,0,0,0,0,0,0,0,0,0
2026-04-24,product/pack-permis-casa-nord-france,0,0,0,0,0,0,0,0,0
2026-04-24,home_widget,0,0,0,0,0,0,0,0,0
2026-04-24,checkout/pack-10h-boite-automatique,0,0,0,0,0,0,0,0,0
2026-04-24,checkout/pack-20h,0,0,0,0,0,0,0,0,0
2026-04-24,checkout/conduite-accompagnee-boite-automatique-first,0,0,0,0,0,0,0,0,0
2026-04-24,product/pack-permis-boite-automatique-casa-nord-france,0,0,0,0,0,0,0,0,0
2026-04-24,product/rendez-vous-pedagogiques-automatique,0,0,0,0,0,0,0,0,0
2026-04-24,checkout/pack-permis-complet-boite-automatique-sans-code-et-reussite-conduite-plus,0,0,0,0,0,0,0,0,0
2026-04-24,checkout/pack-permis-complet-et-reussite-code-plus,0,0,0,0,0,0,0,0,0
2026-04-24,checkout/pack-permis-casa-nord-france,0,0,0,0,0,0,0,0,0
2026-04-24,checkout/pack-permis-complet-boite-automatique-et-reussite-code-plus,0,0,0,0,0,0,0,0,0
2026-04-24,checkout/rendez-vous-pedagogiques,0,0,0,0,0,0,0,0,0
2026-04-24,checkout/pack-permis-complet-boite-automatique-sans-code-et-reussite-conduite-plus-lead,0,0,0,0,0,0,0,0,0
2026-04-24,checkout/pack-permis-boite-automatique-casa-nord-france,0,0,0,0,0,0,0,0,0
2026-04-24,emailcrm&utm_medium=email&utm_source=crm&utm_campaign=3b74f603-2f61-4df1-9869-4dff5e11d8e9,0,0,0,0,0,0,0,0,0
2026-04-24,permis_widget,0,0,0,0,0,0,0,0,0
2026-04-25,shop,60,49,48,33,10,98.0,68.8,20.4,30.3
2026-04-25,unknown,11,9,9,7,4,100.0,77.8,44.4,57.1
2026-04-25,product/pack-permis-complet,11,9,9,7,2,100.0,77.8,22.2,28.6
2026-04-25,product/pack-permis-complet-sans-code,7,7,7,7,5,100.0,100.0,71.4,71.4
2026-04-25,product/pack-permis-complet-sans-code-lead,14,11,11,8,3,100.0,72.7,27.3,37.5
2026-04-25,product/pack-permis-complet-revolut,13,11,11,10,2,100.0,90.9,18.2,20.0
2026-04-25,product/pack-permis-complet-boite-automatique,2,2,1,1,1,50.0,100.0,50.0,100.0
2026-04-25,emailcrm,4,4,4,1,0,100.0,25.0,0.0,0.0
2026-04-25,product/pack-permis-complet-boite-automatique-sans-code,5,5,5,4,2,100.0,80.0,40.0,50.0
2026-04-25,product/pack-permis-complet-boite-automatique-sans-code-lead,4,4,4,3,2,100.0,75.0,50.0,66.7
2026-04-25,product/pack-5h,5,5,5,4,0,100.0,80.0,0.0,0.0
2026-04-25,product/pack-10h,8,5,5,4,2,100.0,80.0,40.0,50.0
2026-04-25,product/conduite-accompagnee-first,6,5,5,4,1,100.0,80.0,20.0,25.0
2026-04-25,product/pack-20h,5,4,4,4,0,100.0,100.0,0.0,0.0
2026-04-25,product/pack-permis-complet-boite-automatique-revolut,2,2,2,1,0,100.0,50.0,0.0,0.0
2026-04-25,emailcrmheader,1,1,1,1,0,100.0,100.0,0.0,0.0
2026-04-25,product/pack-5h-boite-automatique,4,4,4,3,1,100.0,75.0,25.0,33.3
2026-04-25,product/pack-10h-boite-automatique,2,2,1,0,1,50.0,0.0,50.0,0
2026-04-25,checkout/pack-permis-complet,0,0,0,0,0,0,0,0,0
2026-04-25,product/conduite-accompagnee-boite-automatique-first,1,1,1,1,1,100.0,100.0,100.0,100.0
2026-04-25,checkout/pack-permis-complet-sans-code,1,1,1,1,1,100.0,100.0,100.0,100.0
2026-04-25,infocards,0,0,0,0,0,0,0,0,0
2026-04-25,checkout/pack-permis-complet-sans-code-lead,1,1,1,0,0,100.0,0.0,0.0,0
2026-04-25,checkout/pack-permis-complet-boite-automatique,4,1,1,1,1,100.0,100.0,100.0,100.0
2026-04-25,checkout/pack-permis-complet-revolut,0,0,0,0,0,0,0,0,0
2026-04-25,checkout/pack-permis-complet-boite-automatique-sans-code-lead,0,0,0,0,0,0,0,0,0
2026-04-25,checkout/pack-5h,2,1,1,1,0,100.0,100.0,0.0,0.0
2026-04-25,checkout/conduite-accompagnee-first,1,1,1,1,0,100.0,100.0,0.0,0.0
2026-04-25,checkout/pack-permis-complet-boite-automatique-sans-code,1,1,1,0,0,100.0,0.0,0.0,0
2026-04-25,checkout/pack-5h-boite-automatique,1,1,1,1,0,100.0,100.0,0.0,0.0
2026-04-25,product/rendez-vous-pedagogiques,0,0,0,0,0,0,0,0,0
2026-04-25,checkout/pack-10h,1,1,1,1,0,100.0,100.0,0.0,0.0
2026-04-25,checkout/pack-permis-complet-boite-automatique-revolut,1,1,1,1,0,100.0,100.0,0.0,0.0
2026-04-25,chatbot_support,0,0,0,0,0,0,0,0,0
2026-04-25,product/pack-permis-casa-nord-france,0,0,0,0,0,0,0,0,0
2026-04-25,home_widget,0,0,0,0,0,0,0,0,0
2026-04-25,checkout/pack-10h-boite-automatique,0,0,0,0,0,0,0,0,0
2026-04-25,checkout/pack-20h,0,0,0,0,0,0,0,0,0
2026-04-25,checkout/conduite-accompagnee-boite-automatique-first,0,0,0,0,0,0,0,0,0
2026-04-25,product/pack-permis-boite-automatique-casa-nord-france,0,0,0,0,0,0,0,0,0
2026-04-25,product/rendez-vous-pedagogiques-automatique,0,0,0,0,0,0,0,0,0
2026-04-25,checkout/pack-permis-complet-boite-automatique-sans-code-et-reussite-conduite-plus,0,0,0,0,0,0,0,0,0
2026-04-25,checkout/pack-permis-complet-et-reussite-code-plus,0,0,0,0,0,0,0,0,0
2026-04-25,checkout/pack-permis-casa-nord-france,0,0,0,0,0,0,0,0,0
2026-04-25,checkout/pack-permis-complet-boite-automatique-et-reussite-code-plus,0,0,0,0,0,0,0,0,0
2026-04-25,checkout/rendez-vous-pedagogiques,0,0,0,0,0,0,0,0,0
2026-04-25,checkout/pack-permis-complet-boite-automatique-sans-code-et-reussite-conduite-plus-lead,0,0,0,0,0,0,0,0,0
2026-04-25,checkout/pack-permis-boite-automatique-casa-nord-france,0,0,0,0,0,0,0,0,0
2026-04-25,emailcrm&utm_medium=email&utm_source=crm&utm_campaign=3b74f603-2f61-4df1-9869-4dff5e11d8e9,0,0,0,0,0,0,0,0,0
2026-04-25,permis_widget,0,0,0,0,0,0,0,0,0
2026-04-26,shop,0,0,0,0,0,0,0,0,0
2026-04-26,unknown,0,0,0,0,0,0,0,0,0
2026-04-26,product/pack-permis-complet,0,0,0,0,0,0,0,0,0
2026-04-26,product/pack-permis-complet-sans-code,0,0,0,0,0,0,0,0,0
2026-04-26,product/pack-permis-complet-sans-code-lead,0,0,0,0,0,0,0,0,0
2026-04-26,product/pack-permis-complet-revolut,0,0,0,0,0,0,0,0,0
2026-04-26,product/pack-permis-complet-boite-automatique,0,0,0,0,0,0,0,0,0
2026-04-26,emailcrm,0,0,0,0,0,0,0,0,0
2026-04-26,product/pack-permis-complet-boite-automatique-sans-code,0,0,0,0,0,0,0,0,0
2026-04-26,product/pack-permis-complet-boite-automatique-sans-code-lead,0,0,0,0,0,0,0,0,0
2026-04-26,product/pack-5h,0,0,0,0,0,0,0,0,0
2026-04-26,product/pack-10h,0,0,0,0,0,0,0,0,0
2026-04-26,product/conduite-accompagnee-first,0,0,0,0,0,0,0,0,0
2026-04-26,product/pack-20h,0,0,0,0,0,0,0,0,0
2026-04-26,product/pack-permis-complet-boite-automatique-revolut,0,0,0,0,0,0,0,0,0
2026-04-26,emailcrmheader,0,0,0,0,0,0,0,0,0
2026-04-26,product/pack-5h-boite-automatique,0,0,0,0,0,0,0,0,0
2026-04-26,product/pack-10h-boite-automatique,0,0,0,0,0,0,0,0,0
2026-04-26,checkout/pack-permis-complet,0,0,0,0,0,0,0,0,0
2026-04-26,product/conduite-accompagnee-boite-automatique-first,0,0,0,0,0,0,0,0,0
2026-04-26,checkout/pack-permis-complet-sans-code,0,0,0,0,0,0,0,0,0
2026-04-26,infocards,0,0,0,0,0,0,0,0,0
2026-04-26,checkout/pack-permis-complet-sans-code-lead,0,0,0,0,0,0,0,0,0
2026-04-26,checkout/pack-permis-complet-boite-automatique,0,0,0,0,0,0,0,0,0
2026-04-26,checkout/pack-permis-complet-revolut,0,0,0,0,0,0,0,0,0
2026-04-26,checkout/pack-permis-complet-boite-automatique-sans-code-lead,0,0,0,0,0,0,0,0,0
2026-04-26,checkout/pack-5h,0,0,0,0,0,0,0,0,0
2026-04-26,checkout/conduite-accompagnee-first,0,0,0,0,0,0,0,0,0
2026-04-26,checkout/pack-permis-complet-boite-automatique-sans-code,0,0,0,0,0,0,0,0,0
2026-04-26,checkout/pack-5h-boite-automatique,0,0,0,0,0,0,0,0,0
2026-04-26,product/rendez-vous-pedagogiques,0,0,0,0,0,0,0,0,0
2026-04-26,checkout/pack-10h,0,0,0,0,0,0,0,0,0
2026-04-26,checkout/pack-permis-complet-boite-automatique-revolut,0,0,0,0,0,0,0,0,0
2026-04-26,chatbot_support,0,0,0,0,0,0,0,0,0
2026-04-26,product/pack-permis-casa-nord-france,0,0,0,0,0,0,0,0,0
2026-04-26,home_widget,0,0,0,0,0,0,0,0,0
2026-04-26,checkout/pack-10h-boite-automatique,0,0,0,0,0,0,0,0,0
2026-04-26,checkout/pack-20h,0,0,0,0,0,0,0,0,0
2026-04-26,checkout/conduite-accompagnee-boite-automatique-first,0,0,0,0,0,0,0,0,0
2026-04-26,product/pack-permis-boite-automatique-casa-nord-france,0,0,0,0,0,0,0,0,0
2026-04-26,product/rendez-vous-pedagogiques-automatique,0,0,0,0,0,0,0,0,0
2026-04-26,checkout/pack-permis-complet-boite-automatique-sans-code-et-reussite-conduite-plus,0,0,0,0,0,0,0,0,0
2026-04-26,checkout/pack-permis-complet-et-reussite-code-plus,0,0,0,0,0,0,0,0,0
2026-04-26,checkout/pack-permis-casa-nord-france,0,0,0,0,0,0,0,0,0
2026-04-26,checkout/pack-permis-complet-boite-automatique-et-reussite-code-plus,0,0,0,0,0,0,0,0,0
2026-04-26,checkout/rendez-vous-pedagogiques,0,0,0,0,0,0,0,0,0
2026-04-26,checkout/pack-permis-complet-boite-automatique-sans-code-et-reussite-conduite-plus-lead,0,0,0,0,0,0,0,0,0
2026-04-26,checkout/pack-permis-boite-automatique-casa-nord-france,0,0,0,0,0,0,0,0,0
2026-04-26,emailcrm&utm_medium=email&utm_source=crm&utm_campaign=3b74f603-2f61-4df1-9869-4dff5e11d8e9,0,0,0,0,0,0,0,0,0
2026-04-26,permis_widget,0,0,0,0,0,0,0,0,0
2026-04-27,shop,161,124,106,88,25,85.5,83.0,20.2,28.4
2026-04-27,unknown,31,17,12,9,1,70.6,75.0,5.9,11.1
2026-04-27,product/pack-permis-complet,27,23,20,14,9,87.0,70.0,39.1,64.3
2026-04-27,product/pack-permis-complet-sans-code,38,20,16,13,5,80.0,81.2,25.0,38.5
2026-04-27,product/pack-permis-complet-sans-code-lead,37,25,18,15,7,72.0,83.3,28.0,46.7
2026-04-27,product/pack-permis-complet-revolut,62,28,21,17,10,75.0,81.0,35.7,58.8
2026-04-27,product/pack-permis-complet-boite-automatique,8,7,6,4,2,85.7,66.7,28.6,50.0
2026-04-27,emailcrm,11,9,7,7,2,77.8,100.0,22.2,28.6
2026-04-27,product/pack-permis-complet-boite-automatique-sans-code,7,6,6,6,2,100.0,100.0,33.3,33.3
2026-04-27,product/pack-permis-complet-boite-automatique-sans-code-lead,17,8,7,7,4,87.5,100.0,50.0,57.1
2026-04-27,product/pack-5h,17,14,11,10,1,78.6,90.9,7.1,10.0
2026-04-27,product/pack-10h,14,11,10,7,2,90.9,70.0,18.2,28.6
2026-04-27,product/conduite-accompagnee-first,13,12,9,6,4,75.0,66.7,33.3,66.7
2026-04-27,product/pack-20h,9,6,6,6,0,100.0,100.0,0.0,0.0
2026-04-27,product/pack-permis-complet-boite-automatique-revolut,13,10,8,5,1,80.0,62.5,10.0,20.0
2026-04-27,emailcrmheader,7,6,5,5,0,83.3,100.0,0.0,0.0
2026-04-27,product/pack-5h-boite-automatique,5,5,5,4,0,100.0,80.0,0.0,0.0
2026-04-27,product/pack-10h-boite-automatique,14,2,2,2,1,100.0,100.0,50.0,50.0
2026-04-27,checkout/pack-permis-complet,3,3,1,0,1,33.3,0.0,33.3,0
2026-04-27,product/conduite-accompagnee-boite-automatique-first,7,6,5,3,0,83.3,60.0,0.0,0.0
2026-04-27,checkout/pack-permis-complet-sans-code,3,2,1,1,0,50.0,100.0,0.0,0.0
2026-04-27,infocards,0,0,0,0,0,0,0,0,0
2026-04-27,checkout/pack-permis-complet-sans-code-lead,2,2,1,0,0,50.0,0.0,0.0,0
2026-04-27,checkout/pack-permis-complet-boite-automatique,0,0,0,0,0,0,0,0,0
2026-04-27,checkout/pack-permis-complet-revolut,3,3,3,3,1,100.0,100.0,33.3,33.3
2026-04-27,checkout/pack-permis-complet-boite-automatique-sans-code-lead,2,2,1,1,0,50.0,100.0,0.0,0.0
2026-04-27,checkout/pack-5h,2,2,1,1,0,50.0,100.0,0.0,0.0
2026-04-27,checkout/conduite-accompagnee-first,0,0,0,0,0,0,0,0,0
2026-04-27,checkout/pack-permis-complet-boite-automatique-sans-code,0,0,0,0,0,0,0,0,0
2026-04-27,checkout/pack-5h-boite-automatique,1,1,1,1,0,100.0,100.0,0.0,0.0
2026-04-27,product/rendez-vous-pedagogiques,1,1,1,0,0,100.0,0.0,0.0,0
2026-04-27,checkout/pack-10h,2,1,1,1,0,100.0,100.0,0.0,0.0
2026-04-27,checkout/pack-permis-complet-boite-automatique-revolut,2,2,2,1,0,100.0,50.0,0.0,0.0
2026-04-27,chatbot_support,0,0,0,0,0,0,0,0,0
2026-04-27,product/pack-permis-casa-nord-france,0,0,0,0,0,0,0,0,0
2026-04-27,home_widget,0,0,0,0,0,0,0,0,0
2026-04-27,checkout/pack-10h-boite-automatique,1,1,1,1,1,100.0,100.0,100.0,100.0
2026-04-27,checkout/pack-20h,0,0,0,0,0,0,0,0,0
2026-04-27,checkout/conduite-accompagnee-boite-automatique-first,0,0,0,0,0,0,0,0,0
2026-04-27,product/pack-permis-boite-automatique-casa-nord-france,0,0,0,0,0,0,0,0,0
2026-04-27,product/rendez-vous-pedagogiques-automatique,0,0,0,0,0,0,0,0,0
2026-04-27,checkout/pack-permis-complet-boite-automatique-sans-code-et-reussite-conduite-plus,0,0,0,0,0,0,0,0,0
2026-04-27,checkout/pack-permis-complet-et-reussite-code-plus,0,0,0,0,0,0,0,0,0
2026-04-27,checkout/pack-permis-casa-nord-france,0,0,0,0,0,0,0,0,0
2026-04-27,checkout/pack-permis-complet-boite-automatique-et-reussite-code-plus,0,0,0,0,0,0,0,0,0
2026-04-27,checkout/rendez-vous-pedagogiques,0,0,0,0,0,0,0,0,0
2026-04-27,checkout/pack-permis-complet-boite-automatique-sans-code-et-reussite-conduite-plus-lead,0,0,0,0,0,0,0,0,0
2026-04-27,checkout/pack-permis-boite-automatique-casa-nord-france,0,0,0,0,0,0,0,0,0
2026-04-27,emailcrm&utm_medium=email&utm_source=crm&utm_campaign=3b74f603-2f61-4df1-9869-4dff5e11d8e9,0,0,0,0,0,0,0,0,0
2026-04-27,permis_widget,0,0,0,0,0,0,0,0,0
2026-04-28,shop,130,106,105,89,29,99.1,84.8,27.4,32.6
2026-04-28,unknown,9,9,9,8,3,100.0,88.9,33.3,37.5
2026-04-28,product/pack-permis-complet,13,12,11,9,4,91.7,81.8,33.3,44.4
2026-04-28,product/pack-permis-complet-sans-code,15,13,13,10,8,100.0,76.9,61.5,80.0
2026-04-28,product/pack-permis-complet-sans-code-lead,19,15,15,9,4,100.0,60.0,26.7,44.4
2026-04-28,product/pack-permis-complet-revolut,27,21,19,16,2,90.5,84.2,9.5,12.5
2026-04-28,product/pack-permis-complet-boite-automatique,3,3,3,3,1,100.0,100.0,33.3,33.3
2026-04-28,emailcrm,9,9,9,8,5,100.0,88.9,55.6,62.5
2026-04-28,product/pack-permis-complet-boite-automatique-sans-code,8,8,8,5,3,100.0,62.5,37.5,60.0
2026-04-28,product/pack-permis-complet-boite-automatique-sans-code-lead,10,8,8,7,1,100.0,87.5,12.5,14.3
2026-04-28,product/pack-5h,11,9,9,6,0,100.0,66.7,0.0,0.0
2026-04-28,product/pack-10h,11,10,10,7,3,100.0,70.0,30.0,42.9
2026-04-28,product/conduite-accompagnee-first,8,5,5,5,2,100.0,100.0,40.0,40.0
2026-04-28,product/pack-20h,10,8,8,8,0,100.0,100.0,0.0,0.0
2026-04-28,product/pack-permis-complet-boite-automatique-revolut,7,7,7,7,2,100.0,100.0,28.6,28.6
2026-04-28,emailcrmheader,3,3,3,3,1,100.0,100.0,33.3,33.3
2026-04-28,product/pack-5h-boite-automatique,6,4,4,2,1,100.0,50.0,25.0,50.0
2026-04-28,product/pack-10h-boite-automatique,3,3,2,1,1,66.7,50.0,33.3,100.0
2026-04-28,checkout/pack-permis-complet,5,4,4,3,1,100.0,75.0,25.0,33.3
2026-04-28,product/conduite-accompagnee-boite-automatique-first,1,1,1,1,1,100.0,100.0,100.0,100.0
2026-04-28,checkout/pack-permis-complet-sans-code,2,2,2,2,1,100.0,100.0,50.0,50.0
2026-04-28,infocards,0,0,0,0,0,0,0,0,0
2026-04-28,checkout/pack-permis-complet-sans-code-lead,7,6,6,5,2,100.0,83.3,33.3,40.0
2026-04-28,checkout/pack-permis-complet-boite-automatique,0,0,0,0,0,0,0,0,0
2026-04-28,checkout/pack-permis-complet-revolut,2,2,2,2,2,100.0,100.0,100.0,100.0
2026-04-28,checkout/pack-permis-complet-boite-automatique-sans-code-lead,0,0,0,0,0,0,0,0,0
2026-04-28,checkout/pack-5h,1,1,1,1,0,100.0,100.0,0.0,0.0
2026-04-28,checkout/conduite-accompagnee-first,0,0,0,0,0,0,0,0,0
2026-04-28,checkout/pack-permis-complet-boite-automatique-sans-code,1,1,1,1,1,100.0,100.0,100.0,100.0
2026-04-28,checkout/pack-5h-boite-automatique,0,0,0,0,0,0,0,0,0
2026-04-28,product/rendez-vous-pedagogiques,1,1,1,1,0,100.0,100.0,0.0,0.0
2026-04-28,checkout/pack-10h,0,0,0,0,0,0,0,0,0
2026-04-28,checkout/pack-permis-complet-boite-automatique-revolut,0,0,0,0,0,0,0,0,0
2026-04-28,chatbot_support,0,0,0,0,0,0,0,0,0
2026-04-28,product/pack-permis-casa-nord-france,0,0,0,0,0,0,0,0,0
2026-04-28,home_widget,0,0,0,0,0,0,0,0,0
2026-04-28,checkout/pack-10h-boite-automatique,0,0,0,0,0,0,0,0,0
2026-04-28,checkout/pack-20h,0,0,0,0,0,0,0,0,0
2026-04-28,checkout/conduite-accompagnee-boite-automatique-first,0,0,0,0,0,0,0,0,0
2026-04-28,product/pack-permis-boite-automatique-casa-nord-france,0,0,0,0,0,0,0,0,0
2026-04-28,product/rendez-vous-pedagogiques-automatique,0,0,0,0,0,0,0,0,0
2026-04-28,checkout/pack-permis-complet-boite-automatique-sans-code-et-reussite-conduite-plus,0,0,0,0,0,0,0,0,0
2026-04-28,checkout/pack-permis-complet-et-reussite-code-plus,0,0,0,0,0,0,0,0,0
2026-04-28,checkout/pack-permis-casa-nord-france,0,0,0,0,0,0,0,0,0
2026-04-28,checkout/pack-permis-complet-boite-automatique-et-reussite-code-plus,0,0,0,0,0,0,0,0,0
2026-04-28,checkout/rendez-vous-pedagogiques,0,0,0,0,0,0,0,0,0
2026-04-28,checkout/pack-permis-complet-boite-automatique-sans-code-et-reussite-conduite-plus-lead,0,0,0,0,0,0,0,0,0
2026-04-28,checkout/pack-permis-boite-automatique-casa-nord-france,0,0,0,0,0,0,0,0,0
2026-04-28,emailcrm&utm_medium=email&utm_source=crm&utm_campaign=3b74f603-2f61-4df1-9869-4dff5e11d8e9,0,0,0,0,0,0,0,0,0
2026-04-28,permis_widget,0,0,0,0,0,0,0,0,0
2026-04-29,shop,116,94,94,79,30,100.0,84.0,31.9,38.0
2026-04-29,unknown,7,6,6,1,1,100.0,16.7,16.7,100.0
2026-04-29,product/pack-permis-complet,12,12,11,8,1,91.7,72.7,8.3,12.5
2026-04-29,product/pack-permis-complet-sans-code,15,14,14,12,4,100.0,85.7,28.6,33.3
2026-04-29,product/pack-permis-complet-sans-code-lead,23,21,21,13,8,100.0,61.9,38.1,61.5
2026-04-29,product/pack-permis-complet-revolut,28,23,23,20,6,100.0,87.0,26.1,30.0
2026-04-29,product/pack-permis-complet-boite-automatique,6,6,6,6,3,100.0,100.0,50.0,50.0
2026-04-29,emailcrm,7,7,7,6,2,100.0,85.7,28.6,33.3
2026-04-29,product/pack-permis-complet-boite-automatique-sans-code,6,5,5,4,3,100.0,80.0,60.0,75.0
2026-04-29,product/pack-permis-complet-boite-automatique-sans-code-lead,5,5,5,4,3,100.0,80.0,60.0,75.0
2026-04-29,product/pack-5h,11,9,9,8,2,100.0,88.9,22.2,25.0
2026-04-29,product/pack-10h,6,4,4,2,0,100.0,50.0,0.0,0.0
2026-04-29,product/conduite-accompagnee-first,8,8,8,6,3,100.0,75.0,37.5,50.0
2026-04-29,product/pack-20h,15,9,9,8,0,100.0,88.9,0.0,0.0
2026-04-29,product/pack-permis-complet-boite-automatique-revolut,4,4,4,1,1,100.0,25.0,25.0,100.0
2026-04-29,emailcrmheader,3,3,3,3,1,100.0,100.0,33.3,33.3
2026-04-29,product/pack-5h-boite-automatique,7,7,7,5,1,100.0,71.4,14.3,20.0
2026-04-29,product/pack-10h-boite-automatique,3,3,3,3,2,100.0,100.0,66.7,66.7
2026-04-29,checkout/pack-permis-complet,0,0,0,0,0,0,0,0,0
2026-04-29,product/conduite-accompagnee-boite-automatique-first,0,0,0,0,0,0,0,0,0
2026-04-29,checkout/pack-permis-complet-sans-code,0,0,0,0,0,0,0,0,0
2026-04-29,infocards,0,0,0,0,0,0,0,0,0
2026-04-29,checkout/pack-permis-complet-sans-code-lead,5,5,5,5,2,100.0,100.0,40.0,40.0
2026-04-29,checkout/pack-permis-complet-boite-automatique,2,2,2,2,1,100.0,100.0,50.0,50.0
2026-04-29,checkout/pack-permis-complet-revolut,2,2,2,1,0,100.0,50.0,0.0,0.0
2026-04-29,checkout/pack-permis-complet-boite-automatique-sans-code-lead,0,0,0,0,0,0,0,0,0
2026-04-29,checkout/pack-5h,2,2,2,1,0,100.0,50.0,0.0,0.0
2026-04-29,checkout/conduite-accompagnee-first,2,2,2,2,2,100.0,100.0,100.0,100.0
2026-04-29,checkout/pack-permis-complet-boite-automatique-sans-code,0,0,0,0,0,0,0,0,0
2026-04-29,checkout/pack-5h-boite-automatique,0,0,0,0,0,0,0,0,0
2026-04-29,product/rendez-vous-pedagogiques,0,0,0,0,0,0,0,0,0
2026-04-29,checkout/pack-10h,0,0,0,0,0,0,0,0,0
2026-04-29,checkout/pack-permis-complet-boite-automatique-revolut,0,0,0,0,0,0,0,0,0
2026-04-29,chatbot_support,0,0,0,0,0,0,0,0,0
2026-04-29,product/pack-permis-casa-nord-france,0,0,0,0,0,0,0,0,0
2026-04-29,home_widget,0,0,0,0,0,0,0,0,0
2026-04-29,checkout/pack-10h-boite-automatique,1,1,1,1,0,100.0,100.0,0.0,0.0
2026-04-29,checkout/pack-20h,2,2,2,2,0,100.0,100.0,0.0,0.0
2026-04-29,checkout/conduite-accompagnee-boite-automatique-first,0,0,0,0,0,0,0,0,0
2026-04-29,product/pack-permis-boite-automatique-casa-nord-france,0,0,0,0,0,0,0,0,0
2026-04-29,product/rendez-vous-pedagogiques-automatique,0,0,0,0,0,0,0,0,0
2026-04-29,checkout/pack-permis-complet-boite-automatique-sans-code-et-reussite-conduite-plus,0,0,0,0,0,0,0,0,0
2026-04-29,checkout/pack-permis-complet-et-reussite-code-plus,0,0,0,0,0,0,0,0,0
2026-04-29,checkout/pack-permis-casa-nord-france,0,0,0,0,0,0,0,0,0
2026-04-29,checkout/pack-permis-complet-boite-automatique-et-reussite-code-plus,0,0,0,0,0,0,0,0,0
2026-04-29,checkout/rendez-vous-pedagogiques,0,0,0,0,0,0,0,0,0
2026-04-29,checkout/pack-permis-complet-boite-automatique-sans-code-et-reussite-conduite-plus-lead,0,0,0,0,0,0,0,0,0
2026-04-29,checkout/pack-permis-boite-automatique-casa-nord-france,0,0,0,0,0,0,0,0,0
2026-04-29,emailcrm&utm_medium=email&utm_source=crm&utm_campaign=3b74f603-2f61-4df1-9869-4dff5e11d8e9,0,0,0,0,0,0,0,0,0
2026-04-29,permis_widget,0,0,0,0,0,0,0,0,0
2026-04-30,shop,127,102,100,89,19,98.0,89.0,18.6,21.3
2026-04-30,unknown,13,12,12,6,2,100.0,50.0,16.7,33.3
2026-04-30,product/pack-permis-complet,12,12,11,10,3,91.7,90.9,25.0,30.0
2026-04-30,product/pack-permis-complet-sans-code,19,17,17,12,5,100.0,70.6,29.4,41.7
2026-04-30,product/pack-permis-complet-sans-code-lead,20,16,16,15,5,100.0,93.8,31.2,33.3
2026-04-30,product/pack-permis-complet-revolut,21,18,18,17,5,100.0,94.4,27.8,29.4
2026-04-30,product/pack-permis-complet-boite-automatique,3,3,3,3,1,100.0,100.0,33.3,33.3
2026-04-30,emailcrm,9,7,7,6,4,100.0,85.7,57.1,66.7
2026-04-30,product/pack-permis-complet-boite-automatique-sans-code,7,7,7,4,2,100.0,57.1,28.6,50.0
2026-04-30,product/pack-permis-complet-boite-automatique-sans-code-lead,3,3,3,3,1,100.0,100.0,33.3,33.3
2026-04-30,product/pack-5h,3,3,3,2,0,100.0,66.7,0.0,0.0
2026-04-30,product/pack-10h,7,6,6,5,4,100.0,83.3,66.7,80.0
2026-04-30,product/conduite-accompagnee-first,5,5,5,5,1,100.0,100.0,20.0,20.0
2026-04-30,product/pack-20h,13,9,9,9,0,100.0,100.0,0.0,0.0
2026-04-30,product/pack-permis-complet-boite-automatique-revolut,8,6,6,5,1,100.0,83.3,16.7,20.0
2026-04-30,emailcrmheader,4,4,4,2,1,100.0,50.0,25.0,50.0
2026-04-30,product/pack-5h-boite-automatique,6,4,4,2,0,100.0,50.0,0.0,0.0
2026-04-30,product/pack-10h-boite-automatique,1,1,1,1,0,100.0,100.0,0.0,0.0
2026-04-30,checkout/pack-permis-complet,1,1,1,1,0,100.0,100.0,0.0,0.0
2026-04-30,product/conduite-accompagnee-boite-automatique-first,4,4,4,2,2,100.0,50.0,50.0,100.0
2026-04-30,checkout/pack-permis-complet-sans-code,0,0,0,0,0,0,0,0,0
2026-04-30,infocards,0,0,0,0,0,0,0,0,0
2026-04-30,checkout/pack-permis-complet-sans-code-lead,1,1,1,1,1,100.0,100.0,100.0,100.0
2026-04-30,checkout/pack-permis-complet-boite-automatique,0,0,0,0,0,0,0,0,0
2026-04-30,checkout/pack-permis-complet-revolut,2,2,2,1,0,100.0,50.0,0.0,0.0
2026-04-30,checkout/pack-permis-complet-boite-automatique-sans-code-lead,0,0,0,0,0,0,0,0,0
2026-04-30,checkout/pack-5h,0,0,0,0,0,0,0,0,0
2026-04-30,checkout/conduite-accompagnee-first,2,2,2,2,2,100.0,100.0,100.0,100.0
2026-04-30,checkout/pack-permis-complet-boite-automatique-sans-code,2,2,2,2,0,100.0,100.0,0.0,0.0
2026-04-30,checkout/pack-5h-boite-automatique,0,0,0,0,0,0,0,0,0
2026-04-30,product/rendez-vous-pedagogiques,0,0,0,0,0,0,0,0,0
2026-04-30,checkout/pack-10h,0,0,0,0,0,0,0,0,0
2026-04-30,checkout/pack-permis-complet-boite-automatique-revolut,0,0,0,0,0,0,0,0,0
2026-04-30,chatbot_support,0,0,0,0,0,0,0,0,0
2026-04-30,product/pack-permis-casa-nord-france,0,0,0,0,0,0,0,0,0
2026-04-30,home_widget,0,0,0,0,0,0,0,0,0
2026-04-30,checkout/pack-10h-boite-automatique,0,0,0,0,0,0,0,0,0
2026-04-30,checkout/pack-20h,0,0,0,0,0,0,0,0,0
2026-04-30,checkout/conduite-accompagnee-boite-automatique-first,0,0,0,0,0,0,0,0,0
2026-04-30,product/pack-permis-boite-automatique-casa-nord-france,0,0,0,0,0,0,0,0,0
2026-04-30,product/rendez-vous-pedagogiques-automatique,0,0,0,0,0,0,0,0,0
2026-04-30,checkout/pack-permis-complet-boite-automatique-sans-code-et-reussite-conduite-plus,0,0,0,0,0,0,0,0,0
2026-04-30,checkout/pack-permis-complet-et-reussite-code-plus,0,0,0,0,0,0,0,0,0
2026-04-30,checkout/pack-permis-casa-nord-france,0,0,0,0,0,0,0,0,0
2026-04-30,checkout/pack-permis-complet-boite-automatique-et-reussite-code-plus,0,0,0,0,0,0,0,0,0
2026-04-30,checkout/rendez-vous-pedagogiques,0,0,0,0,0,0,0,0,0
2026-04-30,checkout/pack-permis-complet-boite-automatique-sans-code-et-reussite-conduite-plus-lead,0,0,0,0,0,0,0,0,0
2026-04-30,checkout/pack-permis-boite-automatique-casa-nord-france,0,0,0,0,0,0,0,0,0
2026-04-30,emailcrm&utm_medium=email&utm_source=crm&utm_campaign=3b74f603-2f61-4df1-9869-4dff5e11d8e9,0,0,0,0,0,0,0,0,0
2026-04-30,permis_widget,0,0,0,0,0,0,0,0,0
2026-05-01,shop,0,0,0,0,0,0,0,0,0
2026-05-01,unknown,0,0,0,0,0,0,0,0,0
2026-05-01,product/pack-permis-complet,0,0,0,0,0,0,0,0,0
2026-05-01,product/pack-permis-complet-sans-code,0,0,0,0,0,0,0,0,0
2026-05-01,product/pack-permis-complet-sans-code-lead,0,0,0,0,0,0,0,0,0
2026-05-01,product/pack-permis-complet-revolut,0,0,0,0,0,0,0,0,0
2026-05-01,product/pack-permis-complet-boite-automatique,0,0,0,0,0,0,0,0,0
2026-05-01,emailcrm,0,0,0,0,0,0,0,0,0
2026-05-01,product/pack-permis-complet-boite-automatique-sans-code,0,0,0,0,0,0,0,0,0
2026-05-01,product/pack-permis-complet-boite-automatique-sans-code-lead,0,0,0,0,0,0,0,0,0
2026-05-01,product/pack-5h,0,0,0,0,0,0,0,0,0
2026-05-01,product/pack-10h,0,0,0,0,0,0,0,0,0
2026-05-01,product/conduite-accompagnee-first,0,0,0,0,0,0,0,0,0
2026-05-01,product/pack-20h,0,0,0,0,0,0,0,0,0
2026-05-01,product/pack-permis-complet-boite-automatique-revolut,0,0,0,0,0,0,0,0,0
2026-05-01,emailcrmheader,0,0,0,0,0,0,0,0,0
2026-05-01,product/pack-5h-boite-automatique,0,0,0,0,0,0,0,0,0
2026-05-01,product/pack-10h-boite-automatique,0,0,0,0,0,0,0,0,0
2026-05-01,checkout/pack-permis-complet,0,0,0,0,0,0,0,0,0
2026-05-01,product/conduite-accompagnee-boite-automatique-first,0,0,0,0,0,0,0,0,0
2026-05-01,checkout/pack-permis-complet-sans-code,0,0,0,0,0,0,0,0,0
2026-05-01,infocards,0,0,0,0,0,0,0,0,0
2026-05-01,checkout/pack-permis-complet-sans-code-lead,0,0,0,0,0,0,0,0,0
2026-05-01,checkout/pack-permis-complet-boite-automatique,0,0,0,0,0,0,0,0,0
2026-05-01,checkout/pack-permis-complet-revolut,0,0,0,0,0,0,0,0,0
2026-05-01,checkout/pack-permis-complet-boite-automatique-sans-code-lead,0,0,0,0,0,0,0,0,0
2026-05-01,checkout/pack-5h,0,0,0,0,0,0,0,0,0
2026-05-01,checkout/conduite-accompagnee-first,0,0,0,0,0,0,0,0,0
2026-05-01,checkout/pack-permis-complet-boite-automatique-sans-code,0,0,0,0,0,0,0,0,0
2026-05-01,checkout/pack-5h-boite-automatique,0,0,0,0,0,0,0,0,0
2026-05-01,product/rendez-vous-pedagogiques,0,0,0,0,0,0,0,0,0
2026-05-01,checkout/pack-10h,0,0,0,0,0,0,0,0,0
2026-05-01,checkout/pack-permis-complet-boite-automatique-revolut,0,0,0,0,0,0,0,0,0
2026-05-01,chatbot_support,0,0,0,0,0,0,0,0,0
2026-05-01,product/pack-permis-casa-nord-france,0,0,0,0,0,0,0,0,0
2026-05-01,home_widget,0,0,0,0,0,0,0,0,0
2026-05-01,checkout/pack-10h-boite-automatique,0,0,0,0,0,0,0,0,0
2026-05-01,checkout/pack-20h,0,0,0,0,0,0,0,0,0
2026-05-01,checkout/conduite-accompagnee-boite-automatique-first,0,0,0,0,0,0,0,0,0
2026-05-01,product/pack-permis-boite-automatique-casa-nord-france,0,0,0,0,0,0,0,0,0
2026-05-01,product/rendez-vous-pedagogiques-automatique,0,0,0,0,0,0,0,0,0
2026-05-01,checkout/pack-permis-complet-boite-automatique-sans-code-et-reussite-conduite-plus,0,0,0,0,0,0,0,0,0
2026-05-01,checkout/pack-permis-complet-et-reussite-code-plus,0,0,0,0,0,0,0,0,0
2026-05-01,checkout/pack-permis-casa-nord-france,0,0,0,0,0,0,0,0,0
2026-05-01,checkout/pack-permis-complet-boite-automatique-et-reussite-code-plus,0,0,0,0,0,0,0,0,0
2026-05-01,checkout/rendez-vous-pedagogiques,0,0,0,0,0,0,0,0,0
2026-05-01,checkout/pack-permis-complet-boite-automatique-sans-code-et-reussite-conduite-plus-lead,0,0,0,0,0,0,0,0,0
2026-05-01,checkout/pack-permis-boite-automatique-casa-nord-france,0,0,0,0,0,0,0,0,0
2026-05-01,emailcrm&utm_medium=email&utm_source=crm&utm_campaign=3b74f603-2f61-4df1-9869-4dff5e11d8e9,0,0,0,0,0,0,0,0,0
2026-05-01,permis_widget,0,0,0,0,0,0,0,0,0
2026-05-02,shop,95,83,65,52,25,78.3,80.0,30.1,48.1
2026-05-02,unknown,15,11,8,4,1,72.7,50.0,9.1,25.0
2026-05-02,product/pack-permis-complet,19,17,14,8,8,82.4,57.1,47.1,100.0
2026-05-02,product/pack-permis-complet-sans-code,16,14,12,10,3,85.7,83.3,21.4,30.0
2026-05-02,product/pack-permis-complet-sans-code-lead,17,14,9,6,2,64.3,66.7,14.3,33.3
2026-05-02,product/pack-permis-complet-revolut,13,11,6,3,1,54.5,50.0,9.1,33.3
2026-05-02,product/pack-permis-complet-boite-automatique,9,8,7,6,2,87.5,85.7,25.0,33.3
2026-05-02,emailcrm,6,6,4,3,0,66.7,75.0,0.0,0.0
2026-05-02,product/pack-permis-complet-boite-automatique-sans-code,5,5,4,3,1,80.0,75.0,20.0,33.3
2026-05-02,product/pack-permis-complet-boite-automatique-sans-code-lead,11,11,9,8,3,81.8,88.9,27.3,37.5
2026-05-02,product/pack-5h,7,7,6,3,0,85.7,50.0,0.0,0.0
2026-05-02,product/pack-10h,4,4,3,2,0,75.0,66.7,0.0,0.0
2026-05-02,product/conduite-accompagnee-first,15,13,8,7,3,61.5,87.5,23.1,42.9
2026-05-02,product/pack-20h,9,4,4,4,1,100.0,100.0,25.0,25.0
2026-05-02,product/pack-permis-complet-boite-automatique-revolut,5,5,4,3,2,80.0,75.0,40.0,66.7
2026-05-02,emailcrmheader,6,6,3,2,0,50.0,66.7,0.0,0.0
2026-05-02,product/pack-5h-boite-automatique,4,4,3,2,1,75.0,66.7,25.0,50.0
2026-05-02,product/pack-10h-boite-automatique,2,1,1,1,0,100.0,100.0,0.0,0.0
2026-05-02,checkout/pack-permis-complet,2,2,1,0,0,50.0,0.0,0.0,0
2026-05-02,product/conduite-accompagnee-boite-automatique-first,1,1,1,1,1,100.0,100.0,100.0,100.0
2026-05-02,checkout/pack-permis-complet-sans-code,2,1,1,0,0,100.0,0.0,0.0,0
2026-05-02,infocards,0,0,0,0,0,0,0,0,0
2026-05-02,checkout/pack-permis-complet-sans-code-lead,4,4,3,2,0,75.0,66.7,0.0,0.0
2026-05-02,checkout/pack-permis-complet-boite-automatique,3,3,3,3,2,100.0,100.0,66.7,66.7
2026-05-02,checkout/pack-permis-complet-revolut,5,5,5,4,1,100.0,80.0,20.0,25.0
2026-05-02,checkout/pack-permis-complet-boite-automatique-sans-code-lead,2,2,2,1,0,100.0,50.0,0.0,0.0
2026-05-02,checkout/pack-5h,0,0,0,0,0,0,0,0,0
2026-05-02,checkout/conduite-accompagnee-first,0,0,0,0,0,0,0,0,0
2026-05-02,checkout/pack-permis-complet-boite-automatique-sans-code,2,2,2,2,1,100.0,100.0,50.0,50.0
2026-05-02,checkout/pack-5h-boite-automatique,0,0,0,0,0,0,0,0,0
2026-05-02,product/rendez-vous-pedagogiques,0,0,0,0,0,0,0,0,0
2026-05-02,checkout/pack-10h,0,0,0,0,0,0,0,0,0
2026-05-02,checkout/pack-permis-complet-boite-automatique-revolut,0,0,0,0,0,0,0,0,0
2026-05-02,chatbot_support,0,0,0,0,0,0,0,0,0
2026-05-02,product/pack-permis-casa-nord-france,0,0,0,0,0,0,0,0,0
2026-05-02,home_widget,0,0,0,0,0,0,0,0,0
2026-05-02,checkout/pack-10h-boite-automatique,0,0,0,0,0,0,0,0,0
2026-05-02,checkout/pack-20h,0,0,0,0,0,0,0,0,0
2026-05-02,checkout/conduite-accompagnee-boite-automatique-first,0,0,0,0,0,0,0,0,0
2026-05-02,product/pack-permis-boite-automatique-casa-nord-france,0,0,0,0,0,0,0,0,0
2026-05-02,product/rendez-vous-pedagogiques-automatique,0,0,0,0,0,0,0,0,0
2026-05-02,checkout/pack-permis-complet-boite-automatique-sans-code-et-reussite-conduite-plus,0,0,0,0,0,0,0,0,0
2026-05-02,checkout/pack-permis-complet-et-reussite-code-plus,0,0,0,0,0,0,0,0,0
2026-05-02,checkout/pack-permis-casa-nord-france,0,0,0,0,0,0,0,0,0
2026-05-02,checkout/pack-permis-complet-boite-automatique-et-reussite-code-plus,0,0,0,0,0,0,0,0,0
2026-05-02,checkout/rendez-vous-pedagogiques,0,0,0,0,0,0,0,0,0
2026-05-02,checkout/pack-permis-complet-boite-automatique-sans-code-et-reussite-conduite-plus-lead,0,0,0,0,0,0,0,0,0
2026-05-02,checkout/pack-permis-boite-automatique-casa-nord-france,0,0,0,0,0,0,0,0,0
2026-05-02,emailcrm&utm_medium=email&utm_source=crm&utm_campaign=3b74f603-2f61-4df1-9869-4dff5e11d8e9,0,0,0,0,0,0,0,0,0
2026-05-02,permis_widget,0,0,0,0,0,0,0,0,0
2026-05-03,shop,0,0,0,0,0,0,0,0,0
2026-05-03,unknown,0,0,0,0,0,0,0,0,0
2026-05-03,product/pack-permis-complet,0,0,0,0,0,0,0,0,0
2026-05-03,product/pack-permis-complet-sans-code,0,0,0,0,0,0,0,0,0
2026-05-03,product/pack-permis-complet-sans-code-lead,0,0,0,0,0,0,0,0,0
2026-05-03,product/pack-permis-complet-revolut,0,0,0,0,0,0,0,0,0
2026-05-03,product/pack-permis-complet-boite-automatique,0,0,0,0,0,0,0,0,0
2026-05-03,emailcrm,0,0,0,0,0,0,0,0,0
2026-05-03,product/pack-permis-complet-boite-automatique-sans-code,0,0,0,0,0,0,0,0,0
2026-05-03,product/pack-permis-complet-boite-automatique-sans-code-lead,0,0,0,0,0,0,0,0,0
2026-05-03,product/pack-5h,0,0,0,0,0,0,0,0,0
2026-05-03,product/pack-10h,0,0,0,0,0,0,0,0,0
2026-05-03,product/conduite-accompagnee-first,0,0,0,0,0,0,0,0,0
2026-05-03,product/pack-20h,0,0,0,0,0,0,0,0,0
2026-05-03,product/pack-permis-complet-boite-automatique-revolut,0,0,0,0,0,0,0,0,0
2026-05-03,emailcrmheader,0,0,0,0,0,0,0,0,0
2026-05-03,product/pack-5h-boite-automatique,0,0,0,0,0,0,0,0,0
2026-05-03,product/pack-10h-boite-automatique,0,0,0,0,0,0,0,0,0
2026-05-03,checkout/pack-permis-complet,0,0,0,0,0,0,0,0,0
2026-05-03,product/conduite-accompagnee-boite-automatique-first,0,0,0,0,0,0,0,0,0
2026-05-03,checkout/pack-permis-complet-sans-code,0,0,0,0,0,0,0,0,0
2026-05-03,infocards,0,0,0,0,0,0,0,0,0
2026-05-03,checkout/pack-permis-complet-sans-code-lead,0,0,0,0,0,0,0,0,0
2026-05-03,checkout/pack-permis-complet-boite-automatique,0,0,0,0,0,0,0,0,0
2026-05-03,checkout/pack-permis-complet-revolut,0,0,0,0,0,0,0,0,0
2026-05-03,checkout/pack-permis-complet-boite-automatique-sans-code-lead,0,0,0,0,0,0,0,0,0
2026-05-03,checkout/pack-5h,0,0,0,0,0,0,0,0,0
2026-05-03,checkout/conduite-accompagnee-first,0,0,0,0,0,0,0,0,0
2026-05-03,checkout/pack-permis-complet-boite-automatique-sans-code,0,0,0,0,0,0,0,0,0
2026-05-03,checkout/pack-5h-boite-automatique,0,0,0,0,0,0,0,0,0
2026-05-03,product/rendez-vous-pedagogiques,0,0,0,0,0,0,0,0,0
2026-05-03,checkout/pack-10h,0,0,0,0,0,0,0,0,0
2026-05-03,checkout/pack-permis-complet-boite-automatique-revolut,0,0,0,0,0,0,0,0,0
2026-05-03,chatbot_support,0,0,0,0,0,0,0,0,0
2026-05-03,product/pack-permis-casa-nord-france,0,0,0,0,0,0,0,0,0
2026-05-03,home_widget,0,0,0,0,0,0,0,0,0
2026-05-03,checkout/pack-10h-boite-automatique,0,0,0,0,0,0,0,0,0
2026-05-03,checkout/pack-20h,0,0,0,0,0,0,0,0,0
2026-05-03,checkout/conduite-accompagnee-boite-automatique-first,0,0,0,0,0,0,0,0,0
2026-05-03,product/pack-permis-boite-automatique-casa-nord-france,0,0,0,0,0,0,0,0,0
2026-05-03,product/rendez-vous-pedagogiques-automatique,0,0,0,0,0,0,0,0,0
2026-05-03,checkout/pack-permis-complet-boite-automatique-sans-code-et-reussite-conduite-plus,0,0,0,0,0,0,0,0,0
2026-05-03,checkout/pack-permis-complet-et-reussite-code-plus,0,0,0,0,0,0,0,0,0
2026-05-03,checkout/pack-permis-casa-nord-france,0,0,0,0,0,0,0,0,0
2026-05-03,checkout/pack-permis-complet-boite-automatique-et-reussite-code-plus,0,0,0,0,0,0,0,0,0
2026-05-03,checkout/rendez-vous-pedagogiques,0,0,0,0,0,0,0,0,0
2026-05-03,checkout/pack-permis-complet-boite-automatique-sans-code-et-reussite-conduite-plus-lead,0,0,0,0,0,0,0,0,0
2026-05-03,checkout/pack-permis-boite-automatique-casa-nord-france,0,0,0,0,0,0,0,0,0
2026-05-03,emailcrm&utm_medium=email&utm_source=crm&utm_campaign=3b74f603-2f61-4df1-9869-4dff5e11d8e9,0,0,0,0,0,0,0,0,0
2026-05-03,permis_widget,0,0,0,0,0,0,0,0,0
2026-05-04,shop,156,141,136,117,37,96.5,86.0,26.2,31.6
2026-05-04,unknown,168,148,140,91,32,94.6,65.0,21.6,35.2
2026-05-04,product/pack-permis-complet,43,39,32,20,9,82.1,62.5,23.1,45.0
2026-05-04,product/pack-permis-complet-sans-code,24,17,16,9,5,94.1,56.2,29.4,55.6
2026-05-04,product/pack-permis-complet-sans-code-lead,24,23,22,19,12,95.7,86.4,52.2,63.2
2026-05-04,product/pack-permis-complet-revolut,25,24,23,15,5,95.8,65.2,20.8,33.3
2026-05-04,product/pack-permis-complet-boite-automatique,13,12,12,8,5,100.0,66.7,41.7,62.5
2026-05-04,emailcrm,11,9,9,7,2,100.0,77.8,22.2,28.6
2026-05-04,product/pack-permis-complet-boite-automatique-sans-code,10,9,8,7,2,88.9,87.5,22.2,28.6
2026-05-04,product/pack-permis-complet-boite-automatique-sans-code-lead,12,10,10,7,3,100.0,70.0,30.0,42.9
2026-05-04,product/pack-5h,12,12,10,7,0,83.3,70.0,0.0,0.0
2026-05-04,product/pack-10h,13,13,13,8,2,100.0,61.5,15.4,25.0
2026-05-04,product/conduite-accompagnee-first,16,15,14,10,6,93.3,71.4,40.0,60.0
2026-05-04,product/pack-20h,16,11,11,10,0,100.0,90.9,0.0,0.0
2026-05-04,product/pack-permis-complet-boite-automatique-revolut,4,3,2,2,1,66.7,100.0,33.3,50.0
2026-05-04,emailcrmheader,10,10,9,7,2,90.0,77.8,20.0,28.6
2026-05-04,product/pack-5h-boite-automatique,8,6,6,5,0,100.0,83.3,0.0,0.0
2026-05-04,product/pack-10h-boite-automatique,5,4,4,3,2,100.0,75.0,50.0,66.7
2026-05-04,checkout/pack-permis-complet,1,1,1,0,0,100.0,0.0,0.0,0
2026-05-04,product/conduite-accompagnee-boite-automatique-first,6,6,6,4,1,100.0,66.7,16.7,25.0
2026-05-04,checkout/pack-permis-complet-sans-code,2,2,1,1,0,50.0,100.0,0.0,0.0
2026-05-04,infocards,0,0,0,0,0,0,0,0,0
2026-05-04,checkout/pack-permis-complet-sans-code-lead,6,5,4,3,2,80.0,75.0,40.0,66.7
2026-05-04,checkout/pack-permis-complet-boite-automatique,0,0,0,0,0,0,0,0,0
2026-05-04,checkout/pack-permis-complet-revolut,6,5,5,5,0,100.0,100.0,0.0,0.0
2026-05-04,checkout/pack-permis-complet-boite-automatique-sans-code-lead,2,2,2,2,0,100.0,100.0,0.0,0.0
2026-05-04,checkout/pack-5h,2,2,2,2,0,100.0,100.0,0.0,0.0
2026-05-04,checkout/conduite-accompagnee-first,1,1,1,1,1,100.0,100.0,100.0,100.0
2026-05-04,checkout/pack-permis-complet-boite-automatique-sans-code,2,2,2,1,0,100.0,50.0,0.0,0.0
2026-05-04,checkout/pack-5h-boite-automatique,0,0,0,0,0,0,0,0,0
2026-05-04,product/rendez-vous-pedagogiques,2,2,2,2,0,100.0,100.0,0.0,0.0
2026-05-04,checkout/pack-10h,0,0,0,0,0,0,0,0,0
2026-05-04,checkout/pack-permis-complet-boite-automatique-revolut,3,3,2,1,1,66.7,50.0,33.3,100.0
2026-05-04,chatbot_support,0,0,0,0,0,0,0,0,0
2026-05-04,product/pack-permis-casa-nord-france,0,0,0,0,0,0,0,0,0
2026-05-04,home_widget,0,0,0,0,0,0,0,0,0
2026-05-04,checkout/pack-10h-boite-automatique,0,0,0,0,0,0,0,0,0
2026-05-04,checkout/pack-20h,0,0,0,0,0,0,0,0,0
2026-05-04,checkout/conduite-accompagnee-boite-automatique-first,0,0,0,0,0,0,0,0,0
2026-05-04,product/pack-permis-boite-automatique-casa-nord-france,0,0,0,0,0,0,0,0,0
2026-05-04,product/rendez-vous-pedagogiques-automatique,0,0,0,0,0,0,0,0,0
2026-05-04,checkout/pack-permis-complet-boite-automatique-sans-code-et-reussite-conduite-plus,0,0,0,0,0,0,0,0,0
2026-05-04,checkout/pack-permis-complet-et-reussite-code-plus,0,0,0,0,0,0,0,0,0
2026-05-04,checkout/pack-permis-casa-nord-france,0,0,0,0,0,0,0,0,0
2026-05-04,checkout/pack-permis-complet-boite-automatique-et-reussite-code-plus,0,0,0,0,0,0,0,0,0
2026-05-04,checkout/rendez-vous-pedagogiques,0,0,0,0,0,0,0,0,0
2026-05-04,checkout/pack-permis-complet-boite-automatique-sans-code-et-reussite-conduite-plus-lead,0,0,0,0,0,0,0,0,0
2026-05-04,checkout/pack-permis-boite-automatique-casa-nord-france,0,0,0,0,0,0,0,0,0
2026-05-04,emailcrm&utm_medium=email&utm_source=crm&utm_campaign=3b74f603-2f61-4df1-9869-4dff5e11d8e9,0,0,0,0,0,0,0,0,0
2026-05-04,permis_widget,0,0,0,0,0,0,0,0,0
2026-05-05,shop,148,120,109,87,36,90.8,79.8,30.0,41.4
2026-05-05,unknown,172,147,142,100,30,96.6,70.4,20.4,30.0
2026-05-05,product/pack-permis-complet,28,23,22,18,8,95.7,81.8,34.8,44.4
2026-05-05,product/pack-permis-complet-sans-code,31,28,28,23,11,100.0,82.1,39.3,47.8
2026-05-05,product/pack-permis-complet-sans-code-lead,24,20,20,17,5,100.0,85.0,25.0,29.4
2026-05-05,product/pack-permis-complet-revolut,29,25,24,17,6,96.0,70.8,24.0,35.3
2026-05-05,product/pack-permis-complet-boite-automatique,12,12,12,12,5,100.0,100.0,41.7,41.7
2026-05-05,emailcrm,7,7,7,7,1,100.0,100.0,14.3,14.3
2026-05-05,product/pack-permis-complet-boite-automatique-sans-code,11,9,9,7,4,100.0,77.8,44.4,57.1
2026-05-05,product/pack-permis-complet-boite-automatique-sans-code-lead,17,13,13,10,6,100.0,76.9,46.2,60.0
2026-05-05,product/pack-5h,15,13,12,10,1,92.3,83.3,7.7,10.0
2026-05-05,product/pack-10h,7,7,7,5,3,100.0,71.4,42.9,60.0
2026-05-05,product/conduite-accompagnee-first,11,11,11,9,4,100.0,81.8,36.4,44.4
2026-05-05,product/pack-20h,7,5,5,5,0,100.0,100.0,0.0,0.0
2026-05-05,product/pack-permis-complet-boite-automatique-revolut,5,4,4,4,0,100.0,100.0,0.0,0.0
2026-05-05,emailcrmheader,7,5,5,3,1,100.0,60.0,20.0,33.3
2026-05-05,product/pack-5h-boite-automatique,6,6,6,4,1,100.0,66.7,16.7,25.0
2026-05-05,product/pack-10h-boite-automatique,5,3,3,3,1,100.0,100.0,33.3,33.3
2026-05-05,checkout/pack-permis-complet,3,3,3,2,1,100.0,66.7,33.3,50.0
2026-05-05,product/conduite-accompagnee-boite-automatique-first,3,3,2,2,1,66.7,100.0,33.3,50.0
2026-05-05,checkout/pack-permis-complet-sans-code,2,2,2,2,1,100.0,100.0,50.0,50.0
2026-05-05,infocards,0,0,0,0,0,0,0,0,0
2026-05-05,checkout/pack-permis-complet-sans-code-lead,2,2,2,2,1,100.0,100.0,50.0,50.0
2026-05-05,checkout/pack-permis-complet-boite-automatique,0,0,0,0,0,0,0,0,0
2026-05-05,checkout/pack-permis-complet-revolut,1,1,0,0,0,0.0,0,0.0,0
2026-05-05,checkout/pack-permis-complet-boite-automatique-sans-code-lead,1,1,1,1,1,100.0,100.0,100.0,100.0
2026-05-05,checkout/pack-5h,2,2,2,1,1,100.0,50.0,50.0,100.0
2026-05-05,checkout/conduite-accompagnee-first,0,0,0,0,0,0,0,0,0
2026-05-05,checkout/pack-permis-complet-boite-automatique-sans-code,1,1,1,1,0,100.0,100.0,0.0,0.0
2026-05-05,checkout/pack-5h-boite-automatique,1,1,1,1,1,100.0,100.0,100.0,100.0
2026-05-05,product/rendez-vous-pedagogiques,1,1,1,1,0,100.0,100.0,0.0,0.0
2026-05-05,checkout/pack-10h,0,0,0,0,0,0,0,0,0
2026-05-05,checkout/pack-permis-complet-boite-automatique-revolut,2,2,1,1,0,50.0,100.0,0.0,0.0
2026-05-05,chatbot_support,0,0,0,0,0,0,0,0,0
2026-05-05,product/pack-permis-casa-nord-france,0,0,0,0,0,0,0,0,0
2026-05-05,home_widget,0,0,0,0,0,0,0,0,0
2026-05-05,checkout/pack-10h-boite-automatique,0,0,0,0,0,0,0,0,0
2026-05-05,checkout/pack-20h,0,0,0,0,0,0,0,0,0
2026-05-05,checkout/conduite-accompagnee-boite-automatique-first,0,0,0,0,0,0,0,0,0
2026-05-05,product/pack-permis-boite-automatique-casa-nord-france,0,0,0,0,0,0,0,0,0
2026-05-05,product/rendez-vous-pedagogiques-automatique,0,0,0,0,0,0,0,0,0
2026-05-05,checkout/pack-permis-complet-boite-automatique-sans-code-et-reussite-conduite-plus,0,0,0,0,0,0,0,0,0
2026-05-05,checkout/pack-permis-complet-et-reussite-code-plus,0,0,0,0,0,0,0,0,0
2026-05-05,checkout/pack-permis-casa-nord-france,0,0,0,0,0,0,0,0,0
2026-05-05,checkout/pack-permis-complet-boite-automatique-et-reussite-code-plus,0,0,0,0,0,0,0,0,0
2026-05-05,checkout/rendez-vous-pedagogiques,0,0,0,0,0,0,0,0,0
2026-05-05,checkout/pack-permis-complet-boite-automatique-sans-code-et-reussite-conduite-plus-lead,0,0,0,0,0,0,0,0,0
2026-05-05,checkout/pack-permis-boite-automatique-casa-nord-france,0,0,0,0,0,0,0,0,0
2026-05-05,emailcrm&utm_medium=email&utm_source=crm&utm_campaign=3b74f603-2f61-4df1-9869-4dff5e11d8e9,0,0,0,0,0,0,0,0,0
2026-05-05,permis_widget,0,0,0,0,0,0,0,0,0
2026-05-06,shop,140,105,103,92,32,98.1,89.3,30.5,34.8
2026-05-06,unknown,184,163,158,116,43,96.9,73.4,26.4,37.1
2026-05-06,product/pack-permis-complet,25,23,21,17,10,91.3,81.0,43.5,58.8
2026-05-06,product/pack-permis-complet-sans-code,27,24,24,20,7,100.0,83.3,29.2,35.0
2026-05-06,product/pack-permis-complet-sans-code-lead,24,18,18,13,7,100.0,72.2,38.9,53.8
2026-05-06,product/pack-permis-complet-revolut,18,13,11,10,5,84.6,90.9,38.5,50.0
2026-05-06,product/pack-permis-complet-boite-automatique,5,5,5,2,0,100.0,40.0,0.0,0.0
2026-05-06,emailcrm,9,9,9,6,4,100.0,66.7,44.4,66.7
2026-05-06,product/pack-permis-complet-boite-automatique-sans-code,12,9,8,7,2,88.9,87.5,22.2,28.6
2026-05-06,product/pack-permis-complet-boite-automatique-sans-code-lead,20,13,12,10,6,92.3,83.3,46.2,60.0
2026-05-06,product/pack-5h,14,13,13,11,3,100.0,84.6,23.1,27.3
2026-05-06,product/pack-10h,9,9,9,7,2,100.0,77.8,22.2,28.6
2026-05-06,product/conduite-accompagnee-first,14,13,12,10,5,92.3,83.3,38.5,50.0
2026-05-06,product/pack-20h,16,10,10,9,0,100.0,90.0,0.0,0.0
2026-05-06,product/pack-permis-complet-boite-automatique-revolut,6,6,6,5,4,100.0,83.3,66.7,80.0
2026-05-06,emailcrmheader,8,7,7,6,1,100.0,85.7,14.3,16.7
2026-05-06,product/pack-5h-boite-automatique,5,3,3,3,0,100.0,100.0,0.0,0.0
2026-05-06,product/pack-10h-boite-automatique,2,2,2,1,0,100.0,50.0,0.0,0.0
2026-05-06,checkout/pack-permis-complet,2,2,2,2,1,100.0,100.0,50.0,50.0
2026-05-06,product/conduite-accompagnee-boite-automatique-first,1,1,1,1,1,100.0,100.0,100.0,100.0
2026-05-06,checkout/pack-permis-complet-sans-code,1,1,1,1,1,100.0,100.0,100.0,100.0
2026-05-06,infocards,0,0,0,0,0,0,0,0,0
2026-05-06,checkout/pack-permis-complet-sans-code-lead,1,1,1,1,1,100.0,100.0,100.0,100.0
2026-05-06,checkout/pack-permis-complet-boite-automatique,0,0,0,0,0,0,0,0,0
2026-05-06,checkout/pack-permis-complet-revolut,1,1,1,1,0,100.0,100.0,0.0,0.0
2026-05-06,checkout/pack-permis-complet-boite-automatique-sans-code-lead,2,2,2,2,1,100.0,100.0,50.0,50.0
2026-05-06,checkout/pack-5h,2,1,1,1,0,100.0,100.0,0.0,0.0
2026-05-06,checkout/conduite-accompagnee-first,1,1,1,1,1,100.0,100.0,100.0,100.0
2026-05-06,checkout/pack-permis-complet-boite-automatique-sans-code,0,0,0,0,0,0,0,0,0
2026-05-06,checkout/pack-5h-boite-automatique,6,5,5,3,1,100.0,60.0,20.0,33.3
2026-05-06,product/rendez-vous-pedagogiques,0,0,0,0,0,0,0,0,0
2026-05-06,checkout/pack-10h,0,0,0,0,0,0,0,0,0
2026-05-06,checkout/pack-permis-complet-boite-automatique-revolut,0,0,0,0,0,0,0,0,0
2026-05-06,chatbot_support,0,0,0,0,0,0,0,0,0
2026-05-06,product/pack-permis-casa-nord-france,0,0,0,0,0,0,0,0,0
2026-05-06,home_widget,0,0,0,0,0,0,0,0,0
2026-05-06,checkout/pack-10h-boite-automatique,0,0,0,0,0,0,0,0,0
2026-05-06,checkout/pack-20h,0,0,0,0,0,0,0,0,0
2026-05-06,checkout/conduite-accompagnee-boite-automatique-first,0,0,0,0,0,0,0,0,0
2026-05-06,product/pack-permis-boite-automatique-casa-nord-france,0,0,0,0,0,0,0,0,0
2026-05-06,product/rendez-vous-pedagogiques-automatique,0,0,0,0,0,0,0,0,0
2026-05-06,checkout/pack-permis-complet-boite-automatique-sans-code-et-reussite-conduite-plus,0,0,0,0,0,0,0,0,0
2026-05-06,checkout/pack-permis-complet-et-reussite-code-plus,0,0,0,0,0,0,0,0,0
2026-05-06,checkout/pack-permis-casa-nord-france,0,0,0,0,0,0,0,0,0
2026-05-06,checkout/pack-permis-complet-boite-automatique-et-reussite-code-plus,0,0,0,0,0,0,0,0,0
2026-05-06,checkout/rendez-vous-pedagogiques,0,0,0,0,0,0,0,0,0
2026-05-06,checkout/pack-permis-complet-boite-automatique-sans-code-et-reussite-conduite-plus-lead,0,0,0,0,0,0,0,0,0
2026-05-06,checkout/pack-permis-boite-automatique-casa-nord-france,0,0,0,0,0,0,0,0,0
2026-05-06,emailcrm&utm_medium=email&utm_source=crm&utm_campaign=3b74f603-2f61-4df1-9869-4dff5e11d8e9,0,0,0,0,0,0,0,0,0
2026-05-06,permis_widget,0,0,0,0,0,0,0,0,0
2026-05-07,shop,142,113,104,91,26,92.0,87.5,23.0,28.6
2026-05-07,unknown,145,129,112,81,30,86.8,72.3,23.3,37.0
2026-05-07,product/pack-permis-complet,20,20,17,14,5,85.0,82.4,25.0,35.7
2026-05-07,product/pack-permis-complet-sans-code,18,18,17,15,7,94.4,88.2,38.9,46.7
2026-05-07,product/pack-permis-complet-sans-code-lead,18,17,17,15,9,100.0,88.2,52.9,60.0
2026-05-07,product/pack-permis-complet-revolut,19,19,14,10,6,73.7,71.4,31.6,60.0
2026-05-07,product/pack-permis-complet-boite-automatique,8,7,6,5,3,85.7,83.3,42.9,60.0
2026-05-07,emailcrm,13,11,9,8,3,81.8,88.9,27.3,37.5
2026-05-07,product/pack-permis-complet-boite-automatique-sans-code,9,8,6,4,4,75.0,66.7,50.0,100.0
2026-05-07,product/pack-permis-complet-boite-automatique-sans-code-lead,14,12,11,10,4,91.7,90.9,33.3,40.0
2026-05-07,product/pack-5h,11,11,9,8,1,81.8,88.9,9.1,12.5
2026-05-07,product/pack-10h,9,8,7,4,2,87.5,57.1,25.0,50.0
2026-05-07,product/conduite-accompagnee-first,23,20,20,17,3,100.0,85.0,15.0,17.6
2026-05-07,product/pack-20h,9,5,4,4,0,80.0,100.0,0.0,0.0
2026-05-07,product/pack-permis-complet-boite-automatique-revolut,2,2,1,1,1,50.0,100.0,50.0,100.0
2026-05-07,emailcrmheader,12,12,11,10,5,91.7,90.9,41.7,50.0
2026-05-07,product/pack-5h-boite-automatique,6,6,6,4,1,100.0,66.7,16.7,25.0
2026-05-07,product/pack-10h-boite-automatique,2,2,1,1,0,50.0,100.0,0.0,0.0
2026-05-07,checkout/pack-permis-complet,5,4,4,4,0,100.0,100.0,0.0,0.0
2026-05-07,product/conduite-accompagnee-boite-automatique-first,3,3,3,3,1,100.0,100.0,33.3,33.3
2026-05-07,checkout/pack-permis-complet-sans-code,6,3,2,2,2,66.7,100.0,66.7,100.0
2026-05-07,infocards,0,0,0,0,0,0,0,0,0
2026-05-07,checkout/pack-permis-complet-sans-code-lead,1,1,1,1,1,100.0,100.0,100.0,100.0
2026-05-07,checkout/pack-permis-complet-boite-automatique,1,1,0,0,0,0.0,0,0.0,0
2026-05-07,checkout/pack-permis-complet-revolut,1,1,1,1,0,100.0,100.0,0.0,0.0
2026-05-07,checkout/pack-permis-complet-boite-automatique-sans-code-lead,4,4,4,3,0,100.0,75.0,0.0,0.0
2026-05-07,checkout/pack-5h,0,0,0,0,0,0,0,0,0
2026-05-07,checkout/conduite-accompagnee-first,2,2,2,2,0,100.0,100.0,0.0,0.0
2026-05-07,checkout/pack-permis-complet-boite-automatique-sans-code,1,1,1,1,0,100.0,100.0,0.0,0.0
2026-05-07,checkout/pack-5h-boite-automatique,0,0,0,0,0,0,0,0,0
2026-05-07,product/rendez-vous-pedagogiques,0,0,0,0,0,0,0,0,0
2026-05-07,checkout/pack-10h,3,3,2,0,0,66.7,0.0,0.0,0
2026-05-07,checkout/pack-permis-complet-boite-automatique-revolut,0,0,0,0,0,0,0,0,0
2026-05-07,chatbot_support,0,0,0,0,0,0,0,0,0
2026-05-07,product/pack-permis-casa-nord-france,0,0,0,0,0,0,0,0,0
2026-05-07,home_widget,0,0,0,0,0,0,0,0,0
2026-05-07,checkout/pack-10h-boite-automatique,2,2,2,2,1,100.0,100.0,50.0,50.0
2026-05-07,checkout/pack-20h,0,0,0,0,0,0,0,0,0
2026-05-07,checkout/conduite-accompagnee-boite-automatique-first,1,1,1,1,0,100.0,100.0,0.0,0.0
2026-05-07,product/pack-permis-boite-automatique-casa-nord-france,0,0,0,0,0,0,0,0,0
2026-05-07,product/rendez-vous-pedagogiques-automatique,0,0,0,0,0,0,0,0,0
2026-05-07,checkout/pack-permis-complet-boite-automatique-sans-code-et-reussite-conduite-plus,0,0,0,0,0,0,0,0,0
2026-05-07,checkout/pack-permis-complet-et-reussite-code-plus,0,0,0,0,0,0,0,0,0
2026-05-07,checkout/pack-permis-casa-nord-france,0,0,0,0,0,0,0,0,0
2026-05-07,checkout/pack-permis-complet-boite-automatique-et-reussite-code-plus,0,0,0,0,0,0,0,0,0
2026-05-07,checkout/rendez-vous-pedagogiques,0,0,0,0,0,0,0,0,0
2026-05-07,checkout/pack-permis-complet-boite-automatique-sans-code-et-reussite-conduite-plus-lead,0,0,0,0,0,0,0,0,0
2026-05-07,checkout/pack-permis-boite-automatique-casa-nord-france,0,0,0,0,0,0,0,0,0
2026-05-07,emailcrm&utm_medium=email&utm_source=crm&utm_campaign=3b74f603-2f61-4df1-9869-4dff5e11d8e9,0,0,0,0,0,0,0,0,0
2026-05-07,permis_widget,0,0,0,0,0,0,0,0,0
2026-05-08,shop,0,0,0,0,0,0,0,0,0
2026-05-08,unknown,0,0,0,0,0,0,0,0,0
2026-05-08,product/pack-permis-complet,0,0,0,0,0,0,0,0,0
2026-05-08,product/pack-permis-complet-sans-code,0,0,0,0,0,0,0,0,0
2026-05-08,product/pack-permis-complet-sans-code-lead,0,0,0,0,0,0,0,0,0
2026-05-08,product/pack-permis-complet-revolut,0,0,0,0,0,0,0,0,0
2026-05-08,product/pack-permis-complet-boite-automatique,0,0,0,0,0,0,0,0,0
2026-05-08,emailcrm,0,0,0,0,0,0,0,0,0
2026-05-08,product/pack-permis-complet-boite-automatique-sans-code,0,0,0,0,0,0,0,0,0
2026-05-08,product/pack-permis-complet-boite-automatique-sans-code-lead,0,0,0,0,0,0,0,0,0
2026-05-08,product/pack-5h,0,0,0,0,0,0,0,0,0
2026-05-08,product/pack-10h,0,0,0,0,0,0,0,0,0
2026-05-08,product/conduite-accompagnee-first,0,0,0,0,0,0,0,0,0
2026-05-08,product/pack-20h,0,0,0,0,0,0,0,0,0
2026-05-08,product/pack-permis-complet-boite-automatique-revolut,0,0,0,0,0,0,0,0,0
2026-05-08,emailcrmheader,0,0,0,0,0,0,0,0,0
2026-05-08,product/pack-5h-boite-automatique,0,0,0,0,0,0,0,0,0
2026-05-08,product/pack-10h-boite-automatique,0,0,0,0,0,0,0,0,0
2026-05-08,checkout/pack-permis-complet,0,0,0,0,0,0,0,0,0
2026-05-08,product/conduite-accompagnee-boite-automatique-first,0,0,0,0,0,0,0,0,0
2026-05-08,checkout/pack-permis-complet-sans-code,0,0,0,0,0,0,0,0,0
2026-05-08,infocards,0,0,0,0,0,0,0,0,0
2026-05-08,checkout/pack-permis-complet-sans-code-lead,0,0,0,0,0,0,0,0,0
2026-05-08,checkout/pack-permis-complet-boite-automatique,0,0,0,0,0,0,0,0,0
2026-05-08,checkout/pack-permis-complet-revolut,0,0,0,0,0,0,0,0,0
2026-05-08,checkout/pack-permis-complet-boite-automatique-sans-code-lead,0,0,0,0,0,0,0,0,0
2026-05-08,checkout/pack-5h,0,0,0,0,0,0,0,0,0
2026-05-08,checkout/conduite-accompagnee-first,0,0,0,0,0,0,0,0,0
2026-05-08,checkout/pack-permis-complet-boite-automatique-sans-code,0,0,0,0,0,0,0,0,0
2026-05-08,checkout/pack-5h-boite-automatique,0,0,0,0,0,0,0,0,0
2026-05-08,product/rendez-vous-pedagogiques,0,0,0,0,0,0,0,0,0
2026-05-08,checkout/pack-10h,0,0,0,0,0,0,0,0,0
2026-05-08,checkout/pack-permis-complet-boite-automatique-revolut,0,0,0,0,0,0,0,0,0
2026-05-08,chatbot_support,0,0,0,0,0,0,0,0,0
2026-05-08,product/pack-permis-casa-nord-france,0,0,0,0,0,0,0,0,0
2026-05-08,home_widget,0,0,0,0,0,0,0,0,0
2026-05-08,checkout/pack-10h-boite-automatique,0,0,0,0,0,0,0,0,0
2026-05-08,checkout/pack-20h,0,0,0,0,0,0,0,0,0
2026-05-08,checkout/conduite-accompagnee-boite-automatique-first,0,0,0,0,0,0,0,0,0
2026-05-08,product/pack-permis-boite-automatique-casa-nord-france,0,0,0,0,0,0,0,0,0
2026-05-08,product/rendez-vous-pedagogiques-automatique,0,0,0,0,0,0,0,0,0
2026-05-08,checkout/pack-permis-complet-boite-automatique-sans-code-et-reussite-conduite-plus,0,0,0,0,0,0,0,0,0
2026-05-08,checkout/pack-permis-complet-et-reussite-code-plus,0,0,0,0,0,0,0,0,0
2026-05-08,checkout/pack-permis-casa-nord-france,0,0,0,0,0,0,0,0,0
2026-05-08,checkout/pack-permis-complet-boite-automatique-et-reussite-code-plus,0,0,0,0,0,0,0,0,0
2026-05-08,checkout/rendez-vous-pedagogiques,0,0,0,0,0,0,0,0,0
2026-05-08,checkout/pack-permis-complet-boite-automatique-sans-code-et-reussite-conduite-plus-lead,0,0,0,0,0,0,0,0,0
2026-05-08,checkout/pack-permis-boite-automatique-casa-nord-france,0,0,0,0,0,0,0,0,0
2026-05-08,emailcrm&utm_medium=email&utm_source=crm&utm_campaign=3b74f603-2f61-4df1-9869-4dff5e11d8e9,0,0,0,0,0,0,0,0,0
2026-05-08,permis_widget,0,0,0,0,0,0,0,0,0
2026-05-09,shop,133,100,65,49,21,65.0,75.4,21.0,42.9
2026-05-09,unknown,142,120,78,46,15,65.0,59.0,12.5,32.6
2026-05-09,product/pack-permis-complet,13,13,7,5,3,53.8,71.4,23.1,60.0
2026-05-09,product/pack-permis-complet-sans-code,26,22,15,11,6,68.2,73.3,27.3,54.5
2026-05-09,product/pack-permis-complet-sans-code-lead,24,22,14,12,6,63.6,85.7,27.3,50.0
2026-05-09,product/pack-permis-complet-revolut,22,21,16,11,2,76.2,68.8,9.5,18.2
2026-05-09,product/pack-permis-complet-boite-automatique,9,8,1,1,1,12.5,100.0,12.5,100.0
2026-05-09,emailcrm,11,10,6,3,0,60.0,50.0,0.0,0.0
2026-05-09,product/pack-permis-complet-boite-automatique-sans-code,10,9,2,1,2,22.2,50.0,22.2,200.0
2026-05-09,product/pack-permis-complet-boite-automatique-sans-code-lead,9,9,8,7,4,88.9,87.5,44.4,57.1
2026-05-09,product/pack-5h,10,8,7,3,0,87.5,42.9,0.0,0.0
2026-05-09,product/pack-10h,10,8,6,5,2,75.0,83.3,25.0,40.0
2026-05-09,product/conduite-accompagnee-first,8,8,5,4,3,62.5,80.0,37.5,75.0
2026-05-09,product/pack-20h,11,7,6,5,0,85.7,83.3,0.0,0.0
2026-05-09,product/pack-permis-complet-boite-automatique-revolut,7,7,4,3,1,57.1,75.0,14.3,33.3
2026-05-09,emailcrmheader,11,10,5,5,1,50.0,100.0,10.0,20.0
2026-05-09,product/pack-5h-boite-automatique,1,1,0,0,0,0.0,0,0.0,0
2026-05-09,product/pack-10h-boite-automatique,3,3,3,1,1,100.0,33.3,33.3,100.0
2026-05-09,checkout/pack-permis-complet,3,3,1,1,0,33.3,100.0,0.0,0.0
2026-05-09,product/conduite-accompagnee-boite-automatique-first,2,2,2,0,0,100.0,0.0,0.0,0
2026-05-09,checkout/pack-permis-complet-sans-code,1,1,0,0,0,0.0,0,0.0,0
2026-05-09,infocards,0,0,0,0,0,0,0,0,0
2026-05-09,checkout/pack-permis-complet-sans-code-lead,0,0,0,0,0,0,0,0,0
2026-05-09,checkout/pack-permis-complet-boite-automatique,1,1,0,0,0,0.0,0,0.0,0
2026-05-09,checkout/pack-permis-complet-revolut,4,3,0,0,0,0.0,0,0.0,0
2026-05-09,checkout/pack-permis-complet-boite-automatique-sans-code-lead,0,0,0,0,0,0,0,0,0
2026-05-09,checkout/pack-5h,0,0,0,0,0,0,0,0,0
2026-05-09,checkout/conduite-accompagnee-first,0,0,0,0,0,0,0,0,0
2026-05-09,checkout/pack-permis-complet-boite-automatique-sans-code,0,0,0,0,0,0,0,0,0
2026-05-09,checkout/pack-5h-boite-automatique,0,0,0,0,0,0,0,0,0
2026-05-09,product/rendez-vous-pedagogiques,0,0,0,0,0,0,0,0,0
2026-05-09,checkout/pack-10h,3,3,3,2,0,100.0,66.7,0.0,0.0
2026-05-09,checkout/pack-permis-complet-boite-automatique-revolut,0,0,0,0,0,0,0,0,0
2026-05-09,chatbot_support,0,0,0,0,0,0,0,0,0
2026-05-09,product/pack-permis-casa-nord-france,0,0,0,0,0,0,0,0,0
2026-05-09,home_widget,0,0,0,0,0,0,0,0,0
2026-05-09,checkout/pack-10h-boite-automatique,0,0,0,0,0,0,0,0,0
2026-05-09,checkout/pack-20h,0,0,0,0,0,0,0,0,0
2026-05-09,checkout/conduite-accompagnee-boite-automatique-first,0,0,0,0,0,0,0,0,0
2026-05-09,product/pack-permis-boite-automatique-casa-nord-france,0,0,0,0,0,0,0,0,0
2026-05-09,product/rendez-vous-pedagogiques-automatique,0,0,0,0,0,0,0,0,0
2026-05-09,checkout/pack-permis-complet-boite-automatique-sans-code-et-reussite-conduite-plus,0,0,0,0,0,0,0,0,0
2026-05-09,checkout/pack-permis-complet-et-reussite-code-plus,0,0,0,0,0,0,0,0,0
2026-05-09,checkout/pack-permis-casa-nord-france,0,0,0,0,0,0,0,0,0
2026-05-09,checkout/pack-permis-complet-boite-automatique-et-reussite-code-plus,0,0,0,0,0,0,0,0,0
2026-05-09,checkout/rendez-vous-pedagogiques,0,0,0,0,0,0,0,0,0
2026-05-09,checkout/pack-permis-complet-boite-automatique-sans-code-et-reussite-conduite-plus-lead,0,0,0,0,0,0,0,0,0
2026-05-09,checkout/pack-permis-boite-automatique-casa-nord-france,0,0,0,0,0,0,0,0,0
2026-05-09,emailcrm&utm_medium=email&utm_source=crm&utm_campaign=3b74f603-2f61-4df1-9869-4dff5e11d8e9,0,0,0,0,0,0,0,0,0
2026-05-09,permis_widget,0,0,0,0,0,0,0,0,0
2026-05-10,shop,0,0,0,0,0,0,0,0,0
2026-05-10,unknown,0,0,0,0,0,0,0,0,0
2026-05-10,product/pack-permis-complet,0,0,0,0,0,0,0,0,0
2026-05-10,product/pack-permis-complet-sans-code,0,0,0,0,0,0,0,0,0
2026-05-10,product/pack-permis-complet-sans-code-lead,0,0,0,0,0,0,0,0,0
2026-05-10,product/pack-permis-complet-revolut,0,0,0,0,0,0,0,0,0
2026-05-10,product/pack-permis-complet-boite-automatique,0,0,0,0,0,0,0,0,0
2026-05-10,emailcrm,0,0,0,0,0,0,0,0,0
2026-05-10,product/pack-permis-complet-boite-automatique-sans-code,0,0,0,0,0,0,0,0,0
2026-05-10,product/pack-permis-complet-boite-automatique-sans-code-lead,0,0,0,0,0,0,0,0,0
2026-05-10,product/pack-5h,0,0,0,0,0,0,0,0,0
2026-05-10,product/pack-10h,0,0,0,0,0,0,0,0,0
2026-05-10,product/conduite-accompagnee-first,0,0,0,0,0,0,0,0,0
2026-05-10,product/pack-20h,0,0,0,0,0,0,0,0,0
2026-05-10,product/pack-permis-complet-boite-automatique-revolut,0,0,0,0,0,0,0,0,0
2026-05-10,emailcrmheader,0,0,0,0,0,0,0,0,0
2026-05-10,product/pack-5h-boite-automatique,0,0,0,0,0,0,0,0,0
2026-05-10,product/pack-10h-boite-automatique,0,0,0,0,0,0,0,0,0
2026-05-10,checkout/pack-permis-complet,0,0,0,0,0,0,0,0,0
2026-05-10,product/conduite-accompagnee-boite-automatique-first,0,0,0,0,0,0,0,0,0
2026-05-10,checkout/pack-permis-complet-sans-code,0,0,0,0,0,0,0,0,0
2026-05-10,infocards,0,0,0,0,0,0,0,0,0
2026-05-10,checkout/pack-permis-complet-sans-code-lead,0,0,0,0,0,0,0,0,0
2026-05-10,checkout/pack-permis-complet-boite-automatique,0,0,0,0,0,0,0,0,0
2026-05-10,checkout/pack-permis-complet-revolut,0,0,0,0,0,0,0,0,0
2026-05-10,checkout/pack-permis-complet-boite-automatique-sans-code-lead,0,0,0,0,0,0,0,0,0
2026-05-10,checkout/pack-5h,0,0,0,0,0,0,0,0,0
2026-05-10,checkout/conduite-accompagnee-first,0,0,0,0,0,0,0,0,0
2026-05-10,checkout/pack-permis-complet-boite-automatique-sans-code,0,0,0,0,0,0,0,0,0
2026-05-10,checkout/pack-5h-boite-automatique,0,0,0,0,0,0,0,0,0
2026-05-10,product/rendez-vous-pedagogiques,0,0,0,0,0,0,0,0,0
2026-05-10,checkout/pack-10h,0,0,0,0,0,0,0,0,0
2026-05-10,checkout/pack-permis-complet-boite-automatique-revolut,0,0,0,0,0,0,0,0,0
2026-05-10,chatbot_support,0,0,0,0,0,0,0,0,0
2026-05-10,product/pack-permis-casa-nord-france,0,0,0,0,0,0,0,0,0
2026-05-10,home_widget,0,0,0,0,0,0,0,0,0
2026-05-10,checkout/pack-10h-boite-automatique,0,0,0,0,0,0,0,0,0
2026-05-10,checkout/pack-20h,0,0,0,0,0,0,0,0,0
2026-05-10,checkout/conduite-accompagnee-boite-automatique-first,0,0,0,0,0,0,0,0,0
2026-05-10,product/pack-permis-boite-automatique-casa-nord-france,0,0,0,0,0,0,0,0,0
2026-05-10,product/rendez-vous-pedagogiques-automatique,0,0,0,0,0,0,0,0,0
2026-05-10,checkout/pack-permis-complet-boite-automatique-sans-code-et-reussite-conduite-plus,0,0,0,0,0,0,0,0,0
2026-05-10,checkout/pack-permis-complet-et-reussite-code-plus,0,0,0,0,0,0,0,0,0
2026-05-10,checkout/pack-permis-casa-nord-france,0,0,0,0,0,0,0,0,0
2026-05-10,checkout/pack-permis-complet-boite-automatique-et-reussite-code-plus,0,0,0,0,0,0,0,0,0
2026-05-10,checkout/rendez-vous-pedagogiques,0,0,0,0,0,0,0,0,0
2026-05-10,checkout/pack-permis-complet-boite-automatique-sans-code-et-reussite-conduite-plus-lead,0,0,0,0,0,0,0,0,0
2026-05-10,checkout/pack-permis-boite-automatique-casa-nord-france,0,0,0,0,0,0,0,0,0
2026-05-10,emailcrm&utm_medium=email&utm_source=crm&utm_campaign=3b74f603-2f61-4df1-9869-4dff5e11d8e9,0,0,0,0,0,0,0,0,0
2026-05-10,permis_widget,0,0,0,0,0,0,0,0,0
2026-05-11,shop,191,160,155,135,48,96.9,87.1,30.0,35.6
2026-05-11,unknown,128,114,110,77,23,96.5,70.0,20.2,29.9
2026-05-11,product/pack-permis-complet,26,22,21,16,5,95.5,76.2,22.7,31.2
2026-05-11,product/pack-permis-complet-sans-code,40,34,33,24,13,97.1,72.7,38.2,54.2
2026-05-11,product/pack-permis-complet-sans-code-lead,37,30,27,23,9,90.0,85.2,30.0,39.1
2026-05-11,product/pack-permis-complet-revolut,28,26,25,22,10,96.2,88.0,38.5,45.5
2026-05-11,product/pack-permis-complet-boite-automatique,12,10,9,8,5,90.0,88.9,50.0,62.5
2026-05-11,emailcrm,12,12,12,11,5,100.0,91.7,41.7,45.5
2026-05-11,product/pack-permis-complet-boite-automatique-sans-code,16,16,15,12,6,93.8,80.0,37.5,50.0
2026-05-11,product/pack-permis-complet-boite-automatique-sans-code-lead,14,14,14,12,9,100.0,85.7,64.3,75.0
2026-05-11,product/pack-5h,15,13,13,10,3,100.0,76.9,23.1,30.0
2026-05-11,product/pack-10h,4,4,3,3,2,75.0,100.0,50.0,66.7
2026-05-11,product/conduite-accompagnee-first,14,14,14,11,3,100.0,78.6,21.4,27.3
2026-05-11,product/pack-20h,12,11,11,9,0,100.0,81.8,0.0,0.0
2026-05-11,product/pack-permis-complet-boite-automatique-revolut,6,4,4,4,3,100.0,100.0,75.0,75.0
2026-05-11,emailcrmheader,21,20,17,13,6,85.0,76.5,30.0,46.2
2026-05-11,product/pack-5h-boite-automatique,3,3,3,2,0,100.0,66.7,0.0,0.0
2026-05-11,product/pack-10h-boite-automatique,2,2,2,2,2,100.0,100.0,100.0,100.0
2026-05-11,checkout/pack-permis-complet,5,5,5,4,2,100.0,80.0,40.0,50.0
2026-05-11,product/conduite-accompagnee-boite-automatique-first,1,1,1,0,0,100.0,0.0,0.0,0
2026-05-11,checkout/pack-permis-complet-sans-code,4,3,3,2,1,100.0,66.7,33.3,50.0
2026-05-11,infocards,0,0,0,0,0,0,0,0,0
2026-05-11,checkout/pack-permis-complet-sans-code-lead,2,2,2,1,1,100.0,50.0,50.0,100.0
2026-05-11,checkout/pack-permis-complet-boite-automatique,4,4,4,3,3,100.0,75.0,75.0,100.0
2026-05-11,checkout/pack-permis-complet-revolut,1,1,1,1,0,100.0,100.0,0.0,0.0
2026-05-11,checkout/pack-permis-complet-boite-automatique-sans-code-lead,1,1,1,1,0,100.0,100.0,0.0,0.0
2026-05-11,checkout/pack-5h,2,2,2,0,0,100.0,0.0,0.0,0
2026-05-11,checkout/conduite-accompagnee-first,1,1,1,1,1,100.0,100.0,100.0,100.0
2026-05-11,checkout/pack-permis-complet-boite-automatique-sans-code,1,1,1,0,0,100.0,0.0,0.0,0
2026-05-11,checkout/pack-5h-boite-automatique,1,1,1,0,0,100.0,0.0,0.0,0
2026-05-11,product/rendez-vous-pedagogiques,0,0,0,0,0,0,0,0,0
2026-05-11,checkout/pack-10h,0,0,0,0,0,0,0,0,0
2026-05-11,checkout/pack-permis-complet-boite-automatique-revolut,1,1,1,1,0,100.0,100.0,0.0,0.0
2026-05-11,chatbot_support,0,0,0,0,0,0,0,0,0
2026-05-11,product/pack-permis-casa-nord-france,0,0,0,0,0,0,0,0,0
2026-05-11,home_widget,0,0,0,0,0,0,0,0,0
2026-05-11,checkout/pack-10h-boite-automatique,0,0,0,0,0,0,0,0,0
2026-05-11,checkout/pack-20h,0,0,0,0,0,0,0,0,0
2026-05-11,checkout/conduite-accompagnee-boite-automatique-first,2,2,2,2,1,100.0,100.0,50.0,50.0
2026-05-11,product/pack-permis-boite-automatique-casa-nord-france,0,0,0,0,0,0,0,0,0
2026-05-11,product/rendez-vous-pedagogiques-automatique,1,1,1,1,0,100.0,100.0,0.0,0.0
2026-05-11,checkout/pack-permis-complet-boite-automatique-sans-code-et-reussite-conduite-plus,0,0,0,0,0,0,0,0,0
2026-05-11,checkout/pack-permis-complet-et-reussite-code-plus,0,0,0,0,0,0,0,0,0
2026-05-11,checkout/pack-permis-casa-nord-france,0,0,0,0,0,0,0,0,0
2026-05-11,checkout/pack-permis-complet-boite-automatique-et-reussite-code-plus,0,0,0,0,0,0,0,0,0
2026-05-11,checkout/rendez-vous-pedagogiques,0,0,0,0,0,0,0,0,0
2026-05-11,checkout/pack-permis-complet-boite-automatique-sans-code-et-reussite-conduite-plus-lead,0,0,0,0,0,0,0,0,0
2026-05-11,checkout/pack-permis-boite-automatique-casa-nord-france,0,0,0,0,0,0,0,0,0
2026-05-11,emailcrm&utm_medium=email&utm_source=crm&utm_campaign=3b74f603-2f61-4df1-9869-4dff5e11d8e9,0,0,0,0,0,0,0,0,0
2026-05-11,permis_widget,0,0,0,0,0,0,0,0,0
2026-05-12,shop,100,91,85,78,22,93.4,91.8,24.2,28.2
2026-05-12,unknown,111,102,102,79,19,100.0,77.5,18.6,24.1
2026-05-12,product/pack-permis-complet,10,10,10,7,5,100.0,70.0,50.0,71.4
2026-05-12,product/pack-permis-complet-sans-code,22,20,20,16,8,100.0,80.0,40.0,50.0
2026-05-12,product/pack-permis-complet-sans-code-lead,12,11,10,6,3,90.9,60.0,27.3,50.0
2026-05-12,product/pack-permis-complet-revolut,19,17,17,13,4,100.0,76.5,23.5,30.8
2026-05-12,product/pack-permis-complet-boite-automatique,7,7,6,4,2,85.7,66.7,28.6,50.0
2026-05-12,emailcrm,24,18,16,12,1,88.9,75.0,5.6,8.3
2026-05-12,product/pack-permis-complet-boite-automatique-sans-code,5,5,5,4,1,100.0,80.0,20.0,25.0
2026-05-12,product/pack-permis-complet-boite-automatique-sans-code-lead,16,12,12,6,3,100.0,50.0,25.0,50.0
2026-05-12,product/pack-5h,7,7,7,7,1,100.0,100.0,14.3,14.3
2026-05-12,product/pack-10h,13,12,12,10,2,100.0,83.3,16.7,20.0
2026-05-12,product/conduite-accompagnee-first,4,4,4,3,2,100.0,75.0,50.0,66.7
2026-05-12,product/pack-20h,21,13,13,13,0,100.0,100.0,0.0,0.0
2026-05-12,product/pack-permis-complet-boite-automatique-revolut,8,8,8,7,2,100.0,87.5,25.0,28.6
2026-05-12,emailcrmheader,9,9,9,7,3,100.0,77.8,33.3,42.9
2026-05-12,product/pack-5h-boite-automatique,4,4,4,2,1,100.0,50.0,25.0,50.0
2026-05-12,product/pack-10h-boite-automatique,2,2,2,1,1,100.0,50.0,50.0,100.0
2026-05-12,checkout/pack-permis-complet,0,0,0,0,0,0,0,0,0
2026-05-12,product/conduite-accompagnee-boite-automatique-first,0,0,0,0,0,0,0,0,0
2026-05-12,checkout/pack-permis-complet-sans-code,0,0,0,0,0,0,0,0,0
2026-05-12,infocards,0,0,0,0,0,0,0,0,0
2026-05-12,checkout/pack-permis-complet-sans-code-lead,4,3,3,3,0,100.0,100.0,0.0,0.0
2026-05-12,checkout/pack-permis-complet-boite-automatique,1,1,1,1,1,100.0,100.0,100.0,100.0
2026-05-12,checkout/pack-permis-complet-revolut,1,1,1,1,0,100.0,100.0,0.0,0.0
2026-05-12,checkout/pack-permis-complet-boite-automatique-sans-code-lead,1,1,1,1,0,100.0,100.0,0.0,0.0
2026-05-12,checkout/pack-5h,1,1,1,1,0,100.0,100.0,0.0,0.0
2026-05-12,checkout/conduite-accompagnee-first,0,0,0,0,0,0,0,0,0
2026-05-12,checkout/pack-permis-complet-boite-automatique-sans-code,2,2,2,1,0,100.0,50.0,0.0,0.0
2026-05-12,checkout/pack-5h-boite-automatique,1,1,1,1,0,100.0,100.0,0.0,0.0
2026-05-12,product/rendez-vous-pedagogiques,2,1,1,1,0,100.0,100.0,0.0,0.0
2026-05-12,checkout/pack-10h,1,1,1,1,1,100.0,100.0,100.0,100.0
2026-05-12,checkout/pack-permis-complet-boite-automatique-revolut,0,0,0,0,0,0,0,0,0
2026-05-12,chatbot_support,0,0,0,0,0,0,0,0,0
2026-05-12,product/pack-permis-casa-nord-france,0,0,0,0,0,0,0,0,0
2026-05-12,home_widget,0,0,0,0,0,0,0,0,0
2026-05-12,checkout/pack-10h-boite-automatique,0,0,0,0,0,0,0,0,0
2026-05-12,checkout/pack-20h,0,0,0,0,0,0,0,0,0
2026-05-12,checkout/conduite-accompagnee-boite-automatique-first,0,0,0,0,0,0,0,0,0
2026-05-12,product/pack-permis-boite-automatique-casa-nord-france,0,0,0,0,0,0,0,0,0
2026-05-12,product/rendez-vous-pedagogiques-automatique,0,0,0,0,0,0,0,0,0
2026-05-12,checkout/pack-permis-complet-boite-automatique-sans-code-et-reussite-conduite-plus,0,0,0,0,0,0,0,0,0
2026-05-12,checkout/pack-permis-complet-et-reussite-code-plus,0,0,0,0,0,0,0,0,0
2026-05-12,checkout/pack-permis-casa-nord-france,0,0,0,0,0,0,0,0,0
2026-05-12,checkout/pack-permis-complet-boite-automatique-et-reussite-code-plus,0,0,0,0,0,0,0,0,0
2026-05-12,checkout/rendez-vous-pedagogiques,0,0,0,0,0,0,0,0,0
2026-05-12,checkout/pack-permis-complet-boite-automatique-sans-code-et-reussite-conduite-plus-lead,0,0,0,0,0,0,0,0,0
2026-05-12,checkout/pack-permis-boite-automatique-casa-nord-france,0,0,0,0,0,0,0,0,0
2026-05-12,emailcrm&utm_medium=email&utm_source=crm&utm_campaign=3b74f603-2f61-4df1-9869-4dff5e11d8e9,0,0,0,0,0,0,0,0,0
2026-05-12,permis_widget,0,0,0,0,0,0,0,0,0
2026-05-13,shop,119,100,98,83,33,98.0,84.7,33.0,39.8
2026-05-13,unknown,93,82,82,56,15,100.0,68.3,18.3,26.8
2026-05-13,product/pack-permis-complet,20,17,17,12,6,100.0,70.6,35.3,50.0
2026-05-13,product/pack-permis-complet-sans-code,20,18,18,15,6,100.0,83.3,33.3,40.0
2026-05-13,product/pack-permis-complet-sans-code-lead,15,14,14,13,5,100.0,92.9,35.7,38.5
2026-05-13,product/pack-permis-complet-revolut,22,20,20,16,7,100.0,80.0,35.0,43.8
2026-05-13,product/pack-permis-complet-boite-automatique,13,13,13,9,2,100.0,69.2,15.4,22.2
2026-05-13,emailcrm,13,13,13,13,4,100.0,100.0,30.8,30.8
2026-05-13,product/pack-permis-complet-boite-automatique-sans-code,17,14,14,11,4,100.0,78.6,28.6,36.4
2026-05-13,product/pack-permis-complet-boite-automatique-sans-code-lead,9,8,8,6,1,100.0,75.0,12.5,16.7
2026-05-13,product/pack-5h,12,8,8,6,2,100.0,75.0,25.0,33.3
2026-05-13,product/pack-10h,2,2,2,1,0,100.0,50.0,0.0,0.0
2026-05-13,product/conduite-accompagnee-first,10,8,6,6,0,75.0,100.0,0.0,0.0
2026-05-13,product/pack-20h,13,8,8,8,0,100.0,100.0,0.0,0.0
2026-05-13,product/pack-permis-complet-boite-automatique-revolut,3,3,3,3,3,100.0,100.0,100.0,100.0
2026-05-13,emailcrmheader,12,10,10,9,1,100.0,90.0,10.0,11.1
2026-05-13,product/pack-5h-boite-automatique,3,3,2,1,0,66.7,50.0,0.0,0.0
2026-05-13,product/pack-10h-boite-automatique,0,0,0,0,0,0,0,0,0
2026-05-13,checkout/pack-permis-complet,2,2,2,1,0,100.0,50.0,0.0,0.0
2026-05-13,product/conduite-accompagnee-boite-automatique-first,1,1,1,0,0,100.0,0.0,0.0,0
2026-05-13,checkout/pack-permis-complet-sans-code,5,5,5,5,1,100.0,100.0,20.0,20.0
2026-05-13,infocards,0,0,0,0,0,0,0,0,0
2026-05-13,checkout/pack-permis-complet-sans-code-lead,0,0,0,0,0,0,0,0,0
2026-05-13,checkout/pack-permis-complet-boite-automatique,2,2,2,2,1,100.0,100.0,50.0,50.0
2026-05-13,checkout/pack-permis-complet-revolut,1,1,1,1,0,100.0,100.0,0.0,0.0
2026-05-13,checkout/pack-permis-complet-boite-automatique-sans-code-lead,0,0,0,0,0,0,0,0,0
2026-05-13,checkout/pack-5h,2,2,2,2,0,100.0,100.0,0.0,0.0
2026-05-13,checkout/conduite-accompagnee-first,2,2,2,2,1,100.0,100.0,50.0,50.0
2026-05-13,checkout/pack-permis-complet-boite-automatique-sans-code,1,1,1,1,0,100.0,100.0,0.0,0.0
2026-05-13,checkout/pack-5h-boite-automatique,4,4,3,2,0,75.0,66.7,0.0,0.0
2026-05-13,product/rendez-vous-pedagogiques,0,0,0,0,0,0,0,0,0
2026-05-13,checkout/pack-10h,2,2,2,0,0,100.0,0.0,0.0,0
2026-05-13,checkout/pack-permis-complet-boite-automatique-revolut,0,0,0,0,0,0,0,0,0
2026-05-13,chatbot_support,0,0,0,0,0,0,0,0,0
2026-05-13,product/pack-permis-casa-nord-france,0,0,0,0,0,0,0,0,0
2026-05-13,home_widget,0,0,0,0,0,0,0,0,0
2026-05-13,checkout/pack-10h-boite-automatique,0,0,0,0,0,0,0,0,0
2026-05-13,checkout/pack-20h,1,1,1,1,0,100.0,100.0,0.0,0.0
2026-05-13,checkout/conduite-accompagnee-boite-automatique-first,0,0,0,0,0,0,0,0,0
2026-05-13,product/pack-permis-boite-automatique-casa-nord-france,0,0,0,0,0,0,0,0,0
2026-05-13,product/rendez-vous-pedagogiques-automatique,0,0,0,0,0,0,0,0,0
2026-05-13,checkout/pack-permis-complet-boite-automatique-sans-code-et-reussite-conduite-plus,0,0,0,0,0,0,0,0,0
2026-05-13,checkout/pack-permis-complet-et-reussite-code-plus,0,0,0,0,0,0,0,0,0
2026-05-13,checkout/pack-permis-casa-nord-france,0,0,0,0,0,0,0,0,0
2026-05-13,checkout/pack-permis-complet-boite-automatique-et-reussite-code-plus,0,0,0,0,0,0,0,0,0
2026-05-13,checkout/rendez-vous-pedagogiques,0,0,0,0,0,0,0,0,0
2026-05-13,checkout/pack-permis-complet-boite-automatique-sans-code-et-reussite-conduite-plus-lead,0,0,0,0,0,0,0,0,0
2026-05-13,checkout/pack-permis-boite-automatique-casa-nord-france,0,0,0,0,0,0,0,0,0
2026-05-13,emailcrm&utm_medium=email&utm_source=crm&utm_campaign=3b74f603-2f61-4df1-9869-4dff5e11d8e9,0,0,0,0,0,0,0,0,0
2026-05-13,permis_widget,0,0,0,0,0,0,0,0,0
2026-05-14,shop,0,0,0,0,0,0,0,0,0
2026-05-14,unknown,0,0,0,0,0,0,0,0,0
2026-05-14,product/pack-permis-complet,0,0,0,0,0,0,0,0,0
2026-05-14,product/pack-permis-complet-sans-code,0,0,0,0,0,0,0,0,0
2026-05-14,product/pack-permis-complet-sans-code-lead,0,0,0,0,0,0,0,0,0
2026-05-14,product/pack-permis-complet-revolut,0,0,0,0,0,0,0,0,0
2026-05-14,product/pack-permis-complet-boite-automatique,0,0,0,0,0,0,0,0,0
2026-05-14,emailcrm,0,0,0,0,0,0,0,0,0
2026-05-14,product/pack-permis-complet-boite-automatique-sans-code,0,0,0,0,0,0,0,0,0
2026-05-14,product/pack-permis-complet-boite-automatique-sans-code-lead,0,0,0,0,0,0,0,0,0
2026-05-14,product/pack-5h,0,0,0,0,0,0,0,0,0
2026-05-14,product/pack-10h,0,0,0,0,0,0,0,0,0
2026-05-14,product/conduite-accompagnee-first,0,0,0,0,0,0,0,0,0
2026-05-14,product/pack-20h,0,0,0,0,0,0,0,0,0
2026-05-14,product/pack-permis-complet-boite-automatique-revolut,0,0,0,0,0,0,0,0,0
2026-05-14,emailcrmheader,0,0,0,0,0,0,0,0,0
2026-05-14,product/pack-5h-boite-automatique,0,0,0,0,0,0,0,0,0
2026-05-14,product/pack-10h-boite-automatique,0,0,0,0,0,0,0,0,0
2026-05-14,checkout/pack-permis-complet,0,0,0,0,0,0,0,0,0
2026-05-14,product/conduite-accompagnee-boite-automatique-first,0,0,0,0,0,0,0,0,0
2026-05-14,checkout/pack-permis-complet-sans-code,0,0,0,0,0,0,0,0,0
2026-05-14,infocards,0,0,0,0,0,0,0,0,0
2026-05-14,checkout/pack-permis-complet-sans-code-lead,0,0,0,0,0,0,0,0,0
2026-05-14,checkout/pack-permis-complet-boite-automatique,0,0,0,0,0,0,0,0,0
2026-05-14,checkout/pack-permis-complet-revolut,0,0,0,0,0,0,0,0,0
2026-05-14,checkout/pack-permis-complet-boite-automatique-sans-code-lead,0,0,0,0,0,0,0,0,0
2026-05-14,checkout/pack-5h,0,0,0,0,0,0,0,0,0
2026-05-14,checkout/conduite-accompagnee-first,0,0,0,0,0,0,0,0,0
2026-05-14,checkout/pack-permis-complet-boite-automatique-sans-code,0,0,0,0,0,0,0,0,0
2026-05-14,checkout/pack-5h-boite-automatique,0,0,0,0,0,0,0,0,0
2026-05-14,product/rendez-vous-pedagogiques,0,0,0,0,0,0,0,0,0
2026-05-14,checkout/pack-10h,0,0,0,0,0,0,0,0,0
2026-05-14,checkout/pack-permis-complet-boite-automatique-revolut,0,0,0,0,0,0,0,0,0
2026-05-14,chatbot_support,0,0,0,0,0,0,0,0,0
2026-05-14,product/pack-permis-casa-nord-france,0,0,0,0,0,0,0,0,0
2026-05-14,home_widget,0,0,0,0,0,0,0,0,0
2026-05-14,checkout/pack-10h-boite-automatique,0,0,0,0,0,0,0,0,0
2026-05-14,checkout/pack-20h,0,0,0,0,0,0,0,0,0
2026-05-14,checkout/conduite-accompagnee-boite-automatique-first,0,0,0,0,0,0,0,0,0
2026-05-14,product/pack-permis-boite-automatique-casa-nord-france,0,0,0,0,0,0,0,0,0
2026-05-14,product/rendez-vous-pedagogiques-automatique,0,0,0,0,0,0,0,0,0
2026-05-14,checkout/pack-permis-complet-boite-automatique-sans-code-et-reussite-conduite-plus,0,0,0,0,0,0,0,0,0
2026-05-14,checkout/pack-permis-complet-et-reussite-code-plus,0,0,0,0,0,0,0,0,0
2026-05-14,checkout/pack-permis-casa-nord-france,0,0,0,0,0,0,0,0,0
2026-05-14,checkout/pack-permis-complet-boite-automatique-et-reussite-code-plus,0,0,0,0,0,0,0,0,0
2026-05-14,checkout/rendez-vous-pedagogiques,0,0,0,0,0,0,0,0,0
2026-05-14,checkout/pack-permis-complet-boite-automatique-sans-code-et-reussite-conduite-plus-lead,0,0,0,0,0,0,0,0,0
2026-05-14,checkout/pack-permis-boite-automatique-casa-nord-france,0,0,0,0,0,0,0,0,0
2026-05-14,emailcrm&utm_medium=email&utm_source=crm&utm_campaign=3b74f603-2f61-4df1-9869-4dff5e11d8e9,0,0,0,0,0,0,0,0,0
2026-05-14,permis_widget,0,0,0,0,0,0,0,0,0
2026-05-15,shop,162,134,133,116,32,99.3,87.2,23.9,27.6
2026-05-15,unknown,33,33,33,21,8,100.0,63.6,24.2,38.1
2026-05-15,product/pack-permis-complet,28,22,22,17,4,100.0,77.3,18.2,23.5
2026-05-15,product/pack-permis-complet-sans-code,18,15,15,9,5,100.0,60.0,33.3,55.6
2026-05-15,product/pack-permis-complet-sans-code-lead,25,20,20,15,5,100.0,75.0,25.0,33.3
2026-05-15,product/pack-permis-complet-revolut,22,21,21,14,3,100.0,66.7,14.3,21.4
2026-05-15,product/pack-permis-complet-boite-automatique,7,7,7,6,1,100.0,85.7,14.3,16.7
2026-05-15,emailcrm,9,9,9,7,4,100.0,77.8,44.4,57.1
2026-05-15,product/pack-permis-complet-boite-automatique-sans-code,5,5,5,4,1,100.0,80.0,20.0,25.0
2026-05-15,product/pack-permis-complet-boite-automatique-sans-code-lead,9,8,8,5,1,100.0,62.5,12.5,20.0
2026-05-15,product/pack-5h,12,12,12,8,1,100.0,66.7,8.3,12.5
2026-05-15,product/pack-10h,11,10,10,6,0,100.0,60.0,0.0,0.0
2026-05-15,product/conduite-accompagnee-first,5,5,5,4,2,100.0,80.0,40.0,50.0
2026-05-15,product/pack-20h,9,7,7,6,0,100.0,85.7,0.0,0.0
2026-05-15,product/pack-permis-complet-boite-automatique-revolut,14,10,10,10,2,100.0,100.0,20.0,20.0
2026-05-15,emailcrmheader,9,9,8,5,0,88.9,62.5,0.0,0.0
2026-05-15,product/pack-5h-boite-automatique,2,2,2,2,0,100.0,100.0,0.0,0.0
2026-05-15,product/pack-10h-boite-automatique,4,3,3,3,1,100.0,100.0,33.3,33.3
2026-05-15,checkout/pack-permis-complet,3,3,3,3,1,100.0,100.0,33.3,33.3
2026-05-15,product/conduite-accompagnee-boite-automatique-first,3,3,3,2,1,100.0,66.7,33.3,50.0
2026-05-15,checkout/pack-permis-complet-sans-code,3,3,3,2,1,100.0,66.7,33.3,50.0
2026-05-15,infocards,0,0,0,0,0,0,0,0,0
2026-05-15,checkout/pack-permis-complet-sans-code-lead,2,2,2,2,0,100.0,100.0,0.0,0.0
2026-05-15,checkout/pack-permis-complet-boite-automatique,2,2,2,1,1,100.0,50.0,50.0,100.0
2026-05-15,checkout/pack-permis-complet-revolut,3,3,3,3,1,100.0,100.0,33.3,33.3
2026-05-15,checkout/pack-permis-complet-boite-automatique-sans-code-lead,2,2,2,2,1,100.0,100.0,50.0,50.0
2026-05-15,checkout/pack-5h,0,0,0,0,0,0,0,0,0
2026-05-15,checkout/conduite-accompagnee-first,2,2,2,2,0,100.0,100.0,0.0,0.0
2026-05-15,checkout/pack-permis-complet-boite-automatique-sans-code,1,1,1,1,1,100.0,100.0,100.0,100.0
2026-05-15,checkout/pack-5h-boite-automatique,1,1,1,1,0,100.0,100.0,0.0,0.0
2026-05-15,product/rendez-vous-pedagogiques,2,1,1,1,0,100.0,100.0,0.0,0.0
2026-05-15,checkout/pack-10h,0,0,0,0,0,0,0,0,0
2026-05-15,checkout/pack-permis-complet-boite-automatique-revolut,1,1,1,1,0,100.0,100.0,0.0,0.0
2026-05-15,chatbot_support,0,0,0,0,0,0,0,0,0
2026-05-15,product/pack-permis-casa-nord-france,0,0,0,0,0,0,0,0,0
2026-05-15,home_widget,1,1,1,1,0,100.0,100.0,0.0,0.0
2026-05-15,checkout/pack-10h-boite-automatique,1,1,1,0,0,100.0,0.0,0.0,0
2026-05-15,checkout/pack-20h,0,0,0,0,0,0,0,0,0
2026-05-15,checkout/conduite-accompagnee-boite-automatique-first,0,0,0,0,0,0,0,0,0
2026-05-15,product/pack-permis-boite-automatique-casa-nord-france,0,0,0,0,0,0,0,0,0
2026-05-15,product/rendez-vous-pedagogiques-automatique,2,1,1,1,0,100.0,100.0,0.0,0.0
2026-05-15,checkout/pack-permis-complet-boite-automatique-sans-code-et-reussite-conduite-plus,0,0,0,0,0,0,0,0,0
2026-05-15,checkout/pack-permis-complet-et-reussite-code-plus,0,0,0,0,0,0,0,0,0
2026-05-15,checkout/pack-permis-casa-nord-france,0,0,0,0,0,0,0,0,0
2026-05-15,checkout/pack-permis-complet-boite-automatique-et-reussite-code-plus,0,0,0,0,0,0,0,0,0
2026-05-15,checkout/rendez-vous-pedagogiques,0,0,0,0,0,0,0,0,0
2026-05-15,checkout/pack-permis-complet-boite-automatique-sans-code-et-reussite-conduite-plus-lead,0,0,0,0,0,0,0,0,0
2026-05-15,checkout/pack-permis-boite-automatique-casa-nord-france,0,0,0,0,0,0,0,0,0
2026-05-15,emailcrm&utm_medium=email&utm_source=crm&utm_campaign=3b74f603-2f61-4df1-9869-4dff5e11d8e9,0,0,0,0,0,0,0,0,0
2026-05-15,permis_widget,0,0,0,0,0,0,0,0,0
2026-05-16,shop,80,55,54,46,12,98.2,85.2,21.8,26.1
2026-05-16,unknown,5,5,5,4,1,100.0,80.0,20.0,25.0
2026-05-16,product/pack-permis-complet,6,6,6,4,1,100.0,66.7,16.7,25.0
2026-05-16,product/pack-permis-complet-sans-code,5,4,4,2,2,100.0,50.0,50.0,100.0
2026-05-16,product/pack-permis-complet-sans-code-lead,3,3,3,3,2,100.0,100.0,66.7,66.7
2026-05-16,product/pack-permis-complet-revolut,9,7,7,7,3,100.0,100.0,42.9,42.9
2026-05-16,product/pack-permis-complet-boite-automatique,4,3,3,3,2,100.0,100.0,66.7,66.7
2026-05-16,emailcrm,5,5,5,2,1,100.0,40.0,20.0,50.0
2026-05-16,product/pack-permis-complet-boite-automatique-sans-code,3,3,3,2,2,100.0,66.7,66.7,100.0
2026-05-16,product/pack-permis-complet-boite-automatique-sans-code-lead,1,1,1,0,0,100.0,0.0,0.0,0
2026-05-16,product/pack-5h,3,3,3,1,1,100.0,33.3,33.3,100.0
2026-05-16,product/pack-10h,4,2,2,2,1,100.0,100.0,50.0,50.0
2026-05-16,product/conduite-accompagnee-first,5,4,4,4,1,100.0,100.0,25.0,25.0
2026-05-16,product/pack-20h,6,5,5,4,0,100.0,80.0,0.0,0.0
2026-05-16,product/pack-permis-complet-boite-automatique-revolut,4,1,1,1,0,100.0,100.0,0.0,0.0
2026-05-16,emailcrmheader,3,3,3,2,0,100.0,66.7,0.0,0.0
2026-05-16,product/pack-5h-boite-automatique,2,2,2,1,1,100.0,50.0,50.0,100.0
2026-05-16,product/pack-10h-boite-automatique,0,0,0,0,0,0,0,0,0
2026-05-16,checkout/pack-permis-complet,0,0,0,0,0,0,0,0,0
2026-05-16,product/conduite-accompagnee-boite-automatique-first,1,1,0,0,0,0.0,0,0.0,0
2026-05-16,checkout/pack-permis-complet-sans-code,1,1,1,1,1,100.0,100.0,100.0,100.0
2026-05-16,infocards,0,0,0,0,0,0,0,0,0
2026-05-16,checkout/pack-permis-complet-sans-code-lead,0,0,0,0,0,0,0,0,0
2026-05-16,checkout/pack-permis-complet-boite-automatique,0,0,0,0,0,0,0,0,0
2026-05-16,checkout/pack-permis-complet-revolut,3,3,3,2,1,100.0,66.7,33.3,50.0
2026-05-16,checkout/pack-permis-complet-boite-automatique-sans-code-lead,0,0,0,0,0,0,0,0,0
2026-05-16,checkout/pack-5h,1,1,1,0,0,100.0,0.0,0.0,0
2026-05-16,checkout/conduite-accompagnee-first,0,0,0,0,0,0,0,0,0
2026-05-16,checkout/pack-permis-complet-boite-automatique-sans-code,0,0,0,0,0,0,0,0,0
2026-05-16,checkout/pack-5h-boite-automatique,0,0,0,0,0,0,0,0,0
2026-05-16,product/rendez-vous-pedagogiques,1,1,1,0,0,100.0,0.0,0.0,0
2026-05-16,checkout/pack-10h,2,2,2,1,1,100.0,50.0,50.0,100.0
2026-05-16,checkout/pack-permis-complet-boite-automatique-revolut,0,0,0,0,0,0,0,0,0
2026-05-16,chatbot_support,0,0,0,0,0,0,0,0,0
2026-05-16,product/pack-permis-casa-nord-france,0,0,0,0,0,0,0,0,0
2026-05-16,home_widget,0,0,0,0,0,0,0,0,0
2026-05-16,checkout/pack-10h-boite-automatique,0,0,0,0,0,0,0,0,0
2026-05-16,checkout/pack-20h,0,0,0,0,0,0,0,0,0
2026-05-16,checkout/conduite-accompagnee-boite-automatique-first,0,0,0,0,0,0,0,0,0
2026-05-16,product/pack-permis-boite-automatique-casa-nord-france,0,0,0,0,0,0,0,0,0
2026-05-16,product/rendez-vous-pedagogiques-automatique,0,0,0,0,0,0,0,0,0
2026-05-16,checkout/pack-permis-complet-boite-automatique-sans-code-et-reussite-conduite-plus,0,0,0,0,0,0,0,0,0
2026-05-16,checkout/pack-permis-complet-et-reussite-code-plus,0,0,0,0,0,0,0,0,0
2026-05-16,checkout/pack-permis-casa-nord-france,0,0,0,0,0,0,0,0,0
2026-05-16,checkout/pack-permis-complet-boite-automatique-et-reussite-code-plus,0,0,0,0,0,0,0,0,0
2026-05-16,checkout/rendez-vous-pedagogiques,0,0,0,0,0,0,0,0,0
2026-05-16,checkout/pack-permis-complet-boite-automatique-sans-code-et-reussite-conduite-plus-lead,0,0,0,0,0,0,0,0,0
2026-05-16,checkout/pack-permis-boite-automatique-casa-nord-france,0,0,0,0,0,0,0,0,0
2026-05-16,emailcrm&utm_medium=email&utm_source=crm&utm_campaign=3b74f603-2f61-4df1-9869-4dff5e11d8e9,0,0,0,0,0,0,0,0,0
2026-05-16,permis_widget,0,0,0,0,0,0,0,0,0
2026-05-17,shop,0,0,0,0,0,0,0,0,0
2026-05-17,unknown,0,0,0,0,0,0,0,0,0
2026-05-17,product/pack-permis-complet,0,0,0,0,0,0,0,0,0
2026-05-17,product/pack-permis-complet-sans-code,0,0,0,0,0,0,0,0,0
2026-05-17,product/pack-permis-complet-sans-code-lead,0,0,0,0,0,0,0,0,0
2026-05-17,product/pack-permis-complet-revolut,0,0,0,0,0,0,0,0,0
2026-05-17,product/pack-permis-complet-boite-automatique,0,0,0,0,0,0,0,0,0
2026-05-17,emailcrm,0,0,0,0,0,0,0,0,0
2026-05-17,product/pack-permis-complet-boite-automatique-sans-code,0,0,0,0,0,0,0,0,0
2026-05-17,product/pack-permis-complet-boite-automatique-sans-code-lead,0,0,0,0,0,0,0,0,0
2026-05-17,product/pack-5h,0,0,0,0,0,0,0,0,0
2026-05-17,product/pack-10h,0,0,0,0,0,0,0,0,0
2026-05-17,product/conduite-accompagnee-first,0,0,0,0,0,0,0,0,0
2026-05-17,product/pack-20h,0,0,0,0,0,0,0,0,0
2026-05-17,product/pack-permis-complet-boite-automatique-revolut,0,0,0,0,0,0,0,0,0
2026-05-17,emailcrmheader,0,0,0,0,0,0,0,0,0
2026-05-17,product/pack-5h-boite-automatique,0,0,0,0,0,0,0,0,0
2026-05-17,product/pack-10h-boite-automatique,0,0,0,0,0,0,0,0,0
2026-05-17,checkout/pack-permis-complet,0,0,0,0,0,0,0,0,0
2026-05-17,product/conduite-accompagnee-boite-automatique-first,0,0,0,0,0,0,0,0,0
2026-05-17,checkout/pack-permis-complet-sans-code,0,0,0,0,0,0,0,0,0
2026-05-17,infocards,0,0,0,0,0,0,0,0,0
2026-05-17,checkout/pack-permis-complet-sans-code-lead,0,0,0,0,0,0,0,0,0
2026-05-17,checkout/pack-permis-complet-boite-automatique,0,0,0,0,0,0,0,0,0
2026-05-17,checkout/pack-permis-complet-revolut,0,0,0,0,0,0,0,0,0
2026-05-17,checkout/pack-permis-complet-boite-automatique-sans-code-lead,0,0,0,0,0,0,0,0,0
2026-05-17,checkout/pack-5h,0,0,0,0,0,0,0,0,0
2026-05-17,checkout/conduite-accompagnee-first,0,0,0,0,0,0,0,0,0
2026-05-17,checkout/pack-permis-complet-boite-automatique-sans-code,0,0,0,0,0,0,0,0,0
2026-05-17,checkout/pack-5h-boite-automatique,0,0,0,0,0,0,0,0,0
2026-05-17,product/rendez-vous-pedagogiques,0,0,0,0,0,0,0,0,0
2026-05-17,checkout/pack-10h,0,0,0,0,0,0,0,0,0
2026-05-17,checkout/pack-permis-complet-boite-automatique-revolut,0,0,0,0,0,0,0,0,0
2026-05-17,chatbot_support,0,0,0,0,0,0,0,0,0
2026-05-17,product/pack-permis-casa-nord-france,0,0,0,0,0,0,0,0,0
2026-05-17,home_widget,0,0,0,0,0,0,0,0,0
2026-05-17,checkout/pack-10h-boite-automatique,0,0,0,0,0,0,0,0,0
2026-05-17,checkout/pack-20h,0,0,0,0,0,0,0,0,0
2026-05-17,checkout/conduite-accompagnee-boite-automatique-first,0,0,0,0,0,0,0,0,0
2026-05-17,product/pack-permis-boite-automatique-casa-nord-france,0,0,0,0,0,0,0,0,0
2026-05-17,product/rendez-vous-pedagogiques-automatique,0,0,0,0,0,0,0,0,0
2026-05-17,checkout/pack-permis-complet-boite-automatique-sans-code-et-reussite-conduite-plus,0,0,0,0,0,0,0,0,0
2026-05-17,checkout/pack-permis-complet-et-reussite-code-plus,0,0,0,0,0,0,0,0,0
2026-05-17,checkout/pack-permis-casa-nord-france,0,0,0,0,0,0,0,0,0
2026-05-17,checkout/pack-permis-complet-boite-automatique-et-reussite-code-plus,0,0,0,0,0,0,0,0,0
2026-05-17,checkout/rendez-vous-pedagogiques,0,0,0,0,0,0,0,0,0
2026-05-17,checkout/pack-permis-complet-boite-automatique-sans-code-et-reussite-conduite-plus-lead,0,0,0,0,0,0,0,0,0
2026-05-17,checkout/pack-permis-boite-automatique-casa-nord-france,0,0,0,0,0,0,0,0,0
2026-05-17,emailcrm&utm_medium=email&utm_source=crm&utm_campaign=3b74f603-2f61-4df1-9869-4dff5e11d8e9,0,0,0,0,0,0,0,0,0
2026-05-17,permis_widget,0,0,0,0,0,0,0,0,0
2026-05-18,shop,139,118,117,98,32,99.2,83.8,27.1,32.7
2026-05-18,unknown,35,34,34,26,4,100.0,76.5,11.8,15.4
2026-05-18,product/pack-permis-complet,19,15,15,11,4,100.0,73.3,26.7,36.4
2026-05-18,product/pack-permis-complet-sans-code,10,9,9,8,2,100.0,88.9,22.2,25.0
2026-05-18,product/pack-permis-complet-sans-code-lead,22,21,21,19,9,100.0,90.5,42.9,47.4
2026-05-18,product/pack-permis-complet-revolut,20,18,18,15,1,100.0,83.3,5.6,6.7
2026-05-18,product/pack-permis-complet-boite-automatique,15,14,14,11,6,100.0,78.6,42.9,54.5
2026-05-18,emailcrm,19,16,16,13,3,100.0,81.2,18.8,23.1
2026-05-18,product/pack-permis-complet-boite-automatique-sans-code,11,10,10,7,3,100.0,70.0,30.0,42.9
2026-05-18,product/pack-permis-complet-boite-automatique-sans-code-lead,18,16,16,14,8,100.0,87.5,50.0,57.1
2026-05-18,product/pack-5h,8,8,6,5,1,75.0,83.3,12.5,20.0
2026-05-18,product/pack-10h,0,0,0,0,0,0,0,0,0
2026-05-18,product/conduite-accompagnee-first,15,14,14,11,0,100.0,78.6,0.0,0.0
2026-05-18,product/pack-20h,13,10,10,8,0,100.0,80.0,0.0,0.0
2026-05-18,product/pack-permis-complet-boite-automatique-revolut,12,12,12,9,0,100.0,75.0,0.0,0.0
2026-05-18,emailcrmheader,5,5,4,3,2,80.0,75.0,40.0,66.7
2026-05-18,product/pack-5h-boite-automatique,3,2,2,1,1,100.0,50.0,50.0,100.0
2026-05-18,product/pack-10h-boite-automatique,2,2,2,2,0,100.0,100.0,0.0,0.0
2026-05-18,checkout/pack-permis-complet,3,3,3,3,1,100.0,100.0,33.3,33.3
2026-05-18,product/conduite-accompagnee-boite-automatique-first,4,3,3,2,1,100.0,66.7,33.3,50.0
2026-05-18,checkout/pack-permis-complet-sans-code,1,1,1,1,0,100.0,100.0,0.0,0.0
2026-05-18,infocards,0,0,0,0,0,0,0,0,0
2026-05-18,checkout/pack-permis-complet-sans-code-lead,1,1,1,1,0,100.0,100.0,0.0,0.0
2026-05-18,checkout/pack-permis-complet-boite-automatique,0,0,0,0,0,0,0,0,0
2026-05-18,checkout/pack-permis-complet-revolut,5,5,5,5,3,100.0,100.0,60.0,60.0
2026-05-18,checkout/pack-permis-complet-boite-automatique-sans-code-lead,2,2,1,1,0,50.0,100.0,0.0,0.0
2026-05-18,checkout/pack-5h,2,2,2,1,0,100.0,50.0,0.0,0.0
2026-05-18,checkout/conduite-accompagnee-first,1,1,1,0,0,100.0,0.0,0.0,0
2026-05-18,checkout/pack-permis-complet-boite-automatique-sans-code,2,2,2,2,1,100.0,100.0,50.0,50.0
2026-05-18,checkout/pack-5h-boite-automatique,2,2,2,0,0,100.0,0.0,0.0,0
2026-05-18,product/rendez-vous-pedagogiques,2,2,2,1,0,100.0,50.0,0.0,0.0
2026-05-18,checkout/pack-10h,1,1,1,1,0,100.0,100.0,0.0,0.0
2026-05-18,checkout/pack-permis-complet-boite-automatique-revolut,0,0,0,0,0,0,0,0,0
2026-05-18,chatbot_support,0,0,0,0,0,0,0,0,0
2026-05-18,product/pack-permis-casa-nord-france,0,0,0,0,0,0,0,0,0
2026-05-18,home_widget,0,0,0,0,0,0,0,0,0
2026-05-18,checkout/pack-10h-boite-automatique,1,1,1,1,0,100.0,100.0,0.0,0.0
2026-05-18,checkout/pack-20h,0,0,0,0,0,0,0,0,0
2026-05-18,checkout/conduite-accompagnee-boite-automatique-first,0,0,0,0,0,0,0,0,0
2026-05-18,product/pack-permis-boite-automatique-casa-nord-france,0,0,0,0,0,0,0,0,0
2026-05-18,product/rendez-vous-pedagogiques-automatique,1,1,1,1,0,100.0,100.0,0.0,0.0
2026-05-18,checkout/pack-permis-complet-boite-automatique-sans-code-et-reussite-conduite-plus,0,0,0,0,0,0,0,0,0
2026-05-18,checkout/pack-permis-complet-et-reussite-code-plus,0,0,0,0,0,0,0,0,0
2026-05-18,checkout/pack-permis-casa-nord-france,0,0,0,0,0,0,0,0,0
2026-05-18,checkout/pack-permis-complet-boite-automatique-et-reussite-code-plus,0,0,0,0,0,0,0,0,0
2026-05-18,checkout/rendez-vous-pedagogiques,0,0,0,0,0,0,0,0,0
2026-05-18,checkout/pack-permis-complet-boite-automatique-sans-code-et-reussite-conduite-plus-lead,0,0,0,0,0,0,0,0,0
2026-05-18,checkout/pack-permis-boite-automatique-casa-nord-france,0,0,0,0,0,0,0,0,0
2026-05-18,emailcrm&utm_medium=email&utm_source=crm&utm_campaign=3b74f603-2f61-4df1-9869-4dff5e11d8e9,0,0,0,0,0,0,0,0,0
2026-05-18,permis_widget,0,0,0,0,0,0,0,0,0
2026-05-19,shop,105,95,95,77,29,100.0,81.1,30.5,37.7
2026-05-19,unknown,84,78,78,61,11,100.0,78.2,14.1,18.0
2026-05-19,product/pack-permis-complet,17,16,16,14,4,100.0,87.5,25.0,28.6
2026-05-19,product/pack-permis-complet-sans-code,16,16,16,14,7,100.0,87.5,43.8,50.0
2026-05-19,product/pack-permis-complet-sans-code-lead,11,11,11,10,5,100.0,90.9,45.5,50.0
2026-05-19,product/pack-permis-complet-revolut,22,22,21,15,3,95.5,71.4,13.6,20.0
2026-05-19,product/pack-permis-complet-boite-automatique,8,7,7,7,1,100.0,100.0,14.3,14.3
2026-05-19,emailcrm,7,6,6,6,3,100.0,100.0,50.0,50.0
2026-05-19,product/pack-permis-complet-boite-automatique-sans-code,5,5,5,3,1,100.0,60.0,20.0,33.3
2026-05-19,product/pack-permis-complet-boite-automatique-sans-code-lead,2,2,2,2,2,100.0,100.0,100.0,100.0
2026-05-19,product/pack-5h,10,10,10,8,0,100.0,80.0,0.0,0.0
2026-05-19,product/pack-10h,6,6,6,4,2,100.0,66.7,33.3,50.0
2026-05-19,product/conduite-accompagnee-first,2,2,1,0,0,50.0,0.0,0.0,0
2026-05-19,product/pack-20h,18,13,13,13,0,100.0,100.0,0.0,0.0
2026-05-19,product/pack-permis-complet-boite-automatique-revolut,3,3,3,2,0,100.0,66.7,0.0,0.0
2026-05-19,emailcrmheader,2,2,2,2,0,100.0,100.0,0.0,0.0
2026-05-19,product/pack-5h-boite-automatique,2,2,2,1,0,100.0,50.0,0.0,0.0
2026-05-19,product/pack-10h-boite-automatique,2,2,1,1,0,50.0,100.0,0.0,0.0
2026-05-19,checkout/pack-permis-complet,1,1,1,1,0,100.0,100.0,0.0,0.0
2026-05-19,product/conduite-accompagnee-boite-automatique-first,1,1,1,1,0,100.0,100.0,0.0,0.0
2026-05-19,checkout/pack-permis-complet-sans-code,1,1,1,0,0,100.0,0.0,0.0,0
2026-05-19,infocards,0,0,0,0,0,0,0,0,0
2026-05-19,checkout/pack-permis-complet-sans-code-lead,3,3,3,3,3,100.0,100.0,100.0,100.0
2026-05-19,checkout/pack-permis-complet-boite-automatique,0,0,0,0,0,0,0,0,0
2026-05-19,checkout/pack-permis-complet-revolut,0,0,0,0,0,0,0,0,0
2026-05-19,checkout/pack-permis-complet-boite-automatique-sans-code-lead,0,0,0,0,0,0,0,0,0
2026-05-19,checkout/pack-5h,0,0,0,0,0,0,0,0,0
2026-05-19,checkout/conduite-accompagnee-first,2,1,0,0,0,0.0,0,0.0,0
2026-05-19,checkout/pack-permis-complet-boite-automatique-sans-code,0,0,0,0,0,0,0,0,0
2026-05-19,checkout/pack-5h-boite-automatique,1,1,1,0,0,100.0,0.0,0.0,0
2026-05-19,product/rendez-vous-pedagogiques,2,1,1,1,0,100.0,100.0,0.0,0.0
2026-05-19,checkout/pack-10h,0,0,0,0,0,0,0,0,0
2026-05-19,checkout/pack-permis-complet-boite-automatique-revolut,0,0,0,0,0,0,0,0,0
2026-05-19,chatbot_support,0,0,0,0,0,0,0,0,0
2026-05-19,product/pack-permis-casa-nord-france,0,0,0,0,0,0,0,0,0
2026-05-19,home_widget,0,0,0,0,0,0,0,0,0
2026-05-19,checkout/pack-10h-boite-automatique,0,0,0,0,0,0,0,0,0
2026-05-19,checkout/pack-20h,1,1,1,0,0,100.0,0.0,0.0,0
2026-05-19,checkout/conduite-accompagnee-boite-automatique-first,0,0,0,0,0,0,0,0,0
2026-05-19,product/pack-permis-boite-automatique-casa-nord-france,0,0,0,0,0,0,0,0,0
2026-05-19,product/rendez-vous-pedagogiques-automatique,0,0,0,0,0,0,0,0,0
2026-05-19,checkout/pack-permis-complet-boite-automatique-sans-code-et-reussite-conduite-plus,0,0,0,0,0,0,0,0,0
2026-05-19,checkout/pack-permis-complet-et-reussite-code-plus,0,0,0,0,0,0,0,0,0
2026-05-19,checkout/pack-permis-casa-nord-france,0,0,0,0,0,0,0,0,0
2026-05-19,checkout/pack-permis-complet-boite-automatique-et-reussite-code-plus,0,0,0,0,0,0,0,0,0
2026-05-19,checkout/rendez-vous-pedagogiques,0,0,0,0,0,0,0,0,0
2026-05-19,checkout/pack-permis-complet-boite-automatique-sans-code-et-reussite-conduite-plus-lead,0,0,0,0,0,0,0,0,0
2026-05-19,checkout/pack-permis-boite-automatique-casa-nord-france,0,0,0,0,0,0,0,0,0
2026-05-19,emailcrm&utm_medium=email&utm_source=crm&utm_campaign=3b74f603-2f61-4df1-9869-4dff5e11d8e9,0,0,0,0,0,0,0,0,0
2026-05-19,permis_widget,0,0,0,0,0,0,0,0,0
2026-05-20,shop,100,84,81,75,21,96.4,92.6,25.0,28.0
2026-05-20,unknown,111,99,95,78,11,96.0,82.1,11.1,14.1
2026-05-20,product/pack-permis-complet,20,19,19,14,3,100.0,73.7,15.8,21.4
2026-05-20,product/pack-permis-complet-sans-code,17,16,14,12,4,87.5,85.7,25.0,33.3
2026-05-20,product/pack-permis-complet-sans-code-lead,18,12,12,8,1,100.0,66.7,8.3,12.5
2026-05-20,product/pack-permis-complet-revolut,20,19,18,12,3,94.7,66.7,15.8,25.0
2026-05-20,product/pack-permis-complet-boite-automatique,3,3,3,2,2,100.0,66.7,66.7,100.0
2026-05-20,emailcrm,6,6,6,3,1,100.0,50.0,16.7,33.3
2026-05-20,product/pack-permis-complet-boite-automatique-sans-code,5,5,5,5,1,100.0,100.0,20.0,20.0
2026-05-20,product/pack-permis-complet-boite-automatique-sans-code-lead,5,4,4,3,2,100.0,75.0,50.0,66.7
2026-05-20,product/pack-5h,8,7,6,5,1,85.7,83.3,14.3,20.0
2026-05-20,product/pack-10h,4,4,4,4,0,100.0,100.0,0.0,0.0
2026-05-20,product/conduite-accompagnee-first,4,4,4,4,1,100.0,100.0,25.0,25.0
2026-05-20,product/pack-20h,16,12,12,10,0,100.0,83.3,0.0,0.0
2026-05-20,product/pack-permis-complet-boite-automatique-revolut,13,12,11,10,3,91.7,90.9,25.0,30.0
2026-05-20,emailcrmheader,9,8,8,8,1,100.0,100.0,12.5,12.5
2026-05-20,product/pack-5h-boite-automatique,3,3,3,3,2,100.0,100.0,66.7,66.7
2026-05-20,product/pack-10h-boite-automatique,3,3,3,0,0,100.0,0.0,0.0,0
2026-05-20,checkout/pack-permis-complet,1,1,1,0,0,100.0,0.0,0.0,0
2026-05-20,product/conduite-accompagnee-boite-automatique-first,0,0,0,0,0,0,0,0,0
2026-05-20,checkout/pack-permis-complet-sans-code,1,1,1,1,0,100.0,100.0,0.0,0.0
2026-05-20,infocards,0,0,0,0,0,0,0,0,0
2026-05-20,checkout/pack-permis-complet-sans-code-lead,4,4,4,2,1,100.0,50.0,25.0,50.0
2026-05-20,checkout/pack-permis-complet-boite-automatique,0,0,0,0,0,0,0,0,0
2026-05-20,checkout/pack-permis-complet-revolut,2,2,2,2,1,100.0,100.0,50.0,50.0
2026-05-20,checkout/pack-permis-complet-boite-automatique-sans-code-lead,2,2,2,2,2,100.0,100.0,100.0,100.0
2026-05-20,checkout/pack-5h,1,1,1,1,0,100.0,100.0,0.0,0.0
2026-05-20,checkout/conduite-accompagnee-first,0,0,0,0,0,0,0,0,0
2026-05-20,checkout/pack-permis-complet-boite-automatique-sans-code,0,0,0,0,0,0,0,0,0
2026-05-20,checkout/pack-5h-boite-automatique,0,0,0,0,0,0,0,0,0
2026-05-20,product/rendez-vous-pedagogiques,0,0,0,0,0,0,0,0,0
2026-05-20,checkout/pack-10h,0,0,0,0,0,0,0,0,0
2026-05-20,checkout/pack-permis-complet-boite-automatique-revolut,2,2,2,2,0,100.0,100.0,0.0,0.0
2026-05-20,chatbot_support,0,0,0,0,0,0,0,0,0
2026-05-20,product/pack-permis-casa-nord-france,0,0,0,0,0,0,0,0,0
2026-05-20,home_widget,0,0,0,0,0,0,0,0,0
2026-05-20,checkout/pack-10h-boite-automatique,0,0,0,0,0,0,0,0,0
2026-05-20,checkout/pack-20h,2,2,2,1,0,100.0,50.0,0.0,0.0
2026-05-20,checkout/conduite-accompagnee-boite-automatique-first,0,0,0,0,0,0,0,0,0
2026-05-20,product/pack-permis-boite-automatique-casa-nord-france,0,0,0,0,0,0,0,0,0
2026-05-20,product/rendez-vous-pedagogiques-automatique,0,0,0,0,0,0,0,0,0
2026-05-20,checkout/pack-permis-complet-boite-automatique-sans-code-et-reussite-conduite-plus,0,0,0,0,0,0,0,0,0
2026-05-20,checkout/pack-permis-complet-et-reussite-code-plus,0,0,0,0,0,0,0,0,0
2026-05-20,checkout/pack-permis-casa-nord-france,0,0,0,0,0,0,0,0,0
2026-05-20,checkout/pack-permis-complet-boite-automatique-et-reussite-code-plus,0,0,0,0,0,0,0,0,0
2026-05-20,checkout/rendez-vous-pedagogiques,0,0,0,0,0,0,0,0,0
2026-05-20,checkout/pack-permis-complet-boite-automatique-sans-code-et-reussite-conduite-plus-lead,0,0,0,0,0,0,0,0,0
2026-05-20,checkout/pack-permis-boite-automatique-casa-nord-france,0,0,0,0,0,0,0,0,0
2026-05-20,emailcrm&utm_medium=email&utm_source=crm&utm_campaign=3b74f603-2f61-4df1-9869-4dff5e11d8e9,0,0,0,0,0,0,0,0,0
2026-05-20,permis_widget,0,0,0,0,0,0,0,0,0
2026-05-21,shop,86,70,67,57,18,95.7,85.1,25.7,31.6
2026-05-21,unknown,119,97,96,78,15,99.0,81.2,15.5,19.2
2026-05-21,product/pack-permis-complet,18,16,16,15,4,100.0,93.8,25.0,26.7
2026-05-21,product/pack-permis-complet-sans-code,11,11,10,8,5,90.9,80.0,45.5,62.5
2026-05-21,product/pack-permis-complet-sans-code-lead,13,8,8,6,3,100.0,75.0,37.5,50.0
2026-05-21,product/pack-permis-complet-revolut,18,18,18,17,4,100.0,94.4,22.2,23.5
2026-05-21,product/pack-permis-complet-boite-automatique,1,1,1,1,0,100.0,100.0,0.0,0.0
2026-05-21,emailcrm,3,2,2,2,0,100.0,100.0,0.0,0.0
2026-05-21,product/pack-permis-complet-boite-automatique-sans-code,9,6,6,5,2,100.0,83.3,33.3,40.0
2026-05-21,product/pack-permis-complet-boite-automatique-sans-code-lead,2,2,2,2,1,100.0,100.0,50.0,50.0
2026-05-21,product/pack-5h,8,8,7,5,2,87.5,71.4,25.0,40.0
2026-05-21,product/pack-10h,4,4,4,4,2,100.0,100.0,50.0,50.0
2026-05-21,product/conduite-accompagnee-first,7,7,7,6,4,100.0,85.7,57.1,66.7
2026-05-21,product/pack-20h,6,5,5,4,0,100.0,80.0,0.0,0.0
2026-05-21,product/pack-permis-complet-boite-automatique-revolut,8,8,8,6,1,100.0,75.0,12.5,16.7
2026-05-21,emailcrmheader,8,7,7,7,1,100.0,100.0,14.3,14.3
2026-05-21,product/pack-5h-boite-automatique,1,1,1,0,0,100.0,0.0,0.0,0
2026-05-21,product/pack-10h-boite-automatique,4,4,4,4,0,100.0,100.0,0.0,0.0
2026-05-21,checkout/pack-permis-complet,1,1,1,1,1,100.0,100.0,100.0,100.0
2026-05-21,product/conduite-accompagnee-boite-automatique-first,2,2,2,1,0,100.0,50.0,0.0,0.0
2026-05-21,checkout/pack-permis-complet-sans-code,0,0,0,0,0,0,0,0,0
2026-05-21,infocards,0,0,0,0,0,0,0,0,0
2026-05-21,checkout/pack-permis-complet-sans-code-lead,1,1,1,1,1,100.0,100.0,100.0,100.0
2026-05-21,checkout/pack-permis-complet-boite-automatique,1,1,1,1,1,100.0,100.0,100.0,100.0
2026-05-21,checkout/pack-permis-complet-revolut,1,1,1,1,1,100.0,100.0,100.0,100.0
2026-05-21,checkout/pack-permis-complet-boite-automatique-sans-code-lead,0,0,0,0,0,0,0,0,0
2026-05-21,checkout/pack-5h,2,2,2,1,0,100.0,50.0,0.0,0.0
2026-05-21,checkout/conduite-accompagnee-first,1,1,1,1,0,100.0,100.0,0.0,0.0
2026-05-21,checkout/pack-permis-complet-boite-automatique-sans-code,1,1,0,0,0,0.0,0,0.0,0
2026-05-21,checkout/pack-5h-boite-automatique,1,1,1,0,0,100.0,0.0,0.0,0
2026-05-21,product/rendez-vous-pedagogiques,0,0,0,0,0,0,0,0,0
2026-05-21,checkout/pack-10h,0,0,0,0,0,0,0,0,0
2026-05-21,checkout/pack-permis-complet-boite-automatique-revolut,1,1,1,0,0,100.0,0.0,0.0,0
2026-05-21,chatbot_support,0,0,0,0,0,0,0,0,0
2026-05-21,product/pack-permis-casa-nord-france,0,0,0,0,0,0,0,0,0
2026-05-21,home_widget,0,0,0,0,0,0,0,0,0
2026-05-21,checkout/pack-10h-boite-automatique,0,0,0,0,0,0,0,0,0
2026-05-21,checkout/pack-20h,1,1,1,0,0,100.0,0.0,0.0,0
2026-05-21,checkout/conduite-accompagnee-boite-automatique-first,1,1,1,0,0,100.0,0.0,0.0,0
2026-05-21,product/pack-permis-boite-automatique-casa-nord-france,0,0,0,0,0,0,0,0,0
2026-05-21,product/rendez-vous-pedagogiques-automatique,0,0,0,0,0,0,0,0,0
2026-05-21,checkout/pack-permis-complet-boite-automatique-sans-code-et-reussite-conduite-plus,0,0,0,0,0,0,0,0,0
2026-05-21,checkout/pack-permis-complet-et-reussite-code-plus,0,0,0,0,0,0,0,0,0
2026-05-21,checkout/pack-permis-casa-nord-france,0,0,0,0,0,0,0,0,0
2026-05-21,checkout/pack-permis-complet-boite-automatique-et-reussite-code-plus,0,0,0,0,0,0,0,0,0
2026-05-21,checkout/rendez-vous-pedagogiques,0,0,0,0,0,0,0,0,0
2026-05-21,checkout/pack-permis-complet-boite-automatique-sans-code-et-reussite-conduite-plus-lead,0,0,0,0,0,0,0,0,0
2026-05-21,checkout/pack-permis-boite-automatique-casa-nord-france,0,0,0,0,0,0,0,0,0
2026-05-21,emailcrm&utm_medium=email&utm_source=crm&utm_campaign=3b74f603-2f61-4df1-9869-4dff5e11d8e9,0,0,0,0,0,0,0,0,0
2026-05-21,permis_widget,0,0,0,0,0,0,0,0,0
2026-05-22,shop,76,61,61,55,11,100.0,90.2,18.0,20.0
2026-05-22,unknown,115,96,96,83,17,100.0,86.5,17.7,20.5
2026-05-22,product/pack-permis-complet,11,11,11,11,4,100.0,100.0,36.4,36.4
2026-05-22,product/pack-permis-complet-sans-code,15,12,12,10,4,100.0,83.3,33.3,40.0
2026-05-22,product/pack-permis-complet-sans-code-lead,9,9,8,7,4,88.9,87.5,44.4,57.1
2026-05-22,product/pack-permis-complet-revolut,13,13,12,12,2,92.3,100.0,15.4,16.7
2026-05-22,product/pack-permis-complet-boite-automatique,8,7,7,6,2,100.0,85.7,28.6,33.3
2026-05-22,emailcrm,4,4,4,3,0,100.0,75.0,0.0,0.0
2026-05-22,product/pack-permis-complet-boite-automatique-sans-code,4,3,3,1,0,100.0,33.3,0.0,0.0
2026-05-22,product/pack-permis-complet-boite-automatique-sans-code-lead,1,1,1,1,0,100.0,100.0,0.0,0.0
2026-05-22,product/pack-5h,15,10,10,8,2,100.0,80.0,20.0,25.0
2026-05-22,product/pack-10h,3,3,2,2,1,66.7,100.0,33.3,50.0
2026-05-22,product/conduite-accompagnee-first,4,4,4,3,1,100.0,75.0,25.0,33.3
2026-05-22,product/pack-20h,8,4,4,4,0,100.0,100.0,0.0,0.0
2026-05-22,product/pack-permis-complet-boite-automatique-revolut,10,10,10,10,1,100.0,100.0,10.0,10.0
2026-05-22,emailcrmheader,5,4,4,3,0,100.0,75.0,0.0,0.0
2026-05-22,product/pack-5h-boite-automatique,1,1,1,1,0,100.0,100.0,0.0,0.0
2026-05-22,product/pack-10h-boite-automatique,3,2,2,1,1,100.0,50.0,50.0,100.0
2026-05-22,checkout/pack-permis-complet,0,0,0,0,0,0,0,0,0
2026-05-22,product/conduite-accompagnee-boite-automatique-first,2,2,2,1,1,100.0,50.0,50.0,100.0
2026-05-22,checkout/pack-permis-complet-sans-code,1,1,1,1,1,100.0,100.0,100.0,100.0
2026-05-22,infocards,0,0,0,0,0,0,0,0,0
2026-05-22,checkout/pack-permis-complet-sans-code-lead,2,2,2,2,1,100.0,100.0,50.0,50.0
2026-05-22,checkout/pack-permis-complet-boite-automatique,0,0,0,0,0,0,0,0,0
2026-05-22,checkout/pack-permis-complet-revolut,1,1,1,1,1,100.0,100.0,100.0,100.0
2026-05-22,checkout/pack-permis-complet-boite-automatique-sans-code-lead,0,0,0,0,0,0,0,0,0
2026-05-22,checkout/pack-5h,2,2,1,0,0,50.0,0.0,0.0,0
2026-05-22,checkout/conduite-accompagnee-first,1,1,1,1,1,100.0,100.0,100.0,100.0
2026-05-22,checkout/pack-permis-complet-boite-automatique-sans-code,0,0,0,0,0,0,0,0,0
2026-05-22,checkout/pack-5h-boite-automatique,1,1,1,1,0,100.0,100.0,0.0,0.0
2026-05-22,product/rendez-vous-pedagogiques,0,0,0,0,0,0,0,0,0
2026-05-22,checkout/pack-10h,0,0,0,0,0,0,0,0,0
2026-05-22,checkout/pack-permis-complet-boite-automatique-revolut,0,0,0,0,0,0,0,0,0
2026-05-22,chatbot_support,0,0,0,0,0,0,0,0,0
2026-05-22,product/pack-permis-casa-nord-france,0,0,0,0,0,0,0,0,0
2026-05-22,home_widget,0,0,0,0,0,0,0,0,0
2026-05-22,checkout/pack-10h-boite-automatique,0,0,0,0,0,0,0,0,0
2026-05-22,checkout/pack-20h,0,0,0,0,0,0,0,0,0
2026-05-22,checkout/conduite-accompagnee-boite-automatique-first,0,0,0,0,0,0,0,0,0
2026-05-22,product/pack-permis-boite-automatique-casa-nord-france,0,0,0,0,0,0,0,0,0
2026-05-22,product/rendez-vous-pedagogiques-automatique,0,0,0,0,0,0,0,0,0
2026-05-22,checkout/pack-permis-complet-boite-automatique-sans-code-et-reussite-conduite-plus,0,0,0,0,0,0,0,0,0
2026-05-22,checkout/pack-permis-complet-et-reussite-code-plus,0,0,0,0,0,0,0,0,0
2026-05-22,checkout/pack-permis-casa-nord-france,0,0,0,0,0,0,0,0,0
2026-05-22,checkout/pack-permis-complet-boite-automatique-et-reussite-code-plus,0,0,0,0,0,0,0,0,0
2026-05-22,checkout/rendez-vous-pedagogiques,0,0,0,0,0,0,0,0,0
2026-05-22,checkout/pack-permis-complet-boite-automatique-sans-code-et-reussite-conduite-plus-lead,0,0,0,0,0,0,0,0,0
2026-05-22,checkout/pack-permis-boite-automatique-casa-nord-france,0,0,0,0,0,0,0,0,0
2026-05-22,emailcrm&utm_medium=email&utm_source=crm&utm_campaign=3b74f603-2f61-4df1-9869-4dff5e11d8e9,0,0,0,0,0,0,0,0,0
2026-05-22,permis_widget,0,0,0,0,0,0,0,0,0
2026-05-23,shop,54,44,42,35,6,95.5,83.3,13.6,17.1
2026-05-23,unknown,73,58,57,44,5,98.3,77.2,8.6,11.4
2026-05-23,product/pack-permis-complet,6,6,6,4,0,100.0,66.7,0.0,0.0
2026-05-23,product/pack-permis-complet-sans-code,4,4,4,4,1,100.0,100.0,25.0,25.0
2026-05-23,product/pack-permis-complet-sans-code-lead,6,6,6,6,2,100.0,100.0,33.3,33.3
2026-05-23,product/pack-permis-complet-revolut,10,10,9,8,4,90.0,88.9,40.0,50.0
2026-05-23,product/pack-permis-complet-boite-automatique,5,5,5,3,1,100.0,60.0,20.0,33.3
2026-05-23,emailcrm,5,5,5,5,2,100.0,100.0,40.0,40.0
2026-05-23,product/pack-permis-complet-boite-automatique-sans-code,4,4,4,2,2,100.0,50.0,50.0,100.0
2026-05-23,product/pack-permis-complet-boite-automatique-sans-code-lead,5,4,4,4,4,100.0,100.0,100.0,100.0
2026-05-23,product/pack-5h,4,4,3,3,0,75.0,100.0,0.0,0.0
2026-05-23,product/pack-10h,4,4,4,2,0,100.0,50.0,0.0,0.0
2026-05-23,product/conduite-accompagnee-first,4,4,4,4,3,100.0,100.0,75.0,75.0
2026-05-23,product/pack-20h,2,2,1,1,0,50.0,100.0,0.0,0.0
2026-05-23,product/pack-permis-complet-boite-automatique-revolut,2,2,2,2,1,100.0,100.0,50.0,50.0
2026-05-23,emailcrmheader,3,3,3,2,1,100.0,66.7,33.3,50.0
2026-05-23,product/pack-5h-boite-automatique,0,0,0,0,0,0,0,0,0
2026-05-23,product/pack-10h-boite-automatique,0,0,0,0,0,0,0,0,0
2026-05-23,checkout/pack-permis-complet,2,1,1,1,1,100.0,100.0,100.0,100.0
2026-05-23,product/conduite-accompagnee-boite-automatique-first,3,2,2,2,2,100.0,100.0,100.0,100.0
2026-05-23,checkout/pack-permis-complet-sans-code,1,1,1,1,1,100.0,100.0,100.0,100.0
2026-05-23,infocards,0,0,0,0,0,0,0,0,0
2026-05-23,checkout/pack-permis-complet-sans-code-lead,2,2,2,2,1,100.0,100.0,50.0,50.0
2026-05-23,checkout/pack-permis-complet-boite-automatique,0,0,0,0,0,0,0,0,0
2026-05-23,checkout/pack-permis-complet-revolut,4,4,4,4,1,100.0,100.0,25.0,25.0
2026-05-23,checkout/pack-permis-complet-boite-automatique-sans-code-lead,1,1,1,1,0,100.0,100.0,0.0,0.0
2026-05-23,checkout/pack-5h,0,0,0,0,0,0,0,0,0
2026-05-23,checkout/conduite-accompagnee-first,0,0,0,0,0,0,0,0,0
2026-05-23,checkout/pack-permis-complet-boite-automatique-sans-code,1,1,1,1,0,100.0,100.0,0.0,0.0
2026-05-23,checkout/pack-5h-boite-automatique,0,0,0,0,0,0,0,0,0
2026-05-23,product/rendez-vous-pedagogiques,0,0,0,0,0,0,0,0,0
2026-05-23,checkout/pack-10h,0,0,0,0,0,0,0,0,0
2026-05-23,checkout/pack-permis-complet-boite-automatique-revolut,0,0,0,0,0,0,0,0,0
2026-05-23,chatbot_support,0,0,0,0,0,0,0,0,0
2026-05-23,product/pack-permis-casa-nord-france,0,0,0,0,0,0,0,0,0
2026-05-23,home_widget,0,0,0,0,0,0,0,0,0
2026-05-23,checkout/pack-10h-boite-automatique,0,0,0,0,0,0,0,0,0
2026-05-23,checkout/pack-20h,0,0,0,0,0,0,0,0,0
2026-05-23,checkout/conduite-accompagnee-boite-automatique-first,0,0,0,0,0,0,0,0,0
2026-05-23,product/pack-permis-boite-automatique-casa-nord-france,0,0,0,0,0,0,0,0,0
2026-05-23,product/rendez-vous-pedagogiques-automatique,0,0,0,0,0,0,0,0,0
2026-05-23,checkout/pack-permis-complet-boite-automatique-sans-code-et-reussite-conduite-plus,0,0,0,0,0,0,0,0,0
2026-05-23,checkout/pack-permis-complet-et-reussite-code-plus,0,0,0,0,0,0,0,0,0
2026-05-23,checkout/pack-permis-casa-nord-france,0,0,0,0,0,0,0,0,0
2026-05-23,checkout/pack-permis-complet-boite-automatique-et-reussite-code-plus,0,0,0,0,0,0,0,0,0
2026-05-23,checkout/rendez-vous-pedagogiques,0,0,0,0,0,0,0,0,0
2026-05-23,checkout/pack-permis-complet-boite-automatique-sans-code-et-reussite-conduite-plus-lead,0,0,0,0,0,0,0,0,0
2026-05-23,checkout/pack-permis-boite-automatique-casa-nord-france,0,0,0,0,0,0,0,0,0
2026-05-23,emailcrm&utm_medium=email&utm_source=crm&utm_campaign=3b74f603-2f61-4df1-9869-4dff5e11d8e9,0,0,0,0,0,0,0,0,0
2026-05-23,permis_widget,0,0,0,0,0,0,0,0,0
2026-05-24,shop,0,0,0,0,0,0,0,0,0
2026-05-24,unknown,0,0,0,0,0,0,0,0,0
2026-05-24,product/pack-permis-complet,0,0,0,0,0,0,0,0,0
2026-05-24,product/pack-permis-complet-sans-code,0,0,0,0,0,0,0,0,0
2026-05-24,product/pack-permis-complet-sans-code-lead,0,0,0,0,0,0,0,0,0
2026-05-24,product/pack-permis-complet-revolut,0,0,0,0,0,0,0,0,0
2026-05-24,product/pack-permis-complet-boite-automatique,0,0,0,0,0,0,0,0,0
2026-05-24,emailcrm,0,0,0,0,0,0,0,0,0
2026-05-24,product/pack-permis-complet-boite-automatique-sans-code,0,0,0,0,0,0,0,0,0
2026-05-24,product/pack-permis-complet-boite-automatique-sans-code-lead,0,0,0,0,0,0,0,0,0
2026-05-24,product/pack-5h,0,0,0,0,0,0,0,0,0
2026-05-24,product/pack-10h,0,0,0,0,0,0,0,0,0
2026-05-24,product/conduite-accompagnee-first,0,0,0,0,0,0,0,0,0
2026-05-24,product/pack-20h,0,0,0,0,0,0,0,0,0
2026-05-24,product/pack-permis-complet-boite-automatique-revolut,0,0,0,0,0,0,0,0,0
2026-05-24,emailcrmheader,0,0,0,0,0,0,0,0,0
2026-05-24,product/pack-5h-boite-automatique,0,0,0,0,0,0,0,0,0
2026-05-24,product/pack-10h-boite-automatique,0,0,0,0,0,0,0,0,0
2026-05-24,checkout/pack-permis-complet,0,0,0,0,0,0,0,0,0
2026-05-24,product/conduite-accompagnee-boite-automatique-first,0,0,0,0,0,0,0,0,0
2026-05-24,checkout/pack-permis-complet-sans-code,0,0,0,0,0,0,0,0,0
2026-05-24,infocards,0,0,0,0,0,0,0,0,0
2026-05-24,checkout/pack-permis-complet-sans-code-lead,0,0,0,0,0,0,0,0,0
2026-05-24,checkout/pack-permis-complet-boite-automatique,0,0,0,0,0,0,0,0,0
2026-05-24,checkout/pack-permis-complet-revolut,0,0,0,0,0,0,0,0,0
2026-05-24,checkout/pack-permis-complet-boite-automatique-sans-code-lead,0,0,0,0,0,0,0,0,0
2026-05-24,checkout/pack-5h,0,0,0,0,0,0,0,0,0
2026-05-24,checkout/conduite-accompagnee-first,0,0,0,0,0,0,0,0,0
2026-05-24,checkout/pack-permis-complet-boite-automatique-sans-code,0,0,0,0,0,0,0,0,0
2026-05-24,checkout/pack-5h-boite-automatique,0,0,0,0,0,0,0,0,0
2026-05-24,product/rendez-vous-pedagogiques,0,0,0,0,0,0,0,0,0
2026-05-24,checkout/pack-10h,0,0,0,0,0,0,0,0,0
2026-05-24,checkout/pack-permis-complet-boite-automatique-revolut,0,0,0,0,0,0,0,0,0
2026-05-24,chatbot_support,0,0,0,0,0,0,0,0,0
2026-05-24,product/pack-permis-casa-nord-france,0,0,0,0,0,0,0,0,0
2026-05-24,home_widget,0,0,0,0,0,0,0,0,0
2026-05-24,checkout/pack-10h-boite-automatique,0,0,0,0,0,0,0,0,0
2026-05-24,checkout/pack-20h,0,0,0,0,0,0,0,0,0
2026-05-24,checkout/conduite-accompagnee-boite-automatique-first,0,0,0,0,0,0,0,0,0
2026-05-24,product/pack-permis-boite-automatique-casa-nord-france,0,0,0,0,0,0,0,0,0
2026-05-24,product/rendez-vous-pedagogiques-automatique,0,0,0,0,0,0,0,0,0
2026-05-24,checkout/pack-permis-complet-boite-automatique-sans-code-et-reussite-conduite-plus,0,0,0,0,0,0,0,0,0
2026-05-24,checkout/pack-permis-complet-et-reussite-code-plus,0,0,0,0,0,0,0,0,0
2026-05-24,checkout/pack-permis-casa-nord-france,0,0,0,0,0,0,0,0,0
2026-05-24,checkout/pack-permis-complet-boite-automatique-et-reussite-code-plus,0,0,0,0,0,0,0,0,0
2026-05-24,checkout/rendez-vous-pedagogiques,0,0,0,0,0,0,0,0,0
2026-05-24,checkout/pack-permis-complet-boite-automatique-sans-code-et-reussite-conduite-plus-lead,0,0,0,0,0,0,0,0,0
2026-05-24,checkout/pack-permis-boite-automatique-casa-nord-france,0,0,0,0,0,0,0,0,0
2026-05-24,emailcrm&utm_medium=email&utm_source=crm&utm_campaign=3b74f603-2f61-4df1-9869-4dff5e11d8e9,0,0,0,0,0,0,0,0,0
2026-05-24,permis_widget,0,0,0,0,0,0,0,0,0
2026-05-25,shop,0,0,0,0,0,0,0,0,0
2026-05-25,unknown,0,0,0,0,0,0,0,0,0
2026-05-25,product/pack-permis-complet,0,0,0,0,0,0,0,0,0
2026-05-25,product/pack-permis-complet-sans-code,0,0,0,0,0,0,0,0,0
2026-05-25,product/pack-permis-complet-sans-code-lead,0,0,0,0,0,0,0,0,0
2026-05-25,product/pack-permis-complet-revolut,0,0,0,0,0,0,0,0,0
2026-05-25,product/pack-permis-complet-boite-automatique,0,0,0,0,0,0,0,0,0
2026-05-25,emailcrm,0,0,0,0,0,0,0,0,0
2026-05-25,product/pack-permis-complet-boite-automatique-sans-code,0,0,0,0,0,0,0,0,0
2026-05-25,product/pack-permis-complet-boite-automatique-sans-code-lead,0,0,0,0,0,0,0,0,0
2026-05-25,product/pack-5h,0,0,0,0,0,0,0,0,0
2026-05-25,product/pack-10h,0,0,0,0,0,0,0,0,0
2026-05-25,product/conduite-accompagnee-first,0,0,0,0,0,0,0,0,0
2026-05-25,product/pack-20h,0,0,0,0,0,0,0,0,0
2026-05-25,product/pack-permis-complet-boite-automatique-revolut,0,0,0,0,0,0,0,0,0
2026-05-25,emailcrmheader,0,0,0,0,0,0,0,0,0
2026-05-25,product/pack-5h-boite-automatique,0,0,0,0,0,0,0,0,0
2026-05-25,product/pack-10h-boite-automatique,0,0,0,0,0,0,0,0,0
2026-05-25,checkout/pack-permis-complet,0,0,0,0,0,0,0,0,0
2026-05-25,product/conduite-accompagnee-boite-automatique-first,0,0,0,0,0,0,0,0,0
2026-05-25,checkout/pack-permis-complet-sans-code,0,0,0,0,0,0,0,0,0
2026-05-25,infocards,0,0,0,0,0,0,0,0,0
2026-05-25,checkout/pack-permis-complet-sans-code-lead,0,0,0,0,0,0,0,0,0
2026-05-25,checkout/pack-permis-complet-boite-automatique,0,0,0,0,0,0,0,0,0
2026-05-25,checkout/pack-permis-complet-revolut,0,0,0,0,0,0,0,0,0
2026-05-25,checkout/pack-permis-complet-boite-automatique-sans-code-lead,0,0,0,0,0,0,0,0,0
2026-05-25,checkout/pack-5h,0,0,0,0,0,0,0,0,0
2026-05-25,checkout/conduite-accompagnee-first,0,0,0,0,0,0,0,0,0
2026-05-25,checkout/pack-permis-complet-boite-automatique-sans-code,0,0,0,0,0,0,0,0,0
2026-05-25,checkout/pack-5h-boite-automatique,0,0,0,0,0,0,0,0,0
2026-05-25,product/rendez-vous-pedagogiques,0,0,0,0,0,0,0,0,0
2026-05-25,checkout/pack-10h,0,0,0,0,0,0,0,0,0
2026-05-25,checkout/pack-permis-complet-boite-automatique-revolut,0,0,0,0,0,0,0,0,0
2026-05-25,chatbot_support,0,0,0,0,0,0,0,0,0
2026-05-25,product/pack-permis-casa-nord-france,0,0,0,0,0,0,0,0,0
2026-05-25,home_widget,0,0,0,0,0,0,0,0,0
2026-05-25,checkout/pack-10h-boite-automatique,0,0,0,0,0,0,0,0,0
2026-05-25,checkout/pack-20h,0,0,0,0,0,0,0,0,0
2026-05-25,checkout/conduite-accompagnee-boite-automatique-first,0,0,0,0,0,0,0,0,0
2026-05-25,product/pack-permis-boite-automatique-casa-nord-france,0,0,0,0,0,0,0,0,0
2026-05-25,product/rendez-vous-pedagogiques-automatique,0,0,0,0,0,0,0,0,0
2026-05-25,checkout/pack-permis-complet-boite-automatique-sans-code-et-reussite-conduite-plus,0,0,0,0,0,0,0,0,0
2026-05-25,checkout/pack-permis-complet-et-reussite-code-plus,0,0,0,0,0,0,0,0,0
2026-05-25,checkout/pack-permis-casa-nord-france,0,0,0,0,0,0,0,0,0
2026-05-25,checkout/pack-permis-complet-boite-automatique-et-reussite-code-plus,0,0,0,0,0,0,0,0,0
2026-05-25,checkout/rendez-vous-pedagogiques,0,0,0,0,0,0,0,0,0
2026-05-25,checkout/pack-permis-complet-boite-automatique-sans-code-et-reussite-conduite-plus-lead,0,0,0,0,0,0,0,0,0
2026-05-25,checkout/pack-permis-boite-automatique-casa-nord-france,0,0,0,0,0,0,0,0,0
2026-05-25,emailcrm&utm_medium=email&utm_source=crm&utm_campaign=3b74f603-2f61-4df1-9869-4dff5e11d8e9,0,0,0,0,0,0,0,0,0
2026-05-25,permis_widget,0,0,0,0,0,0,0,0,0
2026-05-26,shop,168,146,141,115,31,96.6,81.6,21.2,27.0
2026-05-26,unknown,86,82,76,54,14,92.7,71.1,17.1,25.9
2026-05-26,product/pack-permis-complet,28,26,23,20,6,88.5,87.0,23.1,30.0
2026-05-26,product/pack-permis-complet-sans-code,20,18,17,14,6,94.4,82.4,33.3,42.9
2026-05-26,product/pack-permis-complet-sans-code-lead,24,22,18,14,8,81.8,77.8,36.4,57.1
2026-05-26,product/pack-permis-complet-revolut,36,27,24,15,5,88.9,62.5,18.5,33.3
2026-05-26,product/pack-permis-complet-boite-automatique,14,13,11,10,3,84.6,90.9,23.1,30.0
2026-05-26,emailcrm,17,16,14,10,2,87.5,71.4,12.5,20.0
2026-05-26,product/pack-permis-complet-boite-automatique-sans-code,9,8,6,5,4,75.0,83.3,50.0,80.0
2026-05-26,product/pack-permis-complet-boite-automatique-sans-code-lead,21,20,17,14,5,85.0,82.4,25.0,35.7
2026-05-26,product/pack-5h,10,10,8,8,1,80.0,100.0,10.0,12.5
2026-05-26,product/pack-10h,8,7,6,6,4,85.7,100.0,57.1,66.7
2026-05-26,product/conduite-accompagnee-first,8,8,7,4,0,87.5,57.1,0.0,0.0
2026-05-26,product/pack-20h,5,4,3,3,0,75.0,100.0,0.0,0.0
2026-05-26,product/pack-permis-complet-boite-automatique-revolut,15,15,12,8,1,80.0,66.7,6.7,12.5
2026-05-26,emailcrmheader,19,19,16,11,2,84.2,68.8,10.5,18.2
2026-05-26,product/pack-5h-boite-automatique,1,1,0,0,1,0.0,0,100.0,0
2026-05-26,product/pack-10h-boite-automatique,2,2,1,0,0,50.0,0.0,0.0,0
2026-05-26,checkout/pack-permis-complet,2,2,2,2,2,100.0,100.0,100.0,100.0
2026-05-26,product/conduite-accompagnee-boite-automatique-first,6,6,5,3,1,83.3,60.0,16.7,33.3
2026-05-26,checkout/pack-permis-complet-sans-code,2,2,1,1,1,50.0,100.0,50.0,100.0
2026-05-26,infocards,0,0,0,0,0,0,0,0,0
2026-05-26,checkout/pack-permis-complet-sans-code-lead,2,2,2,2,0,100.0,100.0,0.0,0.0
2026-05-26,checkout/pack-permis-complet-boite-automatique,1,1,1,1,0,100.0,100.0,0.0,0.0
2026-05-26,checkout/pack-permis-complet-revolut,2,2,2,1,1,100.0,50.0,50.0,100.0
2026-05-26,checkout/pack-permis-complet-boite-automatique-sans-code-lead,3,1,1,1,0,100.0,100.0,0.0,0.0
2026-05-26,checkout/pack-5h,6,5,4,4,0,80.0,100.0,0.0,0.0
2026-05-26,checkout/conduite-accompagnee-first,3,3,3,2,0,100.0,66.7,0.0,0.0
2026-05-26,checkout/pack-permis-complet-boite-automatique-sans-code,0,0,0,0,0,0,0,0,0
2026-05-26,checkout/pack-5h-boite-automatique,1,1,1,0,0,100.0,0.0,0.0,0
2026-05-26,product/rendez-vous-pedagogiques,0,0,0,0,0,0,0,0,0
2026-05-26,checkout/pack-10h,0,0,0,0,0,0,0,0,0
2026-05-26,checkout/pack-permis-complet-boite-automatique-revolut,0,0,0,0,0,0,0,0,0
2026-05-26,chatbot_support,0,0,0,0,0,0,0,0,0
2026-05-26,product/pack-permis-casa-nord-france,0,0,0,0,0,0,0,0,0
2026-05-26,home_widget,0,0,0,0,0,0,0,0,0
2026-05-26,checkout/pack-10h-boite-automatique,3,2,2,2,1,100.0,100.0,50.0,50.0
2026-05-26,checkout/pack-20h,0,0,0,0,0,0,0,0,0
2026-05-26,checkout/conduite-accompagnee-boite-automatique-first,0,0,0,0,0,0,0,0,0
2026-05-26,product/pack-permis-boite-automatique-casa-nord-france,0,0,0,0,0,0,0,0,0
2026-05-26,product/rendez-vous-pedagogiques-automatique,0,0,0,0,0,0,0,0,0
2026-05-26,checkout/pack-permis-complet-boite-automatique-sans-code-et-reussite-conduite-plus,0,0,0,0,0,0,0,0,0
2026-05-26,checkout/pack-permis-complet-et-reussite-code-plus,0,0,0,0,0,0,0,0,0
2026-05-26,checkout/pack-permis-casa-nord-france,0,0,0,0,0,0,0,0,0
2026-05-26,checkout/pack-permis-complet-boite-automatique-et-reussite-code-plus,0,0,0,0,0,0,0,0,0
2026-05-26,checkout/rendez-vous-pedagogiques,0,0,0,0,0,0,0,0,0
2026-05-26,checkout/pack-permis-complet-boite-automatique-sans-code-et-reussite-conduite-plus-lead,0,0,0,0,0,0,0,0,0
2026-05-26,checkout/pack-permis-boite-automatique-casa-nord-france,0,0,0,0,0,0,0,0,0
2026-05-26,emailcrm&utm_medium=email&utm_source=crm&utm_campaign=3b74f603-2f61-4df1-9869-4dff5e11d8e9,0,0,0,0,0,0,0,0,0
2026-05-26,permis_widget,0,0,0,0,0,0,0,0,0
2026-05-27,shop,89,79,79,70,22,100.0,88.6,27.8,31.4
2026-05-27,unknown,58,48,48,30,7,100.0,62.5,14.6,23.3
2026-05-27,product/pack-permis-complet,11,10,10,10,3,100.0,100.0,30.0,30.0
2026-05-27,product/pack-permis-complet-sans-code,14,13,13,11,6,100.0,84.6,46.2,54.5
2026-05-27,product/pack-permis-complet-sans-code-lead,17,14,14,13,8,100.0,92.9,57.1,61.5
2026-05-27,product/pack-permis-complet-revolut,14,13,12,10,1,92.3,83.3,7.7,10.0
2026-05-27,product/pack-permis-complet-boite-automatique,11,9,8,7,5,88.9,87.5,55.6,71.4
2026-05-27,emailcrm,8,8,8,7,4,100.0,87.5,50.0,57.1
2026-05-27,product/pack-permis-complet-boite-automatique-sans-code,9,9,9,8,4,100.0,88.9,44.4,50.0
2026-05-27,product/pack-permis-complet-boite-automatique-sans-code-lead,11,11,11,10,4,100.0,90.9,36.4,40.0
2026-05-27,product/pack-5h,9,7,6,5,1,85.7,83.3,14.3,20.0
2026-05-27,product/pack-10h,4,4,4,3,0,100.0,75.0,0.0,0.0
2026-05-27,product/conduite-accompagnee-first,11,9,9,9,3,100.0,100.0,33.3,33.3
2026-05-27,product/pack-20h,4,3,3,3,0,100.0,100.0,0.0,0.0
2026-05-27,product/pack-permis-complet-boite-automatique-revolut,2,2,2,2,2,100.0,100.0,100.0,100.0
2026-05-27,emailcrmheader,7,7,7,5,1,100.0,71.4,14.3,20.0
2026-05-27,product/pack-5h-boite-automatique,3,3,3,2,1,100.0,66.7,33.3,50.0
2026-05-27,product/pack-10h-boite-automatique,2,2,2,2,1,100.0,100.0,50.0,50.0
2026-05-27,checkout/pack-permis-complet,1,1,1,0,0,100.0,0.0,0.0,0
2026-05-27,product/conduite-accompagnee-boite-automatique-first,0,0,0,0,0,0,0,0,0
2026-05-27,checkout/pack-permis-complet-sans-code,4,4,4,3,0,100.0,75.0,0.0,0.0
2026-05-27,infocards,0,0,0,0,0,0,0,0,0
2026-05-27,checkout/pack-permis-complet-sans-code-lead,3,3,3,3,2,100.0,100.0,66.7,66.7
2026-05-27,checkout/pack-permis-complet-boite-automatique,0,0,0,0,0,0,0,0,0
2026-05-27,checkout/pack-permis-complet-revolut,1,1,1,1,0,100.0,100.0,0.0,0.0
2026-05-27,checkout/pack-permis-complet-boite-automatique-sans-code-lead,2,1,1,1,0,100.0,100.0,0.0,0.0
2026-05-27,checkout/pack-5h,0,0,0,0,0,0,0,0,0
2026-05-27,checkout/conduite-accompagnee-first,0,0,0,0,0,0,0,0,0
2026-05-27,checkout/pack-permis-complet-boite-automatique-sans-code,1,1,1,1,0,100.0,100.0,0.0,0.0
2026-05-27,checkout/pack-5h-boite-automatique,0,0,0,0,0,0,0,0,0
2026-05-27,product/rendez-vous-pedagogiques,0,0,0,0,0,0,0,0,0
2026-05-27,checkout/pack-10h,1,1,1,0,0,100.0,0.0,0.0,0
2026-05-27,checkout/pack-permis-complet-boite-automatique-revolut,0,0,0,0,0,0,0,0,0
2026-05-27,chatbot_support,0,0,0,0,0,0,0,0,0
2026-05-27,product/pack-permis-casa-nord-france,0,0,0,0,0,0,0,0,0
2026-05-27,home_widget,0,0,0,0,0,0,0,0,0
2026-05-27,checkout/pack-10h-boite-automatique,1,1,1,1,0,100.0,100.0,0.0,0.0
2026-05-27,checkout/pack-20h,0,0,0,0,0,0,0,0,0
2026-05-27,checkout/conduite-accompagnee-boite-automatique-first,0,0,0,0,0,0,0,0,0
2026-05-27,product/pack-permis-boite-automatique-casa-nord-france,0,0,0,0,0,0,0,0,0
2026-05-27,product/rendez-vous-pedagogiques-automatique,0,0,0,0,0,0,0,0,0
2026-05-27,checkout/pack-permis-complet-boite-automatique-sans-code-et-reussite-conduite-plus,0,0,0,0,0,0,0,0,0
2026-05-27,checkout/pack-permis-complet-et-reussite-code-plus,0,0,0,0,0,0,0,0,0
2026-05-27,checkout/pack-permis-casa-nord-france,0,0,0,0,0,0,0,0,0
2026-05-27,checkout/pack-permis-complet-boite-automatique-et-reussite-code-plus,0,0,0,0,0,0,0,0,0
2026-05-27,checkout/rendez-vous-pedagogiques,0,0,0,0,0,0,0,0,0
2026-05-27,checkout/pack-permis-complet-boite-automatique-sans-code-et-reussite-conduite-plus-lead,0,0,0,0,0,0,0,0,0
2026-05-27,checkout/pack-permis-boite-automatique-casa-nord-france,0,0,0,0,0,0,0,0,0
2026-05-27,emailcrm&utm_medium=email&utm_source=crm&utm_campaign=3b74f603-2f61-4df1-9869-4dff5e11d8e9,0,0,0,0,0,0,0,0,0
2026-05-27,permis_widget,0,0,0,0,0,0,0,0,0
2026-05-28,shop,106,86,84,75,14,97.7,89.3,16.3,18.7
2026-05-28,unknown,38,37,37,28,10,100.0,75.7,27.0,35.7
2026-05-28,product/pack-permis-complet,13,10,9,8,2,90.0,88.9,20.0,25.0
2026-05-28,product/pack-permis-complet-sans-code,12,11,11,9,5,100.0,81.8,45.5,55.6
2026-05-28,product/pack-permis-complet-sans-code-lead,14,12,12,9,5,100.0,75.0,41.7,55.6
2026-05-28,product/pack-permis-complet-revolut,17,14,13,12,3,92.9,92.3,21.4,25.0
2026-05-28,product/pack-permis-complet-boite-automatique,10,9,8,7,3,88.9,87.5,33.3,42.9
2026-05-28,emailcrm,3,3,3,2,0,100.0,66.7,0.0,0.0
2026-05-28,product/pack-permis-complet-boite-automatique-sans-code,9,8,8,6,0,100.0,75.0,0.0,0.0
2026-05-28,product/pack-permis-complet-boite-automatique-sans-code-lead,3,3,3,3,1,100.0,100.0,33.3,33.3
2026-05-28,product/pack-5h,6,6,6,5,0,100.0,83.3,0.0,0.0
2026-05-28,product/pack-10h,8,8,7,5,1,87.5,71.4,12.5,20.0
2026-05-28,product/conduite-accompagnee-first,6,5,5,4,1,100.0,80.0,20.0,25.0
2026-05-28,product/pack-20h,3,2,2,2,0,100.0,100.0,0.0,0.0
2026-05-28,product/pack-permis-complet-boite-automatique-revolut,3,3,3,2,1,100.0,66.7,33.3,50.0
2026-05-28,emailcrmheader,4,4,4,3,0,100.0,75.0,0.0,0.0
2026-05-28,product/pack-5h-boite-automatique,2,2,2,2,1,100.0,100.0,50.0,50.0
2026-05-28,product/pack-10h-boite-automatique,5,3,3,3,1,100.0,100.0,33.3,33.3
2026-05-28,checkout/pack-permis-complet,1,1,1,1,0,100.0,100.0,0.0,0.0
2026-05-28,product/conduite-accompagnee-boite-automatique-first,1,1,1,1,0,100.0,100.0,0.0,0.0
2026-05-28,checkout/pack-permis-complet-sans-code,2,2,2,2,0,100.0,100.0,0.0,0.0
2026-05-28,infocards,0,0,0,0,0,0,0,0,0
2026-05-28,checkout/pack-permis-complet-sans-code-lead,3,3,3,3,1,100.0,100.0,33.3,33.3
2026-05-28,checkout/pack-permis-complet-boite-automatique,1,1,1,1,1,100.0,100.0,100.0,100.0
2026-05-28,checkout/pack-permis-complet-revolut,0,0,0,0,0,0,0,0,0
2026-05-28,checkout/pack-permis-complet-boite-automatique-sans-code-lead,0,0,0,0,0,0,0,0,0
2026-05-28,checkout/pack-5h,1,1,1,1,1,100.0,100.0,100.0,100.0
2026-05-28,checkout/conduite-accompagnee-first,0,0,0,0,0,0,0,0,0
2026-05-28,checkout/pack-permis-complet-boite-automatique-sans-code,2,2,2,2,1,100.0,100.0,50.0,50.0
2026-05-28,checkout/pack-5h-boite-automatique,1,1,1,1,1,100.0,100.0,100.0,100.0
2026-05-28,product/rendez-vous-pedagogiques,0,0,0,0,0,0,0,0,0
2026-05-28,checkout/pack-10h,0,0,0,0,0,0,0,0,0
2026-05-28,checkout/pack-permis-complet-boite-automatique-revolut,0,0,0,0,0,0,0,0,0
2026-05-28,chatbot_support,0,0,0,0,0,0,0,0,0
2026-05-28,product/pack-permis-casa-nord-france,0,0,0,0,0,0,0,0,0
2026-05-28,home_widget,0,0,0,0,0,0,0,0,0
2026-05-28,checkout/pack-10h-boite-automatique,0,0,0,0,0,0,0,0,0
2026-05-28,checkout/pack-20h,0,0,0,0,0,0,0,0,0
2026-05-28,checkout/conduite-accompagnee-boite-automatique-first,0,0,0,0,0,0,0,0,0
2026-05-28,product/pack-permis-boite-automatique-casa-nord-france,0,0,0,0,0,0,0,0,0
2026-05-28,product/rendez-vous-pedagogiques-automatique,0,0,0,0,0,0,0,0,0
2026-05-28,checkout/pack-permis-complet-boite-automatique-sans-code-et-reussite-conduite-plus,0,0,0,0,0,0,0,0,0
2026-05-28,checkout/pack-permis-complet-et-reussite-code-plus,0,0,0,0,0,0,0,0,0
2026-05-28,checkout/pack-permis-casa-nord-france,0,0,0,0,0,0,0,0,0
2026-05-28,checkout/pack-permis-complet-boite-automatique-et-reussite-code-plus,0,0,0,0,0,0,0,0,0
2026-05-28,checkout/rendez-vous-pedagogiques,0,0,0,0,0,0,0,0,0
2026-05-28,checkout/pack-permis-complet-boite-automatique-sans-code-et-reussite-conduite-plus-lead,0,0,0,0,0,0,0,0,0
2026-05-28,checkout/pack-permis-boite-automatique-casa-nord-france,0,0,0,0,0,0,0,0,0
2026-05-28,emailcrm&utm_medium=email&utm_source=crm&utm_campaign=3b74f603-2f61-4df1-9869-4dff5e11d8e9,0,0,0,0,0,0,0,0,0
2026-05-28,permis_widget,0,0,0,0,0,0,0,0,0
2026-05-29,shop,86,68,66,62,17,97.1,93.9,25.0,27.4
2026-05-29,unknown,43,40,39,30,9,97.5,76.9,22.5,30.0
2026-05-29,product/pack-permis-complet,14,13,13,11,4,100.0,84.6,30.8,36.4
2026-05-29,product/pack-permis-complet-sans-code,13,10,10,8,5,100.0,80.0,50.0,62.5
2026-05-29,product/pack-permis-complet-sans-code-lead,26,24,24,20,7,100.0,83.3,29.2,35.0
2026-05-29,product/pack-permis-complet-revolut,12,9,9,9,4,100.0,100.0,44.4,44.4
2026-05-29,product/pack-permis-complet-boite-automatique,7,7,7,7,2,100.0,100.0,28.6,28.6
2026-05-29,emailcrm,12,11,10,9,1,90.9,90.0,9.1,11.1
2026-05-29,product/pack-permis-complet-boite-automatique-sans-code,10,9,9,6,2,100.0,66.7,22.2,33.3
2026-05-29,product/pack-permis-complet-boite-automatique-sans-code-lead,7,7,7,6,1,100.0,85.7,14.3,16.7
2026-05-29,product/pack-5h,14,13,13,12,1,100.0,92.3,7.7,8.3
2026-05-29,product/pack-10h,6,6,6,6,0,100.0,100.0,0.0,0.0
2026-05-29,product/conduite-accompagnee-first,5,5,5,5,1,100.0,100.0,20.0,20.0
2026-05-29,product/pack-20h,1,1,1,1,0,100.0,100.0,0.0,0.0
2026-05-29,product/pack-permis-complet-boite-automatique-revolut,5,4,4,4,2,100.0,100.0,50.0,50.0
2026-05-29,emailcrmheader,8,8,8,7,2,100.0,87.5,25.0,28.6
2026-05-29,product/pack-5h-boite-automatique,0,0,0,0,0,0,0,0,0
2026-05-29,product/pack-10h-boite-automatique,1,1,1,1,0,100.0,100.0,0.0,0.0
2026-05-29,checkout/pack-permis-complet,1,1,1,1,1,100.0,100.0,100.0,100.0
2026-05-29,product/conduite-accompagnee-boite-automatique-first,4,3,3,3,2,100.0,100.0,66.7,66.7
2026-05-29,checkout/pack-permis-complet-sans-code,2,2,2,1,0,100.0,50.0,0.0,0.0
2026-05-29,infocards,0,0,0,0,0,0,0,0,0
2026-05-29,checkout/pack-permis-complet-sans-code-lead,7,6,6,5,3,100.0,83.3,50.0,60.0
2026-05-29,checkout/pack-permis-complet-boite-automatique,0,0,0,0,0,0,0,0,0
2026-05-29,checkout/pack-permis-complet-revolut,1,1,1,1,1,100.0,100.0,100.0,100.0
2026-05-29,checkout/pack-permis-complet-boite-automatique-sans-code-lead,1,1,1,0,0,100.0,0.0,0.0,0
2026-05-29,checkout/pack-5h,0,0,0,0,0,0,0,0,0
2026-05-29,checkout/conduite-accompagnee-first,2,2,2,2,2,100.0,100.0,100.0,100.0
2026-05-29,checkout/pack-permis-complet-boite-automatique-sans-code,0,0,0,0,0,0,0,0,0
2026-05-29,checkout/pack-5h-boite-automatique,1,1,1,1,0,100.0,100.0,0.0,0.0
2026-05-29,product/rendez-vous-pedagogiques,0,0,0,0,0,0,0,0,0
2026-05-29,checkout/pack-10h,1,1,1,1,0,100.0,100.0,0.0,0.0
2026-05-29,checkout/pack-permis-complet-boite-automatique-revolut,0,0,0,0,0,0,0,0,0
2026-05-29,chatbot_support,0,0,0,0,0,0,0,0,0
2026-05-29,product/pack-permis-casa-nord-france,0,0,0,0,0,0,0,0,0
2026-05-29,home_widget,0,0,0,0,0,0,0,0,0
2026-05-29,checkout/pack-10h-boite-automatique,0,0,0,0,0,0,0,0,0
2026-05-29,checkout/pack-20h,0,0,0,0,0,0,0,0,0
2026-05-29,checkout/conduite-accompagnee-boite-automatique-first,0,0,0,0,0,0,0,0,0
2026-05-29,product/pack-permis-boite-automatique-casa-nord-france,0,0,0,0,0,0,0,0,0
2026-05-29,product/rendez-vous-pedagogiques-automatique,0,0,0,0,0,0,0,0,0
2026-05-29,checkout/pack-permis-complet-boite-automatique-sans-code-et-reussite-conduite-plus,0,0,0,0,0,0,0,0,0
2026-05-29,checkout/pack-permis-complet-et-reussite-code-plus,0,0,0,0,0,0,0,0,0
2026-05-29,checkout/pack-permis-casa-nord-france,0,0,0,0,0,0,0,0,0
2026-05-29,checkout/pack-permis-complet-boite-automatique-et-reussite-code-plus,0,0,0,0,0,0,0,0,0
2026-05-29,checkout/rendez-vous-pedagogiques,0,0,0,0,0,0,0,0,0
2026-05-29,checkout/pack-permis-complet-boite-automatique-sans-code-et-reussite-conduite-plus-lead,0,0,0,0,0,0,0,0,0
2026-05-29,checkout/pack-permis-boite-automatique-casa-nord-france,0,0,0,0,0,0,0,0,0
2026-05-29,emailcrm&utm_medium=email&utm_source=crm&utm_campaign=3b74f603-2f61-4df1-9869-4dff5e11d8e9,0,0,0,0,0,0,0,0,0
2026-05-29,permis_widget,0,0,0,0,0,0,0,0,0
2026-05-30,shop,56,51,50,42,9,98.0,84.0,17.6,21.4
2026-05-30,unknown,35,30,30,15,5,100.0,50.0,16.7,33.3
2026-05-30,product/pack-permis-complet,9,9,8,6,0,88.9,75.0,0.0,0.0
2026-05-30,product/pack-permis-complet-sans-code,8,6,6,4,4,100.0,66.7,66.7,100.0
2026-05-30,product/pack-permis-complet-sans-code-lead,7,6,6,5,3,100.0,83.3,50.0,60.0
2026-05-30,product/pack-permis-complet-revolut,15,11,11,9,1,100.0,81.8,9.1,11.1
2026-05-30,product/pack-permis-complet-boite-automatique,4,4,4,4,1,100.0,100.0,25.0,25.0
2026-05-30,emailcrm,8,7,7,4,1,100.0,57.1,14.3,25.0
2026-05-30,product/pack-permis-complet-boite-automatique-sans-code,4,4,3,2,0,75.0,66.7,0.0,0.0
2026-05-30,product/pack-permis-complet-boite-automatique-sans-code-lead,10,9,9,7,2,100.0,77.8,22.2,28.6
2026-05-30,product/pack-5h,5,5,5,3,1,100.0,60.0,20.0,33.3
2026-05-30,product/pack-10h,1,1,1,1,0,100.0,100.0,0.0,0.0
2026-05-30,product/conduite-accompagnee-first,4,3,3,1,0,100.0,33.3,0.0,0.0
2026-05-30,product/pack-20h,1,1,1,1,0,100.0,100.0,0.0,0.0
2026-05-30,product/pack-permis-complet-boite-automatique-revolut,3,3,3,3,0,100.0,100.0,0.0,0.0
2026-05-30,emailcrmheader,8,6,6,3,1,100.0,50.0,16.7,33.3
2026-05-30,product/pack-5h-boite-automatique,1,1,1,1,1,100.0,100.0,100.0,100.0
2026-05-30,product/pack-10h-boite-automatique,0,0,0,0,0,0,0,0,0
2026-05-30,checkout/pack-permis-complet,2,2,2,1,0,100.0,50.0,0.0,0.0
2026-05-30,product/conduite-accompagnee-boite-automatique-first,4,3,3,2,1,100.0,66.7,33.3,50.0
2026-05-30,checkout/pack-permis-complet-sans-code,1,1,1,1,1,100.0,100.0,100.0,100.0
2026-05-30,infocards,0,0,0,0,0,0,0,0,0
2026-05-30,checkout/pack-permis-complet-sans-code-lead,0,0,0,0,0,0,0,0,0
2026-05-30,checkout/pack-permis-complet-boite-automatique,0,0,0,0,0,0,0,0,0
2026-05-30,checkout/pack-permis-complet-revolut,0,0,0,0,0,0,0,0,0
2026-05-30,checkout/pack-permis-complet-boite-automatique-sans-code-lead,0,0,0,0,0,0,0,0,0
2026-05-30,checkout/pack-5h,1,1,1,1,0,100.0,100.0,0.0,0.0
2026-05-30,checkout/conduite-accompagnee-first,1,1,1,1,1,100.0,100.0,100.0,100.0
2026-05-30,checkout/pack-permis-complet-boite-automatique-sans-code,2,1,1,1,0,100.0,100.0,0.0,0.0
2026-05-30,checkout/pack-5h-boite-automatique,2,2,2,2,1,100.0,100.0,50.0,50.0
2026-05-30,product/rendez-vous-pedagogiques,0,0,0,0,0,0,0,0,0
2026-05-30,checkout/pack-10h,0,0,0,0,0,0,0,0,0
2026-05-30,checkout/pack-permis-complet-boite-automatique-revolut,0,0,0,0,0,0,0,0,0
2026-05-30,chatbot_support,0,0,0,0,0,0,0,0,0
2026-05-30,product/pack-permis-casa-nord-france,0,0,0,0,0,0,0,0,0
2026-05-30,home_widget,0,0,0,0,0,0,0,0,0
2026-05-30,checkout/pack-10h-boite-automatique,0,0,0,0,0,0,0,0,0
2026-05-30,checkout/pack-20h,0,0,0,0,0,0,0,0,0
2026-05-30,checkout/conduite-accompagnee-boite-automatique-first,0,0,0,0,0,0,0,0,0
2026-05-30,product/pack-permis-boite-automatique-casa-nord-france,0,0,0,0,0,0,0,0,0
2026-05-30,product/rendez-vous-pedagogiques-automatique,0,0,0,0,0,0,0,0,0
2026-05-30,checkout/pack-permis-complet-boite-automatique-sans-code-et-reussite-conduite-plus,0,0,0,0,0,0,0,0,0
2026-05-30,checkout/pack-permis-complet-et-reussite-code-plus,0,0,0,0,0,0,0,0,0
2026-05-30,checkout/pack-permis-casa-nord-france,0,0,0,0,0,0,0,0,0
2026-05-30,checkout/pack-permis-complet-boite-automatique-et-reussite-code-plus,0,0,0,0,0,0,0,0,0
2026-05-30,checkout/rendez-vous-pedagogiques,1,1,1,1,0,100.0,100.0,0.0,0.0
2026-05-30,checkout/pack-permis-complet-boite-automatique-sans-code-et-reussite-conduite-plus-lead,0,0,0,0,0,0,0,0,0
2026-05-30,checkout/pack-permis-boite-automatique-casa-nord-france,0,0,0,0,0,0,0,0,0
2026-05-30,emailcrm&utm_medium=email&utm_source=crm&utm_campaign=3b74f603-2f61-4df1-9869-4dff5e11d8e9,0,0,0,0,0,0,0,0,0
2026-05-30,permis_widget,0,0,0,0,0,0,0,0,0
2026-05-31,shop,0,0,0,0,0,0,0,0,0
2026-05-31,unknown,0,0,0,0,0,0,0,0,0
2026-05-31,product/pack-permis-complet,0,0,0,0,0,0,0,0,0
2026-05-31,product/pack-permis-complet-sans-code,0,0,0,0,0,0,0,0,0
2026-05-31,product/pack-permis-complet-sans-code-lead,0,0,0,0,0,0,0,0,0
2026-05-31,product/pack-permis-complet-revolut,0,0,0,0,0,0,0,0,0
2026-05-31,product/pack-permis-complet-boite-automatique,0,0,0,0,0,0,0,0,0
2026-05-31,emailcrm,0,0,0,0,0,0,0,0,0
2026-05-31,product/pack-permis-complet-boite-automatique-sans-code,0,0,0,0,0,0,0,0,0
2026-05-31,product/pack-permis-complet-boite-automatique-sans-code-lead,0,0,0,0,0,0,0,0,0
2026-05-31,product/pack-5h,0,0,0,0,0,0,0,0,0
2026-05-31,product/pack-10h,0,0,0,0,0,0,0,0,0
2026-05-31,product/conduite-accompagnee-first,0,0,0,0,0,0,0,0,0
2026-05-31,product/pack-20h,0,0,0,0,0,0,0,0,0
2026-05-31,product/pack-permis-complet-boite-automatique-revolut,0,0,0,0,0,0,0,0,0
2026-05-31,emailcrmheader,0,0,0,0,0,0,0,0,0
2026-05-31,product/pack-5h-boite-automatique,0,0,0,0,0,0,0,0,0
2026-05-31,product/pack-10h-boite-automatique,0,0,0,0,0,0,0,0,0
2026-05-31,checkout/pack-permis-complet,0,0,0,0,0,0,0,0,0
2026-05-31,product/conduite-accompagnee-boite-automatique-first,0,0,0,0,0,0,0,0,0
2026-05-31,checkout/pack-permis-complet-sans-code,0,0,0,0,0,0,0,0,0
2026-05-31,infocards,0,0,0,0,0,0,0,0,0
2026-05-31,checkout/pack-permis-complet-sans-code-lead,0,0,0,0,0,0,0,0,0
2026-05-31,checkout/pack-permis-complet-boite-automatique,0,0,0,0,0,0,0,0,0
2026-05-31,checkout/pack-permis-complet-revolut,0,0,0,0,0,0,0,0,0
2026-05-31,checkout/pack-permis-complet-boite-automatique-sans-code-lead,0,0,0,0,0,0,0,0,0
2026-05-31,checkout/pack-5h,0,0,0,0,0,0,0,0,0
2026-05-31,checkout/conduite-accompagnee-first,0,0,0,0,0,0,0,0,0
2026-05-31,checkout/pack-permis-complet-boite-automatique-sans-code,0,0,0,0,0,0,0,0,0
2026-05-31,checkout/pack-5h-boite-automatique,0,0,0,0,0,0,0,0,0
2026-05-31,product/rendez-vous-pedagogiques,0,0,0,0,0,0,0,0,0
2026-05-31,checkout/pack-10h,0,0,0,0,0,0,0,0,0
2026-05-31,checkout/pack-permis-complet-boite-automatique-revolut,0,0,0,0,0,0,0,0,0
2026-05-31,chatbot_support,0,0,0,0,0,0,0,0,0
2026-05-31,product/pack-permis-casa-nord-france,0,0,0,0,0,0,0,0,0
2026-05-31,home_widget,0,0,0,0,0,0,0,0,0
2026-05-31,checkout/pack-10h-boite-automatique,0,0,0,0,0,0,0,0,0
2026-05-31,checkout/pack-20h,0,0,0,0,0,0,0,0,0
2026-05-31,checkout/conduite-accompagnee-boite-automatique-first,0,0,0,0,0,0,0,0,0
2026-05-31,product/pack-permis-boite-automatique-casa-nord-france,0,0,0,0,0,0,0,0,0
2026-05-31,product/rendez-vous-pedagogiques-automatique,0,0,0,0,0,0,0,0,0
2026-05-31,checkout/pack-permis-complet-boite-automatique-sans-code-et-reussite-conduite-plus,0,0,0,0,0,0,0,0,0
2026-05-31,checkout/pack-permis-complet-et-reussite-code-plus,0,0,0,0,0,0,0,0,0
2026-05-31,checkout/pack-permis-casa-nord-france,0,0,0,0,0,0,0,0,0
2026-05-31,checkout/pack-permis-complet-boite-automatique-et-reussite-code-plus,0,0,0,0,0,0,0,0,0
2026-05-31,checkout/rendez-vous-pedagogiques,0,0,0,0,0,0,0,0,0
2026-05-31,checkout/pack-permis-complet-boite-automatique-sans-code-et-reussite-conduite-plus-lead,0,0,0,0,0,0,0,0,0
2026-05-31,checkout/pack-permis-boite-automatique-casa-nord-france,0,0,0,0,0,0,0,0,0
2026-05-31,emailcrm&utm_medium=email&utm_source=crm&utm_campaign=3b74f603-2f61-4df1-9869-4dff5e11d8e9,0,0,0,0,0,0,0,0,0
2026-05-31,permis_widget,0,0,0,0,0,0,0,0,0
2026-06-01,shop,156,128,110,98,25,85.9,89.1,19.5,25.5
2026-06-01,unknown,110,95,81,56,15,85.3,69.1,15.8,26.8
2026-06-01,product/pack-permis-complet,44,39,25,17,3,64.1,68.0,7.7,17.6
2026-06-01,product/pack-permis-complet-sans-code,25,20,18,15,9,90.0,83.3,45.0,60.0
2026-06-01,product/pack-permis-complet-sans-code-lead,57,48,42,36,19,87.5,85.7,39.6,52.8
2026-06-01,product/pack-permis-complet-revolut,34,31,24,20,8,77.4,83.3,25.8,40.0
2026-06-01,product/pack-permis-complet-boite-automatique,20,17,13,9,5,76.5,69.2,29.4,55.6
2026-06-01,emailcrm,9,9,7,6,1,77.8,85.7,11.1,16.7
2026-06-01,product/pack-permis-complet-boite-automatique-sans-code,15,9,7,6,4,77.8,85.7,44.4,66.7
2026-06-01,product/pack-permis-complet-boite-automatique-sans-code-lead,29,22,17,12,6,77.3,70.6,27.3,50.0
2026-06-01,product/pack-5h,16,16,12,9,1,75.0,75.0,6.2,11.1
2026-06-01,product/pack-10h,6,6,3,1,0,50.0,33.3,0.0,0.0
2026-06-01,product/conduite-accompagnee-first,16,15,10,7,4,66.7,70.0,26.7,57.1
2026-06-01,product/pack-20h,13,9,9,6,0,100.0,66.7,0.0,0.0
2026-06-01,product/pack-permis-complet-boite-automatique-revolut,15,13,8,7,3,61.5,87.5,23.1,42.9
2026-06-01,emailcrmheader,17,14,11,11,1,78.6,100.0,7.1,9.1
2026-06-01,product/pack-5h-boite-automatique,3,2,2,2,1,100.0,100.0,50.0,50.0
2026-06-01,product/pack-10h-boite-automatique,2,2,1,1,1,50.0,100.0,50.0,100.0
2026-06-01,checkout/pack-permis-complet,6,5,4,3,1,80.0,75.0,20.0,33.3
2026-06-01,product/conduite-accompagnee-boite-automatique-first,4,4,2,2,1,50.0,100.0,25.0,50.0
2026-06-01,checkout/pack-permis-complet-sans-code,0,0,0,0,0,0,0,0,0
2026-06-01,infocards,0,0,0,0,0,0,0,0,0
2026-06-01,checkout/pack-permis-complet-sans-code-lead,3,3,3,3,2,100.0,100.0,66.7,66.7
2026-06-01,checkout/pack-permis-complet-boite-automatique,3,3,2,1,1,66.7,50.0,33.3,100.0
2026-06-01,checkout/pack-permis-complet-revolut,0,0,0,0,0,0,0,0,0
2026-06-01,checkout/pack-permis-complet-boite-automatique-sans-code-lead,2,2,2,2,0,100.0,100.0,0.0,0.0
2026-06-01,checkout/pack-5h,1,1,0,0,0,0.0,0,0.0,0
2026-06-01,checkout/conduite-accompagnee-first,2,2,1,1,1,50.0,100.0,50.0,100.0
2026-06-01,checkout/pack-permis-complet-boite-automatique-sans-code,2,2,1,1,1,50.0,100.0,50.0,100.0
2026-06-01,checkout/pack-5h-boite-automatique,2,2,2,1,0,100.0,50.0,0.0,0.0
2026-06-01,product/rendez-vous-pedagogiques,0,0,0,0,0,0,0,0,0
2026-06-01,checkout/pack-10h,1,1,1,1,1,100.0,100.0,100.0,100.0
2026-06-01,checkout/pack-permis-complet-boite-automatique-revolut,0,0,0,0,0,0,0,0,0
2026-06-01,chatbot_support,0,0,0,0,0,0,0,0,0
2026-06-01,product/pack-permis-casa-nord-france,0,0,0,0,0,0,0,0,0
2026-06-01,home_widget,0,0,0,0,0,0,0,0,0
2026-06-01,checkout/pack-10h-boite-automatique,0,0,0,0,0,0,0,0,0
2026-06-01,checkout/pack-20h,0,0,0,0,0,0,0,0,0
2026-06-01,checkout/conduite-accompagnee-boite-automatique-first,2,2,2,2,1,100.0,100.0,50.0,50.0
2026-06-01,product/pack-permis-boite-automatique-casa-nord-france,0,0,0,0,0,0,0,0,0
2026-06-01,product/rendez-vous-pedagogiques-automatique,0,0,0,0,0,0,0,0,0
2026-06-01,checkout/pack-permis-complet-boite-automatique-sans-code-et-reussite-conduite-plus,0,0,0,0,0,0,0,0,0
2026-06-01,checkout/pack-permis-complet-et-reussite-code-plus,0,0,0,0,0,0,0,0,0
2026-06-01,checkout/pack-permis-casa-nord-france,0,0,0,0,0,0,0,0,0
2026-06-01,checkout/pack-permis-complet-boite-automatique-et-reussite-code-plus,0,0,0,0,0,0,0,0,0
2026-06-01,checkout/rendez-vous-pedagogiques,0,0,0,0,0,0,0,0,0
2026-06-01,checkout/pack-permis-complet-boite-automatique-sans-code-et-reussite-conduite-plus-lead,0,0,0,0,0,0,0,0,0
2026-06-01,checkout/pack-permis-boite-automatique-casa-nord-france,0,0,0,0,0,0,0,0,0
2026-06-01,emailcrm&utm_medium=email&utm_source=crm&utm_campaign=3b74f603-2f61-4df1-9869-4dff5e11d8e9,0,0,0,0,0,0,0,0,0
2026-06-01,permis_widget,0,0,0,0,0,0,0,0,0
2026-06-02,shop,103,89,86,79,19,96.6,91.9,21.3,24.1
2026-06-02,unknown,80,74,70,53,9,94.6,75.7,12.2,17.0
2026-06-02,product/pack-permis-complet,23,20,18,16,5,90.0,88.9,25.0,31.2
2026-06-02,product/pack-permis-complet-sans-code,22,20,20,18,5,100.0,90.0,25.0,27.8
2026-06-02,product/pack-permis-complet-sans-code-lead,33,29,28,23,8,96.6,82.1,27.6,34.8
2026-06-02,product/pack-permis-complet-revolut,15,15,15,15,2,100.0,100.0,13.3,13.3
2026-06-02,product/pack-permis-complet-boite-automatique,14,11,11,10,6,100.0,90.9,54.5,60.0
2026-06-02,emailcrm,7,7,7,4,1,100.0,57.1,14.3,25.0
2026-06-02,product/pack-permis-complet-boite-automatique-sans-code,7,6,4,4,3,66.7,100.0,50.0,75.0
2026-06-02,product/pack-permis-complet-boite-automatique-sans-code-lead,12,9,9,8,4,100.0,88.9,44.4,50.0
2026-06-02,product/pack-5h,11,10,9,8,1,90.0,88.9,10.0,12.5
2026-06-02,product/pack-10h,6,3,2,0,0,66.7,0.0,0.0,0
2026-06-02,product/conduite-accompagnee-first,13,13,13,10,3,100.0,76.9,23.1,30.0
2026-06-02,product/pack-20h,11,7,7,6,0,100.0,85.7,0.0,0.0
2026-06-02,product/pack-permis-complet-boite-automatique-revolut,10,10,10,8,4,100.0,80.0,40.0,50.0
2026-06-02,emailcrmheader,14,12,11,9,3,91.7,81.8,25.0,33.3
2026-06-02,product/pack-5h-boite-automatique,4,4,3,3,1,75.0,100.0,25.0,33.3
2026-06-02,product/pack-10h-boite-automatique,0,0,0,0,0,0,0,0,0
2026-06-02,checkout/pack-permis-complet,0,0,0,0,0,0,0,0,0
2026-06-02,product/conduite-accompagnee-boite-automatique-first,2,2,2,2,0,100.0,100.0,0.0,0.0
2026-06-02,checkout/pack-permis-complet-sans-code,1,1,1,0,0,100.0,0.0,0.0,0
2026-06-02,infocards,0,0,0,0,0,0,0,0,0
2026-06-02,checkout/pack-permis-complet-sans-code-lead,1,1,1,0,0,100.0,0.0,0.0,0
2026-06-02,checkout/pack-permis-complet-boite-automatique,0,0,0,0,0,0,0,0,0
2026-06-02,checkout/pack-permis-complet-revolut,1,1,1,1,1,100.0,100.0,100.0,100.0
2026-06-02,checkout/pack-permis-complet-boite-automatique-sans-code-lead,0,0,0,0,0,0,0,0,0
2026-06-02,checkout/pack-5h,1,1,1,1,0,100.0,100.0,0.0,0.0
2026-06-02,checkout/conduite-accompagnee-first,1,1,1,1,1,100.0,100.0,100.0,100.0
2026-06-02,checkout/pack-permis-complet-boite-automatique-sans-code,1,1,1,1,0,100.0,100.0,0.0,0.0
2026-06-02,checkout/pack-5h-boite-automatique,0,0,0,0,0,0,0,0,0
2026-06-02,product/rendez-vous-pedagogiques,0,0,0,0,0,0,0,0,0
2026-06-02,checkout/pack-10h,0,0,0,0,0,0,0,0,0
2026-06-02,checkout/pack-permis-complet-boite-automatique-revolut,0,0,0,0,0,0,0,0,0
2026-06-02,chatbot_support,0,0,0,0,0,0,0,0,0
2026-06-02,product/pack-permis-casa-nord-france,0,0,0,0,0,0,0,0,0
2026-06-02,home_widget,0,0,0,0,0,0,0,0,0
2026-06-02,checkout/pack-10h-boite-automatique,0,0,0,0,0,0,0,0,0
2026-06-02,checkout/pack-20h,0,0,0,0,0,0,0,0,0
2026-06-02,checkout/conduite-accompagnee-boite-automatique-first,0,0,0,0,0,0,0,0,0
2026-06-02,product/pack-permis-boite-automatique-casa-nord-france,0,0,0,0,0,0,0,0,0
2026-06-02,product/rendez-vous-pedagogiques-automatique,0,0,0,0,0,0,0,0,0
2026-06-02,checkout/pack-permis-complet-boite-automatique-sans-code-et-reussite-conduite-plus,0,0,0,0,0,0,0,0,0
2026-06-02,checkout/pack-permis-complet-et-reussite-code-plus,0,0,0,0,0,0,0,0,0
2026-06-02,checkout/pack-permis-casa-nord-france,0,0,0,0,0,0,0,0,0
2026-06-02,checkout/pack-permis-complet-boite-automatique-et-reussite-code-plus,0,0,0,0,0,0,0,0,0
2026-06-02,checkout/rendez-vous-pedagogiques,0,0,0,0,0,0,0,0,0
2026-06-02,checkout/pack-permis-complet-boite-automatique-sans-code-et-reussite-conduite-plus-lead,0,0,0,0,0,0,0,0,0
2026-06-02,checkout/pack-permis-boite-automatique-casa-nord-france,0,0,0,0,0,0,0,0,0
2026-06-02,emailcrm&utm_medium=email&utm_source=crm&utm_campaign=3b74f603-2f61-4df1-9869-4dff5e11d8e9,0,0,0,0,0,0,0,0,0
2026-06-02,permis_widget,0,0,0,0,0,0,0,0,0
2026-06-03,shop,114,96,86,75,18,89.6,87.2,18.8,24.0
2026-06-03,unknown,101,89,81,61,17,91.0,75.3,19.1,27.9
2026-06-03,product/pack-permis-complet,18,15,13,10,5,86.7,76.9,33.3,50.0
2026-06-03,product/pack-permis-complet-sans-code,22,18,17,15,3,94.4,88.2,16.7,20.0
2026-06-03,product/pack-permis-complet-sans-code-lead,27,24,24,21,11,100.0,87.5,45.8,52.4
2026-06-03,product/pack-permis-complet-revolut,17,16,15,11,5,93.8,73.3,31.2,45.5
2026-06-03,product/pack-permis-complet-boite-automatique,12,12,10,8,3,83.3,80.0,25.0,37.5
2026-06-03,emailcrm,19,17,14,10,1,82.4,71.4,5.9,10.0
2026-06-03,product/pack-permis-complet-boite-automatique-sans-code,11,10,10,9,5,100.0,90.0,50.0,55.6
2026-06-03,product/pack-permis-complet-boite-automatique-sans-code-lead,8,8,7,5,2,87.5,71.4,25.0,40.0
2026-06-03,product/pack-5h,6,5,5,4,0,100.0,80.0,0.0,0.0
2026-06-03,product/pack-10h,8,8,8,5,2,100.0,62.5,25.0,40.0
2026-06-03,product/conduite-accompagnee-first,15,13,13,11,7,100.0,84.6,53.8,63.6
2026-06-03,product/pack-20h,2,2,2,2,0,100.0,100.0,0.0,0.0
2026-06-03,product/pack-permis-complet-boite-automatique-revolut,6,4,4,3,0,100.0,75.0,0.0,0.0
2026-06-03,emailcrmheader,7,7,7,4,2,100.0,57.1,28.6,50.0
2026-06-03,product/pack-5h-boite-automatique,2,2,1,1,1,50.0,100.0,50.0,100.0
2026-06-03,product/pack-10h-boite-automatique,2,2,2,2,1,100.0,100.0,50.0,50.0
2026-06-03,checkout/pack-permis-complet,5,5,5,3,3,100.0,60.0,60.0,100.0
2026-06-03,product/conduite-accompagnee-boite-automatique-first,1,1,1,1,1,100.0,100.0,100.0,100.0
2026-06-03,checkout/pack-permis-complet-sans-code,7,4,4,4,2,100.0,100.0,50.0,50.0
2026-06-03,infocards,0,0,0,0,0,0,0,0,0
2026-06-03,checkout/pack-permis-complet-sans-code-lead,3,2,2,2,0,100.0,100.0,0.0,0.0
2026-06-03,checkout/pack-permis-complet-boite-automatique,2,2,2,2,1,100.0,100.0,50.0,50.0
2026-06-03,checkout/pack-permis-complet-revolut,1,1,1,1,0,100.0,100.0,0.0,0.0
2026-06-03,checkout/pack-permis-complet-boite-automatique-sans-code-lead,2,2,2,1,1,100.0,50.0,50.0,100.0
2026-06-03,checkout/pack-5h,0,0,0,0,0,0,0,0,0
2026-06-03,checkout/conduite-accompagnee-first,1,1,1,1,1,100.0,100.0,100.0,100.0
2026-06-03,checkout/pack-permis-complet-boite-automatique-sans-code,3,3,3,3,3,100.0,100.0,100.0,100.0
2026-06-03,checkout/pack-5h-boite-automatique,0,0,0,0,0,0,0,0,0
2026-06-03,product/rendez-vous-pedagogiques,0,0,0,0,0,0,0,0,0
2026-06-03,checkout/pack-10h,0,0,0,0,0,0,0,0,0
2026-06-03,checkout/pack-permis-complet-boite-automatique-revolut,0,0,0,0,0,0,0,0,0
2026-06-03,chatbot_support,0,0,0,0,0,0,0,0,0
2026-06-03,product/pack-permis-casa-nord-france,0,0,0,0,0,0,0,0,0
2026-06-03,home_widget,0,0,0,0,0,0,0,0,0
2026-06-03,checkout/pack-10h-boite-automatique,0,0,0,0,0,0,0,0,0
2026-06-03,checkout/pack-20h,0,0,0,0,0,0,0,0,0
2026-06-03,checkout/conduite-accompagnee-boite-automatique-first,0,0,0,0,0,0,0,0,0
2026-06-03,product/pack-permis-boite-automatique-casa-nord-france,0,0,0,0,0,0,0,0,0
2026-06-03,product/rendez-vous-pedagogiques-automatique,0,0,0,0,0,0,0,0,0
2026-06-03,checkout/pack-permis-complet-boite-automatique-sans-code-et-reussite-conduite-plus,0,0,0,0,0,0,0,0,0
2026-06-03,checkout/pack-permis-complet-et-reussite-code-plus,0,0,0,0,0,0,0,0,0
2026-06-03,checkout/pack-permis-casa-nord-france,0,0,0,0,0,0,0,0,0
2026-06-03,checkout/pack-permis-complet-boite-automatique-et-reussite-code-plus,0,0,0,0,0,0,0,0,0
2026-06-03,checkout/rendez-vous-pedagogiques,0,0,0,0,0,0,0,0,0
2026-06-03,checkout/pack-permis-complet-boite-automatique-sans-code-et-reussite-conduite-plus-lead,0,0,0,0,0,0,0,0,0
2026-06-03,checkout/pack-permis-boite-automatique-casa-nord-france,0,0,0,0,0,0,0,0,0
2026-06-03,emailcrm&utm_medium=email&utm_source=crm&utm_campaign=3b74f603-2f61-4df1-9869-4dff5e11d8e9,0,0,0,0,0,0,0,0,0
2026-06-03,permis_widget,0,0,0,0,0,0,0,0,0
2026-06-04,shop,129,97,82,74,15,84.5,90.2,15.5,20.3
2026-06-04,unknown,221,211,200,118,22,94.8,59.0,10.4,18.6
2026-06-04,product/pack-permis-complet,38,32,28,22,9,87.5,78.6,28.1,40.9
2026-06-04,product/pack-permis-complet-sans-code,18,15,12,11,3,80.0,91.7,20.0,27.3
2026-06-04,product/pack-permis-complet-sans-code-lead,21,19,19,15,5,100.0,78.9,26.3,33.3
2026-06-04,product/pack-permis-complet-revolut,33,26,23,20,4,88.5,87.0,15.4,20.0
2026-06-04,product/pack-permis-complet-boite-automatique,18,15,14,8,3,93.3,57.1,20.0,37.5
2026-06-04,emailcrm,97,90,75,54,13,83.3,72.0,14.4,24.1
2026-06-04,product/pack-permis-complet-boite-automatique-sans-code,8,8,6,6,2,75.0,100.0,25.0,33.3
2026-06-04,product/pack-permis-complet-boite-automatique-sans-code-lead,14,10,9,9,8,90.0,100.0,80.0,88.9
2026-06-04,product/pack-5h,12,9,8,6,0,88.9,75.0,0.0,0.0
2026-06-04,product/pack-10h,7,7,7,5,1,100.0,71.4,14.3,20.0
2026-06-04,product/conduite-accompagnee-first,12,12,9,8,5,75.0,88.9,41.7,62.5
2026-06-04,product/pack-20h,12,4,4,4,0,100.0,100.0,0.0,0.0
2026-06-04,product/pack-permis-complet-boite-automatique-revolut,8,8,6,4,2,75.0,66.7,25.0,50.0
2026-06-04,emailcrmheader,10,9,9,6,2,100.0,66.7,22.2,33.3
2026-06-04,product/pack-5h-boite-automatique,2,2,2,2,1,100.0,100.0,50.0,50.0
2026-06-04,product/pack-10h-boite-automatique,1,1,1,1,0,100.0,100.0,0.0,0.0
2026-06-04,checkout/pack-permis-complet,6,6,4,4,0,66.7,100.0,0.0,0.0
2026-06-04,product/conduite-accompagnee-boite-automatique-first,5,4,4,4,2,100.0,100.0,50.0,50.0
2026-06-04,checkout/pack-permis-complet-sans-code,4,4,4,4,0,100.0,100.0,0.0,0.0
2026-06-04,infocards,0,0,0,0,0,0,0,0,0
2026-06-04,checkout/pack-permis-complet-sans-code-lead,3,3,3,2,2,100.0,66.7,66.7,100.0
2026-06-04,checkout/pack-permis-complet-boite-automatique,2,2,2,2,0,100.0,100.0,0.0,0.0
2026-06-04,checkout/pack-permis-complet-revolut,4,3,3,2,1,100.0,66.7,33.3,50.0
2026-06-04,checkout/pack-permis-complet-boite-automatique-sans-code-lead,2,2,2,2,2,100.0,100.0,100.0,100.0
2026-06-04,checkout/pack-5h,0,0,0,0,0,0,0,0,0
2026-06-04,checkout/conduite-accompagnee-first,0,0,0,0,0,0,0,0,0
2026-06-04,checkout/pack-permis-complet-boite-automatique-sans-code,0,0,0,0,0,0,0,0,0
2026-06-04,checkout/pack-5h-boite-automatique,3,2,2,2,0,100.0,100.0,0.0,0.0
2026-06-04,product/rendez-vous-pedagogiques,2,2,2,2,0,100.0,100.0,0.0,0.0
2026-06-04,checkout/pack-10h,1,1,1,0,0,100.0,0.0,0.0,0
2026-06-04,checkout/pack-permis-complet-boite-automatique-revolut,0,0,0,0,0,0,0,0,0
2026-06-04,chatbot_support,0,0,0,0,0,0,0,0,0
2026-06-04,product/pack-permis-casa-nord-france,0,0,0,0,0,0,0,0,0
2026-06-04,home_widget,0,0,0,0,0,0,0,0,0
2026-06-04,checkout/pack-10h-boite-automatique,0,0,0,0,0,0,0,0,0
2026-06-04,checkout/pack-20h,1,1,1,1,0,100.0,100.0,0.0,0.0
2026-06-04,checkout/conduite-accompagnee-boite-automatique-first,0,0,0,0,0,0,0,0,0
2026-06-04,product/pack-permis-boite-automatique-casa-nord-france,0,0,0,0,0,0,0,0,0
2026-06-04,product/rendez-vous-pedagogiques-automatique,0,0,0,0,0,0,0,0,0
2026-06-04,checkout/pack-permis-complet-boite-automatique-sans-code-et-reussite-conduite-plus,0,0,0,0,0,0,0,0,0
2026-06-04,checkout/pack-permis-complet-et-reussite-code-plus,0,0,0,0,0,0,0,0,0
2026-06-04,checkout/pack-permis-casa-nord-france,0,0,0,0,0,0,0,0,0
2026-06-04,checkout/pack-permis-complet-boite-automatique-et-reussite-code-plus,0,0,0,0,0,0,0,0,0
2026-06-04,checkout/rendez-vous-pedagogiques,0,0,0,0,0,0,0,0,0
2026-06-04,checkout/pack-permis-complet-boite-automatique-sans-code-et-reussite-conduite-plus-lead,0,0,0,0,0,0,0,0,0
2026-06-04,checkout/pack-permis-boite-automatique-casa-nord-france,0,0,0,0,0,0,0,0,0
2026-06-04,emailcrm&utm_medium=email&utm_source=crm&utm_campaign=3b74f603-2f61-4df1-9869-4dff5e11d8e9,0,0,0,0,0,0,0,0,0
2026-06-04,permis_widget,0,0,0,0,0,0,0,0,0
2026-06-05,shop,118,95,95,82,19,100.0,86.3,20.0,23.2
2026-06-05,unknown,138,133,131,75,11,98.5,57.3,8.3,14.7
2026-06-05,product/pack-permis-complet,31,26,21,15,7,80.8,71.4,26.9,46.7
2026-06-05,product/pack-permis-complet-sans-code,19,18,17,13,4,94.4,76.5,22.2,30.8
2026-06-05,product/pack-permis-complet-sans-code-lead,30,23,21,18,5,91.3,85.7,21.7,27.8
2026-06-05,product/pack-permis-complet-revolut,24,23,19,12,3,82.6,63.2,13.0,25.0
2026-06-05,product/pack-permis-complet-boite-automatique,21,17,15,12,4,88.2,80.0,23.5,33.3
2026-06-05,emailcrm,48,45,42,30,5,93.3,71.4,11.1,16.7
2026-06-05,product/pack-permis-complet-boite-automatique-sans-code,7,7,7,6,3,100.0,85.7,42.9,50.0
2026-06-05,product/pack-permis-complet-boite-automatique-sans-code-lead,13,11,8,4,0,72.7,50.0,0.0,0.0
2026-06-05,product/pack-5h,10,9,7,6,2,77.8,85.7,22.2,33.3
2026-06-05,product/pack-10h,7,6,6,5,2,100.0,83.3,33.3,40.0
2026-06-05,product/conduite-accompagnee-first,5,5,5,5,1,100.0,100.0,20.0,20.0
2026-06-05,product/pack-20h,10,6,6,4,0,100.0,66.7,0.0,0.0
2026-06-05,product/pack-permis-complet-boite-automatique-revolut,3,1,1,0,0,100.0,0.0,0.0,0
2026-06-05,emailcrmheader,17,13,13,10,1,100.0,76.9,7.7,10.0
2026-06-05,product/pack-5h-boite-automatique,3,3,2,2,1,66.7,100.0,33.3,50.0
2026-06-05,product/pack-10h-boite-automatique,12,9,9,7,3,100.0,77.8,33.3,42.9
2026-06-05,checkout/pack-permis-complet,4,3,3,2,0,100.0,66.7,0.0,0.0
2026-06-05,product/conduite-accompagnee-boite-automatique-first,2,2,2,2,0,100.0,100.0,0.0,0.0
2026-06-05,checkout/pack-permis-complet-sans-code,1,1,0,0,0,0.0,0,0.0,0
2026-06-05,infocards,0,0,0,0,0,0,0,0,0
2026-06-05,checkout/pack-permis-complet-sans-code-lead,1,1,1,1,0,100.0,100.0,0.0,0.0
2026-06-05,checkout/pack-permis-complet-boite-automatique,1,1,1,1,0,100.0,100.0,0.0,0.0
2026-06-05,checkout/pack-permis-complet-revolut,1,1,1,1,0,100.0,100.0,0.0,0.0
2026-06-05,checkout/pack-permis-complet-boite-automatique-sans-code-lead,3,2,2,2,2,100.0,100.0,100.0,100.0
2026-06-05,checkout/pack-5h,0,0,0,0,0,0,0,0,0
2026-06-05,checkout/conduite-accompagnee-first,1,1,1,1,0,100.0,100.0,0.0,0.0
2026-06-05,checkout/pack-permis-complet-boite-automatique-sans-code,1,1,1,0,0,100.0,0.0,0.0,0
2026-06-05,checkout/pack-5h-boite-automatique,0,0,0,0,0,0,0,0,0
2026-06-05,product/rendez-vous-pedagogiques,0,0,0,0,0,0,0,0,0
2026-06-05,checkout/pack-10h,2,2,2,2,0,100.0,100.0,0.0,0.0
2026-06-05,checkout/pack-permis-complet-boite-automatique-revolut,0,0,0,0,0,0,0,0,0
2026-06-05,chatbot_support,0,0,0,0,0,0,0,0,0
2026-06-05,product/pack-permis-casa-nord-france,0,0,0,0,0,0,0,0,0
2026-06-05,home_widget,0,0,0,0,0,0,0,0,0
2026-06-05,checkout/pack-10h-boite-automatique,0,0,0,0,0,0,0,0,0
2026-06-05,checkout/pack-20h,0,0,0,0,0,0,0,0,0
2026-06-05,checkout/conduite-accompagnee-boite-automatique-first,0,0,0,0,0,0,0,0,0
2026-06-05,product/pack-permis-boite-automatique-casa-nord-france,0,0,0,0,0,0,0,0,0
2026-06-05,product/rendez-vous-pedagogiques-automatique,0,0,0,0,0,0,0,0,0
2026-06-05,checkout/pack-permis-complet-boite-automatique-sans-code-et-reussite-conduite-plus,0,0,0,0,0,0,0,0,0
2026-06-05,checkout/pack-permis-complet-et-reussite-code-plus,0,0,0,0,0,0,0,0,0
2026-06-05,checkout/pack-permis-casa-nord-france,0,0,0,0,0,0,0,0,0
2026-06-05,checkout/pack-permis-complet-boite-automatique-et-reussite-code-plus,0,0,0,0,0,0,0,0,0
2026-06-05,checkout/rendez-vous-pedagogiques,0,0,0,0,0,0,0,0,0
2026-06-05,checkout/pack-permis-complet-boite-automatique-sans-code-et-reussite-conduite-plus-lead,0,0,0,0,0,0,0,0,0
2026-06-05,checkout/pack-permis-boite-automatique-casa-nord-france,0,0,0,0,0,0,0,0,0
2026-06-05,emailcrm&utm_medium=email&utm_source=crm&utm_campaign=3b74f603-2f61-4df1-9869-4dff5e11d8e9,0,0,0,0,0,0,0,0,0
2026-06-05,permis_widget,0,0,0,0,0,0,0,0,0
2026-06-06,shop,75,57,34,30,6,59.6,88.2,10.5,20.0
2026-06-06,unknown,58,55,32,21,3,58.2,65.6,5.5,14.3
2026-06-06,product/pack-permis-complet,13,10,5,2,0,50.0,40.0,0.0,0.0
2026-06-06,product/pack-permis-complet-sans-code,10,9,4,4,2,44.4,100.0,22.2,50.0
2026-06-06,product/pack-permis-complet-sans-code-lead,14,11,8,7,3,72.7,87.5,27.3,42.9
2026-06-06,product/pack-permis-complet-revolut,19,17,10,8,2,58.8,80.0,11.8,25.0
2026-06-06,product/pack-permis-complet-boite-automatique,9,6,2,2,2,33.3,100.0,33.3,100.0
2026-06-06,emailcrm,20,19,8,6,2,42.1,75.0,10.5,33.3
2026-06-06,product/pack-permis-complet-boite-automatique-sans-code,6,5,2,2,1,40.0,100.0,20.0,50.0
2026-06-06,product/pack-permis-complet-boite-automatique-sans-code-lead,8,7,5,4,1,71.4,80.0,14.3,25.0
2026-06-06,product/pack-5h,7,5,2,2,0,40.0,100.0,0.0,0.0
2026-06-06,product/pack-10h,1,1,1,1,0,100.0,100.0,0.0,0.0
2026-06-06,product/conduite-accompagnee-first,10,10,5,4,3,50.0,80.0,30.0,75.0
2026-06-06,product/pack-20h,5,1,0,0,0,0.0,0,0.0,0
2026-06-06,product/pack-permis-complet-boite-automatique-revolut,3,3,3,2,1,100.0,66.7,33.3,50.0
2026-06-06,emailcrmheader,6,6,4,2,0,66.7,50.0,0.0,0.0
2026-06-06,product/pack-5h-boite-automatique,1,1,0,0,0,0.0,0,0.0,0
2026-06-06,product/pack-10h-boite-automatique,2,2,1,0,0,50.0,0.0,0.0,0
2026-06-06,checkout/pack-permis-complet,1,1,0,0,0,0.0,0,0.0,0
2026-06-06,product/conduite-accompagnee-boite-automatique-first,2,2,2,1,1,100.0,50.0,50.0,100.0
2026-06-06,checkout/pack-permis-complet-sans-code,1,1,0,0,0,0.0,0,0.0,0
2026-06-06,infocards,0,0,0,0,0,0,0,0,0
2026-06-06,checkout/pack-permis-complet-sans-code-lead,0,0,0,0,0,0,0,0,0
2026-06-06,checkout/pack-permis-complet-boite-automatique,0,0,0,0,0,0,0,0,0
2026-06-06,checkout/pack-permis-complet-revolut,1,1,1,1,1,100.0,100.0,100.0,100.0
2026-06-06,checkout/pack-permis-complet-boite-automatique-sans-code-lead,2,2,1,1,1,50.0,100.0,50.0,100.0
2026-06-06,checkout/pack-5h,2,2,1,1,1,50.0,100.0,50.0,100.0
2026-06-06,checkout/conduite-accompagnee-first,2,2,1,1,0,50.0,100.0,0.0,0.0
2026-06-06,checkout/pack-permis-complet-boite-automatique-sans-code,1,1,0,0,0,0.0,0,0.0,0
2026-06-06,checkout/pack-5h-boite-automatique,1,1,0,0,0,0.0,0,0.0,0
2026-06-06,product/rendez-vous-pedagogiques,0,0,0,0,0,0,0,0,0
2026-06-06,checkout/pack-10h,1,1,1,0,0,100.0,0.0,0.0,0
2026-06-06,checkout/pack-permis-complet-boite-automatique-revolut,0,0,0,0,0,0,0,0,0
2026-06-06,chatbot_support,0,0,0,0,0,0,0,0,0
2026-06-06,product/pack-permis-casa-nord-france,0,0,0,0,0,0,0,0,0
2026-06-06,home_widget,0,0,0,0,0,0,0,0,0
2026-06-06,checkout/pack-10h-boite-automatique,0,0,0,0,0,0,0,0,0
2026-06-06,checkout/pack-20h,0,0,0,0,0,0,0,0,0
2026-06-06,checkout/conduite-accompagnee-boite-automatique-first,0,0,0,0,0,0,0,0,0
2026-06-06,product/pack-permis-boite-automatique-casa-nord-france,0,0,0,0,0,0,0,0,0
2026-06-06,product/rendez-vous-pedagogiques-automatique,0,0,0,0,0,0,0,0,0
2026-06-06,checkout/pack-permis-complet-boite-automatique-sans-code-et-reussite-conduite-plus,0,0,0,0,0,0,0,0,0
2026-06-06,checkout/pack-permis-complet-et-reussite-code-plus,0,0,0,0,0,0,0,0,0
2026-06-06,checkout/pack-permis-casa-nord-france,0,0,0,0,0,0,0,0,0
2026-06-06,checkout/pack-permis-complet-boite-automatique-et-reussite-code-plus,0,0,0,0,0,0,0,0,0
2026-06-06,checkout/rendez-vous-pedagogiques,0,0,0,0,0,0,0,0,0
2026-06-06,checkout/pack-permis-complet-boite-automatique-sans-code-et-reussite-conduite-plus-lead,0,0,0,0,0,0,0,0,0
2026-06-06,checkout/pack-permis-boite-automatique-casa-nord-france,0,0,0,0,0,0,0,0,0
2026-06-06,emailcrm&utm_medium=email&utm_source=crm&utm_campaign=3b74f603-2f61-4df1-9869-4dff5e11d8e9,0,0,0,0,0,0,0,0,0
2026-06-06,permis_widget,0,0,0,0,0,0,0,0,0
